model,N,K,M,m_tile,step,step_name,protocol,latency_us_p50,latency_us_p30,bandwidth_gbps,pct_of_spec_peak,clocks_sm_mhz,rel_l2,pass,config
deepseek_v4_pro,7168,16384,1,8,0,baseline,B2B,45.2096,45.2006,2598.369,0.649592,1830,1.682975e-03,1,M_TILE=8;BM=64;WG=4;REG=112;STG=2;TILES=1;SUBS=1;PREPACK=0;PDL=0;EPI=0;SPLITK=0;PR=32;SPW=0;PLA=0;SISM=1
deepseek_v4_pro,7168,16384,1,8,0,baseline,ISO,57.2800,56.7680,2050.825,0.512706,1830,1.682975e-03,1,M_TILE=8;BM=64;WG=4;REG=112;STG=2;TILES=1;SUBS=1;PREPACK=0;PDL=0;EPI=0;SPLITK=0;PR=32;SPW=0;PLA=0;SISM=1
deepseek_v4_pro,7168,16384,1,8,0,baseline,PDL,43.6365,43.6013,2692.042,0.673010,1830,1.682975e-03,1,M_TILE=8;BM=64;WG=4;REG=112;STG=2;TILES=1;SUBS=1;PREPACK=0;PDL=0;EPI=0;SPLITK=0;PR=32;SPW=0;PLA=0;SISM=1
deepseek_v4_pro,7168,16384,2,8,0,baseline,B2B,47.1475,47.1238,2492.219,0.623055,1830,1.681628e-03,1,M_TILE=8;BM=64;WG=4;REG=112;STG=2;TILES=1;SUBS=1;PREPACK=0;PDL=0;EPI=0;SPLITK=0;PR=32;SPW=0;PLA=0;SISM=1
deepseek_v4_pro,7168,16384,2,8,0,baseline,ISO,58.9760,58.4960,1992.369,0.498092,1830,1.681628e-03,1,M_TILE=8;BM=64;WG=4;REG=112;STG=2;TILES=1;SUBS=1;PREPACK=0;PDL=0;EPI=0;SPLITK=0;PR=32;SPW=0;PLA=0;SISM=1
deepseek_v4_pro,7168,16384,2,8,0,baseline,PDL,45.5949,45.5520,2577.087,0.644272,1830,1.681628e-03,1,M_TILE=8;BM=64;WG=4;REG=112;STG=2;TILES=1;SUBS=1;PREPACK=0;PDL=0;EPI=0;SPLITK=0;PR=32;SPW=0;PLA=0;SISM=1
deepseek_v4_pro,7168,16384,4,8,0,baseline,B2B,47.5469,47.4854,2472.579,0.618145,1830,1.670621e-03,1,M_TILE=8;BM=64;WG=4;REG=112;STG=2;TILES=1;SUBS=1;PREPACK=0;PDL=0;EPI=0;SPLITK=0;PR=32;SPW=0;PLA=0;SISM=1
deepseek_v4_pro,7168,16384,4,8,0,baseline,ISO,59.1360,58.5600,1988.017,0.497004,1830,1.670621e-03,1,M_TILE=8;BM=64;WG=4;REG=112;STG=2;TILES=1;SUBS=1;PREPACK=0;PDL=0;EPI=0;SPLITK=0;PR=32;SPW=0;PLA=0;SISM=1
deepseek_v4_pro,7168,16384,4,8,0,baseline,PDL,45.9552,45.9258,2558.217,0.639554,1830,1.670621e-03,1,M_TILE=8;BM=64;WG=4;REG=112;STG=2;TILES=1;SUBS=1;PREPACK=0;PDL=0;EPI=0;SPLITK=0;PR=32;SPW=0;PLA=0;SISM=1
deepseek_v4_pro,7168,16384,8,8,0,baseline,B2B,48.0000,47.9910,2451.797,0.612949,1830,1.670905e-03,1,M_TILE=8;BM=64;WG=4;REG=112;STG=2;TILES=1;SUBS=1;PREPACK=0;PDL=0;EPI=0;SPLITK=0;PR=32;SPW=0;PLA=0;SISM=1
deepseek_v4_pro,7168,16384,8,8,0,baseline,ISO,60.0640,59.6480,1959.348,0.489837,1830,1.670905e-03,1,M_TILE=8;BM=64;WG=4;REG=112;STG=2;TILES=1;SUBS=1;PREPACK=0;PDL=0;EPI=0;SPLITK=0;PR=32;SPW=0;PLA=0;SISM=1
deepseek_v4_pro,7168,16384,8,8,0,baseline,PDL,46.3712,46.3187,2537.917,0.634479,1830,1.670905e-03,1,M_TILE=8;BM=64;WG=4;REG=112;STG=2;TILES=1;SUBS=1;PREPACK=0;PDL=0;EPI=0;SPLITK=0;PR=32;SPW=0;PLA=0;SISM=1
deepseek_v4_pro,7168,16384,16,16,0,baseline,B2B,56.4262,56.3168,2090.021,0.522505,1830,1.669845e-03,1,M_TILE=16;BM=56;WG=2;REG=112;STG=2;TILES=2;SUBS=2;PREPACK=0;PDL=0;EPI=0;SPLITK=0;PR=32;SPW=0;PLA=0;SISM=1
deepseek_v4_pro,7168,16384,16,16,0,baseline,ISO,67.7760,67.2960,1740.026,0.435007,1830,1.669845e-03,1,M_TILE=16;BM=56;WG=2;REG=112;STG=2;TILES=2;SUBS=2;PREPACK=0;PDL=0;EPI=0;SPLITK=0;PR=32;SPW=0;PLA=0;SISM=1
deepseek_v4_pro,7168,16384,16,16,0,baseline,PDL,54.7379,54.7341,2154.485,0.538621,1830,1.669845e-03,1,M_TILE=16;BM=56;WG=2;REG=112;STG=2;TILES=2;SUBS=2;PREPACK=0;PDL=0;EPI=0;SPLITK=0;PR=32;SPW=0;PLA=0;SISM=1
deepseek_v4_pro,7168,16384,32,32,0,baseline,B2B,87.9162,87.7696,1347.005,0.336751,1830,1.670198e-03,1,M_TILE=32;BM=56;WG=2;REG=168;STG=2;TILES=2;SUBS=2;PREPACK=0;PDL=0;EPI=0;SPLITK=0;PR=32;SPW=0;PLA=0;SISM=0
deepseek_v4_pro,7168,16384,32,32,0,baseline,ISO,92.3840,91.9360,1281.862,0.320466,1830,1.670198e-03,1,M_TILE=32;BM=56;WG=2;REG=168;STG=2;TILES=2;SUBS=2;PREPACK=0;PDL=0;EPI=0;SPLITK=0;PR=32;SPW=0;PLA=0;SISM=0
deepseek_v4_pro,7168,16384,32,32,0,baseline,PDL,86.3283,86.3213,1371.781,0.342945,1830,1.670198e-03,1,M_TILE=32;BM=56;WG=2;REG=168;STG=2;TILES=2;SUBS=2;PREPACK=0;PDL=0;EPI=0;SPLITK=0;PR=32;SPW=0;PLA=0;SISM=0
deepseek_v4_pro,7168,16384,64,64,0,baseline,B2B,201.5552,201.5277,592.426,0.148107,1830,1.670279e-03,1,M_TILE=64;BM=56;WG=2;REG=168;STG=2;TILES=2;SUBS=2;PREPACK=0;PDL=0;EPI=0;SPLITK=0;PR=32;SPW=0;PLA=0;SISM=0
deepseek_v4_pro,7168,16384,64,64,0,baseline,ISO,207.4560,206.9440,575.576,0.143894,1830,1.670279e-03,1,M_TILE=64;BM=56;WG=2;REG=168;STG=2;TILES=2;SUBS=2;PREPACK=0;PDL=0;EPI=0;SPLITK=0;PR=32;SPW=0;PLA=0;SISM=0
deepseek_v4_pro,7168,16384,64,64,0,baseline,PDL,200.1626,199.8598,596.548,0.149137,1830,1.670279e-03,1,M_TILE=64;BM=56;WG=2;REG=168;STG=2;TILES=2;SUBS=2;PREPACK=0;PDL=0;EPI=0;SPLITK=0;PR=32;SPW=0;PLA=0;SISM=0
deepseek_v4_pro,7168,16384,128,128,0,baseline,B2B,349.9270,349.8150,346.851,0.086713,1830,1.668760e-03,1,M_TILE=128;BM=56;WG=2;REG=168;STG=2;TILES=2;SUBS=1;PREPACK=0;PDL=0;EPI=0;SPLITK=0;PR=32;SPW=0;PLA=0;SISM=0
deepseek_v4_pro,7168,16384,128,128,0,baseline,ISO,355.8080,354.9760,341.118,0.085280,1830,1.668760e-03,1,M_TILE=128;BM=56;WG=2;REG=168;STG=2;TILES=2;SUBS=1;PREPACK=0;PDL=0;EPI=0;SPLITK=0;PR=32;SPW=0;PLA=0;SISM=0
deepseek_v4_pro,7168,16384,128,128,0,baseline,PDL,349.6135,349.1341,347.162,0.086791,1830,1.668760e-03,1,M_TILE=128;BM=56;WG=2;REG=168;STG=2;TILES=2;SUBS=1;PREPACK=0;PDL=0;EPI=0;SPLITK=0;PR=32;SPW=0;PLA=0;SISM=0
deepseek_v4_pro,7168,16384,1,8,1,pdl,B2B,45.2403,45.2070,2596.605,0.649151,1830,1.682975e-03,1,M_TILE=8;BM=64;WG=4;REG=112;STG=2;TILES=1;SUBS=1;PREPACK=0;PDL=1;EPI=0;SPLITK=0;PR=32;SPW=0;PLA=0;SISM=1
deepseek_v4_pro,7168,16384,1,8,1,pdl,ISO,57.1200,56.8000,2056.569,0.514142,1830,1.682975e-03,1,M_TILE=8;BM=64;WG=4;REG=112;STG=2;TILES=1;SUBS=1;PREPACK=0;PDL=1;EPI=0;SPLITK=0;PR=32;SPW=0;PLA=0;SISM=1
deepseek_v4_pro,7168,16384,1,8,1,pdl,PDL,42.5376,42.5318,2761.586,0.690396,1830,1.682975e-03,1,M_TILE=8;BM=64;WG=4;REG=112;STG=2;TILES=1;SUBS=1;PREPACK=0;PDL=1;EPI=0;SPLITK=0;PR=32;SPW=0;PLA=0;SISM=1
deepseek_v4_pro,7168,16384,2,8,1,pdl,B2B,47.5386,47.5360,2471.719,0.617930,1830,1.681628e-03,1,M_TILE=8;BM=64;WG=4;REG=112;STG=2;TILES=1;SUBS=1;PREPACK=0;PDL=1;EPI=0;SPLITK=0;PR=32;SPW=0;PLA=0;SISM=1
deepseek_v4_pro,7168,16384,2,8,1,pdl,ISO,59.2320,58.7200,1983.758,0.495939,1830,1.681628e-03,1,M_TILE=8;BM=64;WG=4;REG=112;STG=2;TILES=1;SUBS=1;PREPACK=0;PDL=1;EPI=0;SPLITK=0;PR=32;SPW=0;PLA=0;SISM=1
deepseek_v4_pro,7168,16384,2,8,1,pdl,PDL,44.0806,44.0627,2665.614,0.666403,1830,1.681628e-03,1,M_TILE=8;BM=64;WG=4;REG=112;STG=2;TILES=1;SUBS=1;PREPACK=0;PDL=1;EPI=0;SPLITK=0;PR=32;SPW=0;PLA=0;SISM=1
deepseek_v4_pro,7168,16384,4,8,1,pdl,B2B,47.8682,47.8573,2455.983,0.613996,1830,1.670621e-03,1,M_TILE=8;BM=64;WG=4;REG=112;STG=2;TILES=1;SUBS=1;PREPACK=0;PDL=1;EPI=0;SPLITK=0;PR=32;SPW=0;PLA=0;SISM=1
deepseek_v4_pro,7168,16384,4,8,1,pdl,ISO,59.4880,59.1360,1976.254,0.494063,1830,1.670621e-03,1,M_TILE=8;BM=64;WG=4;REG=112;STG=2;TILES=1;SUBS=1;PREPACK=0;PDL=1;EPI=0;SPLITK=0;PR=32;SPW=0;PLA=0;SISM=1
deepseek_v4_pro,7168,16384,4,8,1,pdl,PDL,44.3462,44.3155,2651.034,0.662758,1830,1.670621e-03,1,M_TILE=8;BM=64;WG=4;REG=112;STG=2;TILES=1;SUBS=1;PREPACK=0;PDL=1;EPI=0;SPLITK=0;PR=32;SPW=0;PLA=0;SISM=1
deepseek_v4_pro,7168,16384,8,8,1,pdl,B2B,48.2195,48.1286,2440.636,0.610159,1830,1.670905e-03,1,M_TILE=8;BM=64;WG=4;REG=112;STG=2;TILES=1;SUBS=1;PREPACK=0;PDL=1;EPI=0;SPLITK=0;PR=32;SPW=0;PLA=0;SISM=1
deepseek_v4_pro,7168,16384,8,8,1,pdl,ISO,60.2880,59.4560,1952.068,0.488017,1830,1.670905e-03,1,M_TILE=8;BM=64;WG=4;REG=112;STG=2;TILES=1;SUBS=1;PREPACK=0;PDL=1;EPI=0;SPLITK=0;PR=32;SPW=0;PLA=0;SISM=1
deepseek_v4_pro,7168,16384,8,8,1,pdl,PDL,44.7098,44.5997,2632.228,0.658057,1830,1.670905e-03,1,M_TILE=8;BM=64;WG=4;REG=112;STG=2;TILES=1;SUBS=1;PREPACK=0;PDL=1;EPI=0;SPLITK=0;PR=32;SPW=0;PLA=0;SISM=1
deepseek_v4_pro,7168,16384,16,16,1,pdl,B2B,56.1261,56.1011,2101.198,0.525300,1830,1.669845e-03,1,M_TILE=16;BM=56;WG=2;REG=112;STG=2;TILES=2;SUBS=2;PREPACK=0;PDL=1;EPI=0;SPLITK=0;PR=32;SPW=0;PLA=0;SISM=1
deepseek_v4_pro,7168,16384,16,16,1,pdl,ISO,67.8080,67.4880,1739.205,0.434801,1830,1.669845e-03,1,M_TILE=16;BM=56;WG=2;REG=112;STG=2;TILES=2;SUBS=2;PREPACK=0;PDL=1;EPI=0;SPLITK=0;PR=32;SPW=0;PLA=0;SISM=1
deepseek_v4_pro,7168,16384,16,16,1,pdl,PDL,54.0928,54.0915,2180.180,0.545045,1830,1.669845e-03,1,M_TILE=16;BM=56;WG=2;REG=112;STG=2;TILES=2;SUBS=2;PREPACK=0;PDL=1;EPI=0;SPLITK=0;PR=32;SPW=0;PLA=0;SISM=1
deepseek_v4_pro,7168,16384,32,32,1,pdl,B2B,88.0218,87.9366,1345.389,0.336347,1830,1.670198e-03,1,M_TILE=32;BM=56;WG=2;REG=168;STG=2;TILES=2;SUBS=2;PREPACK=0;PDL=1;EPI=0;SPLITK=0;PR=32;SPW=0;PLA=0;SISM=0
deepseek_v4_pro,7168,16384,32,32,1,pdl,ISO,92.7680,92.4480,1276.556,0.319139,1830,1.670198e-03,1,M_TILE=32;BM=56;WG=2;REG=168;STG=2;TILES=2;SUBS=2;PREPACK=0;PDL=1;EPI=0;SPLITK=0;PR=32;SPW=0;PLA=0;SISM=0
deepseek_v4_pro,7168,16384,32,32,1,pdl,PDL,85.4739,85.4618,1385.493,0.346373,1830,1.670198e-03,1,M_TILE=32;BM=56;WG=2;REG=168;STG=2;TILES=2;SUBS=2;PREPACK=0;PDL=1;EPI=0;SPLITK=0;PR=32;SPW=0;PLA=0;SISM=0
deepseek_v4_pro,7168,16384,64,64,1,pdl,B2B,200.6566,200.3258,595.079,0.148770,1830,1.670279e-03,1,M_TILE=64;BM=56;WG=2;REG=168;STG=2;TILES=2;SUBS=2;PREPACK=0;PDL=1;EPI=0;SPLITK=0;PR=32;SPW=0;PLA=0;SISM=0
deepseek_v4_pro,7168,16384,64,64,1,pdl,ISO,206.1760,205.2480,579.149,0.144787,1830,1.670279e-03,1,M_TILE=64;BM=56;WG=2;REG=168;STG=2;TILES=2;SUBS=2;PREPACK=0;PDL=1;EPI=0;SPLITK=0;PR=32;SPW=0;PLA=0;SISM=0
deepseek_v4_pro,7168,16384,64,64,1,pdl,PDL,189.2589,189.0304,630.917,0.157729,1830,1.670279e-03,1,M_TILE=64;BM=56;WG=2;REG=168;STG=2;TILES=2;SUBS=2;PREPACK=0;PDL=1;EPI=0;SPLITK=0;PR=32;SPW=0;PLA=0;SISM=0
deepseek_v4_pro,7168,16384,128,128,1,pdl,B2B,349.0150,348.5254,347.758,0.086939,1830,1.668760e-03,1,M_TILE=128;BM=56;WG=2;REG=168;STG=2;TILES=2;SUBS=1;PREPACK=0;PDL=1;EPI=0;SPLITK=0;PR=32;SPW=0;PLA=0;SISM=0
deepseek_v4_pro,7168,16384,128,128,1,pdl,ISO,355.0400,352.9920,341.856,0.085464,1830,1.668760e-03,1,M_TILE=128;BM=56;WG=2;REG=168;STG=2;TILES=2;SUBS=1;PREPACK=0;PDL=1;EPI=0;SPLITK=0;PR=32;SPW=0;PLA=0;SISM=0
deepseek_v4_pro,7168,16384,128,128,1,pdl,PDL,341.5520,341.5008,355.356,0.088839,1830,1.668760e-03,1,M_TILE=128;BM=56;WG=2;REG=168;STG=2;TILES=2;SUBS=1;PREPACK=0;PDL=1;EPI=0;SPLITK=0;PR=32;SPW=0;PLA=0;SISM=0
deepseek_v4_pro,7168,16384,1,8,2,blockk,B2B,40.3578,40.3098,2910.747,0.727687,1830,1.682975e-03,1,M_TILE=8;BM=64;WG=4;REG=112;STG=2;TILES=1;SUBS=2;PREPACK=0;PDL=1;EPI=0;SPLITK=0;PR=32;SPW=0;PLA=0;SISM=1
deepseek_v4_pro,7168,16384,1,8,2,blockk,ISO,50.8160,50.3680,2311.698,0.577924,1830,1.682975e-03,1,M_TILE=8;BM=64;WG=4;REG=112;STG=2;TILES=1;SUBS=2;PREPACK=0;PDL=1;EPI=0;SPLITK=0;PR=32;SPW=0;PLA=0;SISM=1
deepseek_v4_pro,7168,16384,1,8,2,blockk,PDL,36.6835,36.6643,3202.289,0.800572,1830,1.682975e-03,1,M_TILE=8;BM=64;WG=4;REG=112;STG=2;TILES=1;SUBS=2;PREPACK=0;PDL=1;EPI=0;SPLITK=0;PR=32;SPW=0;PLA=0;SISM=1
deepseek_v4_pro,7168,16384,2,8,2,blockk,B2B,41.9718,41.8765,2799.542,0.699886,1830,1.681628e-03,1,M_TILE=8;BM=64;WG=4;REG=112;STG=2;TILES=1;SUBS=2;PREPACK=0;PDL=1;EPI=0;SPLITK=0;PR=32;SPW=0;PLA=0;SISM=1
deepseek_v4_pro,7168,16384,2,8,2,blockk,ISO,52.7360,51.9680,2228.117,0.557029,1830,1.681628e-03,1,M_TILE=8;BM=64;WG=4;REG=112;STG=2;TILES=1;SUBS=2;PREPACK=0;PDL=1;EPI=0;SPLITK=0;PR=32;SPW=0;PLA=0;SISM=1
deepseek_v4_pro,7168,16384,2,8,2,blockk,PDL,37.4208,37.4093,3140.017,0.785004,1830,1.681628e-03,1,M_TILE=8;BM=64;WG=4;REG=112;STG=2;TILES=1;SUBS=2;PREPACK=0;PDL=1;EPI=0;SPLITK=0;PR=32;SPW=0;PLA=0;SISM=1
deepseek_v4_pro,7168,16384,4,8,2,blockk,B2B,42.3392,42.3078,2776.703,0.694176,1830,1.670615e-03,1,M_TILE=8;BM=64;WG=4;REG=112;STG=2;TILES=1;SUBS=2;PREPACK=0;PDL=1;EPI=0;SPLITK=0;PR=32;SPW=0;PLA=0;SISM=1
deepseek_v4_pro,7168,16384,4,8,2,blockk,ISO,52.7680,52.5120,2227.930,0.556982,1830,1.670615e-03,1,M_TILE=8;BM=64;WG=4;REG=112;STG=2;TILES=1;SUBS=2;PREPACK=0;PDL=1;EPI=0;SPLITK=0;PR=32;SPW=0;PLA=0;SISM=1
deepseek_v4_pro,7168,16384,4,8,2,blockk,PDL,37.5859,37.5578,3127.857,0.781964,1830,1.670615e-03,1,M_TILE=8;BM=64;WG=4;REG=112;STG=2;TILES=1;SUBS=2;PREPACK=0;PDL=1;EPI=0;SPLITK=0;PR=32;SPW=0;PLA=0;SISM=1
deepseek_v4_pro,7168,16384,8,8,2,blockk,B2B,42.6541,42.6182,2759.086,0.689771,1830,1.670902e-03,1,M_TILE=8;BM=64;WG=4;REG=112;STG=2;TILES=1;SUBS=2;PREPACK=0;PDL=1;EPI=0;SPLITK=0;PR=32;SPW=0;PLA=0;SISM=1
deepseek_v4_pro,7168,16384,8,8,2,blockk,ISO,53.1200,52.9920,2215.480,0.553870,1830,1.670902e-03,1,M_TILE=8;BM=64;WG=4;REG=112;STG=2;TILES=1;SUBS=2;PREPACK=0;PDL=1;EPI=0;SPLITK=0;PR=32;SPW=0;PLA=0;SISM=1
deepseek_v4_pro,7168,16384,8,8,2,blockk,PDL,38.2054,38.1754,3080.354,0.770088,1830,1.670902e-03,1,M_TILE=8;BM=64;WG=4;REG=112;STG=2;TILES=1;SUBS=2;PREPACK=0;PDL=1;EPI=0;SPLITK=0;PR=32;SPW=0;PLA=0;SISM=1
deepseek_v4_pro,7168,16384,16,16,2,blockk,B2B,56.1050,56.0806,2101.989,0.525497,1830,1.669845e-03,1,M_TILE=16;BM=56;WG=2;REG=112;STG=2;TILES=2;SUBS=2;PREPACK=0;PDL=1;EPI=0;SPLITK=0;PR=32;SPW=0;PLA=0;SISM=1
deepseek_v4_pro,7168,16384,16,16,2,blockk,ISO,67.7760,67.5520,1740.026,0.435007,1830,1.669845e-03,1,M_TILE=16;BM=56;WG=2;REG=112;STG=2;TILES=2;SUBS=2;PREPACK=0;PDL=1;EPI=0;SPLITK=0;PR=32;SPW=0;PLA=0;SISM=1
deepseek_v4_pro,7168,16384,16,16,2,blockk,PDL,54.0941,54.0710,2180.128,0.545032,1830,1.669845e-03,1,M_TILE=16;BM=56;WG=2;REG=112;STG=2;TILES=2;SUBS=2;PREPACK=0;PDL=1;EPI=0;SPLITK=0;PR=32;SPW=0;PLA=0;SISM=1
deepseek_v4_pro,7168,16384,32,32,2,blockk,B2B,87.9309,87.9264,1346.780,0.336695,1830,1.670198e-03,1,M_TILE=32;BM=56;WG=2;REG=168;STG=2;TILES=2;SUBS=2;PREPACK=0;PDL=1;EPI=0;SPLITK=0;PR=32;SPW=0;PLA=0;SISM=0
deepseek_v4_pro,7168,16384,32,32,2,blockk,ISO,92.8640,92.3520,1275.236,0.318809,1830,1.670198e-03,1,M_TILE=32;BM=56;WG=2;REG=168;STG=2;TILES=2;SUBS=2;PREPACK=0;PDL=1;EPI=0;SPLITK=0;PR=32;SPW=0;PLA=0;SISM=0
deepseek_v4_pro,7168,16384,32,32,2,blockk,PDL,85.4362,85.4067,1386.106,0.346526,1830,1.670198e-03,1,M_TILE=32;BM=56;WG=2;REG=168;STG=2;TILES=2;SUBS=2;PREPACK=0;PDL=1;EPI=0;SPLITK=0;PR=32;SPW=0;PLA=0;SISM=0
deepseek_v4_pro,7168,16384,64,64,2,blockk,B2B,199.9686,199.9565,597.127,0.149282,1830,1.670279e-03,1,M_TILE=64;BM=56;WG=2;REG=168;STG=2;TILES=2;SUBS=2;PREPACK=0;PDL=1;EPI=0;SPLITK=0;PR=32;SPW=0;PLA=0;SISM=0
deepseek_v4_pro,7168,16384,64,64,2,blockk,ISO,205.8560,204.8960,580.049,0.145012,1830,1.670279e-03,1,M_TILE=64;BM=56;WG=2;REG=168;STG=2;TILES=2;SUBS=2;PREPACK=0;PDL=1;EPI=0;SPLITK=0;PR=32;SPW=0;PLA=0;SISM=0
deepseek_v4_pro,7168,16384,64,64,2,blockk,PDL,188.2694,187.9936,634.232,0.158558,1830,1.670279e-03,1,M_TILE=64;BM=56;WG=2;REG=168;STG=2;TILES=2;SUBS=2;PREPACK=0;PDL=1;EPI=0;SPLITK=0;PR=32;SPW=0;PLA=0;SISM=0
deepseek_v4_pro,7168,16384,128,128,2,blockk,B2B,348.6599,348.6394,348.112,0.087028,1830,1.668760e-03,1,M_TILE=128;BM=56;WG=2;REG=168;STG=2;TILES=2;SUBS=1;PREPACK=0;PDL=1;EPI=0;SPLITK=0;PR=32;SPW=0;PLA=0;SISM=0
deepseek_v4_pro,7168,16384,128,128,2,blockk,ISO,354.8800,352.8960,342.010,0.085503,1830,1.668760e-03,1,M_TILE=128;BM=56;WG=2;REG=168;STG=2;TILES=2;SUBS=1;PREPACK=0;PDL=1;EPI=0;SPLITK=0;PR=32;SPW=0;PLA=0;SISM=0
deepseek_v4_pro,7168,16384,128,128,2,blockk,PDL,341.7735,341.2333,355.126,0.088782,1830,1.668760e-03,1,M_TILE=128;BM=56;WG=2;REG=168;STG=2;TILES=2;SUBS=1;PREPACK=0;PDL=1;EPI=0;SPLITK=0;PR=32;SPW=0;PLA=0;SISM=0
deepseek_v4_pro,7168,16384,1,8,3,prepack,B2B,40.3763,40.3181,2909.409,0.727352,1830,1.682975e-03,1,M_TILE=8;BM=64;WG=4;REG=112;STG=2;TILES=1;SUBS=2;PREPACK=1;PDL=1;EPI=0;SPLITK=0;PR=32;SPW=0;PLA=0;SISM=1
deepseek_v4_pro,7168,16384,1,8,3,prepack,ISO,51.1360,50.5280,2297.232,0.574308,1830,1.682975e-03,1,M_TILE=8;BM=64;WG=4;REG=112;STG=2;TILES=1;SUBS=2;PREPACK=1;PDL=1;EPI=0;SPLITK=0;PR=32;SPW=0;PLA=0;SISM=1
deepseek_v4_pro,7168,16384,1,8,3,prepack,PDL,36.8614,36.7450,3186.832,0.796708,1830,1.682975e-03,1,M_TILE=8;BM=64;WG=4;REG=112;STG=2;TILES=1;SUBS=2;PREPACK=1;PDL=1;EPI=0;SPLITK=0;PR=32;SPW=0;PLA=0;SISM=1
deepseek_v4_pro,7168,16384,2,8,3,prepack,B2B,41.5814,41.5315,2825.827,0.706457,1830,1.681628e-03,1,M_TILE=8;BM=64;WG=4;REG=112;STG=2;TILES=1;SUBS=2;PREPACK=1;PDL=1;EPI=0;SPLITK=0;PR=32;SPW=0;PLA=0;SISM=1
deepseek_v4_pro,7168,16384,2,8,3,prepack,ISO,52.1600,51.7440,2252.722,0.563180,1830,1.681628e-03,1,M_TILE=8;BM=64;WG=4;REG=112;STG=2;TILES=1;SUBS=2;PREPACK=1;PDL=1;EPI=0;SPLITK=0;PR=32;SPW=0;PLA=0;SISM=1
deepseek_v4_pro,7168,16384,2,8,3,prepack,PDL,37.2173,37.1334,3157.188,0.789297,1830,1.681628e-03,1,M_TILE=8;BM=64;WG=4;REG=112;STG=2;TILES=1;SUBS=2;PREPACK=1;PDL=1;EPI=0;SPLITK=0;PR=32;SPW=0;PLA=0;SISM=1
deepseek_v4_pro,7168,16384,4,8,3,prepack,B2B,42.0870,42.0467,2793.340,0.698335,1830,1.670615e-03,1,M_TILE=8;BM=64;WG=4;REG=112;STG=2;TILES=1;SUBS=2;PREPACK=1;PDL=1;EPI=0;SPLITK=0;PR=32;SPW=0;PLA=0;SISM=1
deepseek_v4_pro,7168,16384,4,8,3,prepack,ISO,52.7040,52.4480,2230.635,0.557659,1830,1.670615e-03,1,M_TILE=8;BM=64;WG=4;REG=112;STG=2;TILES=1;SUBS=2;PREPACK=1;PDL=1;EPI=0;SPLITK=0;PR=32;SPW=0;PLA=0;SISM=1
deepseek_v4_pro,7168,16384,4,8,3,prepack,PDL,37.2493,37.1814,3156.125,0.789031,1830,1.670615e-03,1,M_TILE=8;BM=64;WG=4;REG=112;STG=2;TILES=1;SUBS=2;PREPACK=1;PDL=1;EPI=0;SPLITK=0;PR=32;SPW=0;PLA=0;SISM=1
deepseek_v4_pro,7168,16384,8,8,3,prepack,B2B,42.9331,42.9222,2741.153,0.685288,1830,1.670902e-03,1,M_TILE=8;BM=64;WG=4;REG=112;STG=2;TILES=1;SUBS=2;PREPACK=1;PDL=1;EPI=0;SPLITK=0;PR=32;SPW=0;PLA=0;SISM=1
deepseek_v4_pro,7168,16384,8,8,3,prepack,ISO,53.0880,52.7040,2216.815,0.554204,1830,1.670902e-03,1,M_TILE=8;BM=64;WG=4;REG=112;STG=2;TILES=1;SUBS=2;PREPACK=1;PDL=1;EPI=0;SPLITK=0;PR=32;SPW=0;PLA=0;SISM=1
deepseek_v4_pro,7168,16384,8,8,3,prepack,PDL,38.1651,38.1363,3083.608,0.770902,1830,1.670902e-03,1,M_TILE=8;BM=64;WG=4;REG=112;STG=2;TILES=1;SUBS=2;PREPACK=1;PDL=1;EPI=0;SPLITK=0;PR=32;SPW=0;PLA=0;SISM=1
deepseek_v4_pro,7168,16384,16,16,3,prepack,B2B,56.3968,56.3322,2091.112,0.522778,1830,1.669845e-03,1,M_TILE=16;BM=56;WG=2;REG=112;STG=2;TILES=2;SUBS=2;PREPACK=1;PDL=1;EPI=0;SPLITK=0;PR=32;SPW=0;PLA=0;SISM=1
deepseek_v4_pro,7168,16384,16,16,3,prepack,ISO,67.2960,66.8800,1752.438,0.438109,1830,1.669845e-03,1,M_TILE=16;BM=56;WG=2;REG=112;STG=2;TILES=2;SUBS=2;PREPACK=1;PDL=1;EPI=0;SPLITK=0;PR=32;SPW=0;PLA=0;SISM=1
deepseek_v4_pro,7168,16384,16,16,3,prepack,PDL,54.3302,54.3136,2170.652,0.542663,1830,1.669845e-03,1,M_TILE=16;BM=56;WG=2;REG=112;STG=2;TILES=2;SUBS=2;PREPACK=1;PDL=1;EPI=0;SPLITK=0;PR=32;SPW=0;PLA=0;SISM=1
deepseek_v4_pro,7168,16384,32,32,3,prepack,B2B,87.8477,87.7722,1348.056,0.337014,1830,1.670198e-03,1,M_TILE=32;BM=56;WG=2;REG=168;STG=2;TILES=2;SUBS=2;PREPACK=1;PDL=1;EPI=0;SPLITK=0;PR=32;SPW=0;PLA=0;SISM=0
deepseek_v4_pro,7168,16384,32,32,3,prepack,ISO,92.5120,92.1600,1280.089,0.320022,1830,1.670198e-03,1,M_TILE=32;BM=56;WG=2;REG=168;STG=2;TILES=2;SUBS=2;PREPACK=1;PDL=1;EPI=0;SPLITK=0;PR=32;SPW=0;PLA=0;SISM=0
deepseek_v4_pro,7168,16384,32,32,3,prepack,PDL,85.3357,85.3331,1387.738,0.346934,1830,1.670198e-03,1,M_TILE=32;BM=56;WG=2;REG=168;STG=2;TILES=2;SUBS=2;PREPACK=1;PDL=1;EPI=0;SPLITK=0;PR=32;SPW=0;PLA=0;SISM=0
deepseek_v4_pro,7168,16384,64,64,3,prepack,B2B,200.8614,200.5658,594.472,0.148618,1830,1.670279e-03,1,M_TILE=64;BM=56;WG=2;REG=168;STG=2;TILES=2;SUBS=2;PREPACK=1;PDL=1;EPI=0;SPLITK=0;PR=32;SPW=0;PLA=0;SISM=0
deepseek_v4_pro,7168,16384,64,64,3,prepack,ISO,206.4960,205.8240,578.251,0.144563,1830,1.670279e-03,1,M_TILE=64;BM=56;WG=2;REG=168;STG=2;TILES=2;SUBS=2;PREPACK=1;PDL=1;EPI=0;SPLITK=0;PR=32;SPW=0;PLA=0;SISM=0
deepseek_v4_pro,7168,16384,64,64,3,prepack,PDL,188.7603,188.2829,632.583,0.158146,1830,1.670279e-03,1,M_TILE=64;BM=56;WG=2;REG=168;STG=2;TILES=2;SUBS=2;PREPACK=1;PDL=1;EPI=0;SPLITK=0;PR=32;SPW=0;PLA=0;SISM=0
deepseek_v4_pro,7168,16384,128,128,3,prepack,B2B,334.5498,334.5069,362.794,0.090699,1830,1.668760e-03,1,M_TILE=128;BM=56;WG=2;REG=168;STG=2;TILES=2;SUBS=1;PREPACK=1;PDL=1;EPI=0;SPLITK=0;PR=32;SPW=0;PLA=0;SISM=0
deepseek_v4_pro,7168,16384,128,128,3,prepack,ISO,339.7120,338.9440,357.281,0.089320,1830,1.668760e-03,1,M_TILE=128;BM=56;WG=2;REG=168;STG=2;TILES=2;SUBS=1;PREPACK=1;PDL=1;EPI=0;SPLITK=0;PR=32;SPW=0;PLA=0;SISM=0
deepseek_v4_pro,7168,16384,128,128,3,prepack,PDL,329.5763,329.1539,368.269,0.092067,1830,1.668760e-03,1,M_TILE=128;BM=56;WG=2;REG=168;STG=2;TILES=2;SUBS=1;PREPACK=1;PDL=1;EPI=0;SPLITK=0;PR=32;SPW=0;PLA=0;SISM=0
deepseek_v4_pro,7168,16384,1,8,4,tile_stage,B2B,37.4534,37.3894,3136.460,0.784115,1830,1.682975e-03,1,M_TILE=8;BM=56;WG=4;REG=96;STG=3;TILES=1;SUBS=2;PREPACK=1;PDL=1;EPI=0;SPLITK=0;PR=32;SPW=0;PLA=0;SISM=1
deepseek_v4_pro,7168,16384,1,8,4,tile_stage,ISO,49.4720,49.1520,2374.499,0.593625,1830,1.682975e-03,1,M_TILE=8;BM=56;WG=4;REG=96;STG=3;TILES=1;SUBS=2;PREPACK=1;PDL=1;EPI=0;SPLITK=0;PR=32;SPW=0;PLA=0;SISM=1
deepseek_v4_pro,7168,16384,1,8,4,tile_stage,PDL,33.9334,33.8758,3461.813,0.865453,1830,1.682975e-03,1,M_TILE=8;BM=56;WG=4;REG=96;STG=3;TILES=1;SUBS=2;PREPACK=1;PDL=1;EPI=0;SPLITK=0;PR=32;SPW=0;PLA=0;SISM=1
deepseek_v4_pro,7168,16384,2,8,4,tile_stage,B2B,38.4000,38.3418,3059.947,0.764987,1830,1.681628e-03,1,M_TILE=8;BM=56;WG=4;REG=96;STG=3;TILES=1;SUBS=2;PREPACK=1;PDL=1;EPI=0;SPLITK=0;PR=32;SPW=0;PLA=0;SISM=1
deepseek_v4_pro,7168,16384,2,8,4,tile_stage,ISO,50.3040,49.8240,2335.837,0.583959,1830,1.681628e-03,1,M_TILE=8;BM=56;WG=4;REG=96;STG=3;TILES=1;SUBS=2;PREPACK=1;PDL=1;EPI=0;SPLITK=0;PR=32;SPW=0;PLA=0;SISM=1
deepseek_v4_pro,7168,16384,2,8,4,tile_stage,PDL,34.2054,34.1229,3435.183,0.858796,1830,1.681628e-03,1,M_TILE=8;BM=56;WG=4;REG=96;STG=3;TILES=1;SUBS=2;PREPACK=1;PDL=1;EPI=0;SPLITK=0;PR=32;SPW=0;PLA=0;SISM=1
deepseek_v4_pro,7168,16384,4,8,4,tile_stage,B2B,38.6560,38.5587,3041.271,0.760318,1830,1.670615e-03,1,M_TILE=8;BM=56;WG=4;REG=96;STG=3;TILES=1;SUBS=2;PREPACK=1;PDL=1;EPI=0;SPLITK=0;PR=32;SPW=0;PLA=0;SISM=1
deepseek_v4_pro,7168,16384,4,8,4,tile_stage,ISO,50.2400,49.9520,2340.036,0.585009,1830,1.670615e-03,1,M_TILE=8;BM=56;WG=4;REG=96;STG=3;TILES=1;SUBS=2;PREPACK=1;PDL=1;EPI=0;SPLITK=0;PR=32;SPW=0;PLA=0;SISM=1
deepseek_v4_pro,7168,16384,4,8,4,tile_stage,PDL,34.3475,34.3456,3422.762,0.855691,1830,1.670615e-03,1,M_TILE=8;BM=56;WG=4;REG=96;STG=3;TILES=1;SUBS=2;PREPACK=1;PDL=1;EPI=0;SPLITK=0;PR=32;SPW=0;PLA=0;SISM=1
deepseek_v4_pro,7168,16384,8,8,4,tile_stage,B2B,39.0931,39.0413,3010.409,0.752602,1830,1.670902e-03,1,M_TILE=8;BM=56;WG=4;REG=96;STG=3;TILES=1;SUBS=2;PREPACK=1;PDL=1;EPI=0;SPLITK=0;PR=32;SPW=0;PLA=0;SISM=1
deepseek_v4_pro,7168,16384,8,8,4,tile_stage,ISO,50.5280,49.9840,2329.130,0.582282,1830,1.670902e-03,1,M_TILE=8;BM=56;WG=4;REG=96;STG=3;TILES=1;SUBS=2;PREPACK=1;PDL=1;EPI=0;SPLITK=0;PR=32;SPW=0;PLA=0;SISM=1
deepseek_v4_pro,7168,16384,8,8,4,tile_stage,PDL,34.4838,34.4493,3412.795,0.853199,1830,1.670902e-03,1,M_TILE=8;BM=56;WG=4;REG=96;STG=3;TILES=1;SUBS=2;PREPACK=1;PDL=1;EPI=0;SPLITK=0;PR=32;SPW=0;PLA=0;SISM=1
deepseek_v4_pro,7168,16384,16,16,4,tile_stage,B2B,54.4218,54.4096,2167.001,0.541750,1830,1.669845e-03,1,M_TILE=16;BM=64;WG=1;REG=80;STG=4;TILES=1;SUBS=2;PREPACK=1;PDL=1;EPI=0;SPLITK=0;PR=32;SPW=0;PLA=0;SISM=1
deepseek_v4_pro,7168,16384,16,16,4,tile_stage,ISO,59.9040,59.6160,1968.684,0.492171,1830,1.669845e-03,1,M_TILE=16;BM=64;WG=1;REG=80;STG=4;TILES=1;SUBS=2;PREPACK=1;PDL=1;EPI=0;SPLITK=0;PR=32;SPW=0;PLA=0;SISM=1
deepseek_v4_pro,7168,16384,16,16,4,tile_stage,PDL,49.9494,49.8637,2361.028,0.590257,1830,1.669845e-03,1,M_TILE=16;BM=64;WG=1;REG=80;STG=4;TILES=1;SUBS=2;PREPACK=1;PDL=1;EPI=0;SPLITK=0;PR=32;SPW=0;PLA=0;SISM=1
deepseek_v4_pro,7168,16384,32,32,4,tile_stage,B2B,74.8275,74.7533,1582.620,0.395655,1830,1.670198e-03,1,M_TILE=32;BM=64;WG=1;REG=112;STG=4;TILES=1;SUBS=2;PREPACK=1;PDL=1;EPI=0;SPLITK=0;PR=32;SPW=0;PLA=0;SISM=0
deepseek_v4_pro,7168,16384,32,32,4,tile_stage,ISO,79.5200,79.2320,1489.230,0.372307,1830,1.670198e-03,1,M_TILE=32;BM=64;WG=1;REG=112;STG=4;TILES=1;SUBS=2;PREPACK=1;PDL=1;EPI=0;SPLITK=0;PR=32;SPW=0;PLA=0;SISM=0
deepseek_v4_pro,7168,16384,32,32,4,tile_stage,PDL,68.4365,68.4205,1730.416,0.432604,1830,1.670198e-03,1,M_TILE=32;BM=64;WG=1;REG=112;STG=4;TILES=1;SUBS=2;PREPACK=1;PDL=1;EPI=0;SPLITK=0;PR=32;SPW=0;PLA=0;SISM=0
deepseek_v4_pro,7168,16384,64,64,4,tile_stage,B2B,199.6608,199.6173,598.047,0.149512,1830,1.670279e-03,1,M_TILE=64;BM=64;WG=1;REG=112;STG=2;TILES=1;SUBS=2;PREPACK=1;PDL=1;EPI=0;SPLITK=0;PR=32;SPW=0;PLA=0;SISM=0
deepseek_v4_pro,7168,16384,64,64,4,tile_stage,ISO,204.8000,203.3600,583.040,0.145760,1830,1.670279e-03,1,M_TILE=64;BM=64;WG=1;REG=112;STG=2;TILES=1;SUBS=2;PREPACK=1;PDL=1;EPI=0;SPLITK=0;PR=32;SPW=0;PLA=0;SISM=0
deepseek_v4_pro,7168,16384,64,64,4,tile_stage,PDL,188.6803,188.5952,632.851,0.158213,1830,1.670279e-03,1,M_TILE=64;BM=64;WG=1;REG=112;STG=2;TILES=1;SUBS=2;PREPACK=1;PDL=1;EPI=0;SPLITK=0;PR=32;SPW=0;PLA=0;SISM=0
deepseek_v4_pro,7168,16384,128,128,4,tile_stage,B2B,437.4560,437.3402,277.451,0.069363,1830,1.668760e-03,1,M_TILE=128;BM=64;WG=1;REG=232;STG=2;TILES=1;SUBS=1;PREPACK=1;PDL=1;EPI=0;SPLITK=0;PR=32;SPW=0;PLA=0;SISM=0
deepseek_v4_pro,7168,16384,128,128,4,tile_stage,ISO,442.8480,442.5280,274.073,0.068518,1830,1.668760e-03,1,M_TILE=128;BM=64;WG=1;REG=232;STG=2;TILES=1;SUBS=1;PREPACK=1;PDL=1;EPI=0;SPLITK=0;PR=32;SPW=0;PLA=0;SISM=0
deepseek_v4_pro,7168,16384,128,128,4,tile_stage,PDL,411.2103,410.6713,295.160,0.073790,1830,1.668760e-03,1,M_TILE=128;BM=64;WG=1;REG=232;STG=2;TILES=1;SUBS=1;PREPACK=1;PDL=1;EPI=0;SPLITK=0;PR=32;SPW=0;PLA=0;SISM=0
deepseek_v4_pro,7168,16384,1,8,5,epi_overlap,B2B,37.4906,37.4598,3133.355,0.783339,1830,1.682975e-03,1,M_TILE=8;BM=56;WG=4;REG=96;STG=3;TILES=1;SUBS=2;PREPACK=1;PDL=1;EPI=1;SPLITK=0;PR=32;SPW=0;PLA=0;SISM=1
deepseek_v4_pro,7168,16384,1,8,5,epi_overlap,ISO,49.1840,48.5760,2388.403,0.597101,1830,1.682975e-03,1,M_TILE=8;BM=56;WG=4;REG=96;STG=3;TILES=1;SUBS=2;PREPACK=1;PDL=1;EPI=1;SPLITK=0;PR=32;SPW=0;PLA=0;SISM=1
deepseek_v4_pro,7168,16384,1,8,5,epi_overlap,PDL,33.9117,33.8086,3464.034,0.866009,1830,1.682975e-03,1,M_TILE=8;BM=56;WG=4;REG=96;STG=3;TILES=1;SUBS=2;PREPACK=1;PDL=1;EPI=1;SPLITK=0;PR=32;SPW=0;PLA=0;SISM=1
deepseek_v4_pro,7168,16384,2,8,5,epi_overlap,B2B,38.4186,38.3264,3058.468,0.764617,1830,1.681628e-03,1,M_TILE=8;BM=56;WG=4;REG=96;STG=3;TILES=1;SUBS=2;PREPACK=1;PDL=1;EPI=1;SPLITK=0;PR=32;SPW=0;PLA=0;SISM=1
deepseek_v4_pro,7168,16384,2,8,5,epi_overlap,ISO,50.2720,49.8880,2337.324,0.584331,1830,1.681628e-03,1,M_TILE=8;BM=56;WG=4;REG=96;STG=3;TILES=1;SUBS=2;PREPACK=1;PDL=1;EPI=1;SPLITK=0;PR=32;SPW=0;PLA=0;SISM=1
deepseek_v4_pro,7168,16384,2,8,5,epi_overlap,PDL,34.1555,34.1408,3440.204,0.860051,1830,1.681628e-03,1,M_TILE=8;BM=56;WG=4;REG=96;STG=3;TILES=1;SUBS=2;PREPACK=1;PDL=1;EPI=1;SPLITK=0;PR=32;SPW=0;PLA=0;SISM=1
deepseek_v4_pro,7168,16384,4,8,5,epi_overlap,B2B,38.5459,38.5293,3049.957,0.762489,1830,1.670615e-03,1,M_TILE=8;BM=56;WG=4;REG=96;STG=3;TILES=1;SUBS=2;PREPACK=1;PDL=1;EPI=1;SPLITK=0;PR=32;SPW=0;PLA=0;SISM=1
deepseek_v4_pro,7168,16384,4,8,5,epi_overlap,ISO,50.3680,50.0480,2334.089,0.583522,1830,1.670615e-03,1,M_TILE=8;BM=56;WG=4;REG=96;STG=3;TILES=1;SUBS=2;PREPACK=1;PDL=1;EPI=1;SPLITK=0;PR=32;SPW=0;PLA=0;SISM=1
deepseek_v4_pro,7168,16384,4,8,5,epi_overlap,PDL,34.2310,34.2138,3434.409,0.858602,1830,1.670615e-03,1,M_TILE=8;BM=56;WG=4;REG=96;STG=3;TILES=1;SUBS=2;PREPACK=1;PDL=1;EPI=1;SPLITK=0;PR=32;SPW=0;PLA=0;SISM=1
deepseek_v4_pro,7168,16384,8,8,5,epi_overlap,B2B,39.0125,39.0003,3016.631,0.754158,1830,1.670902e-03,1,M_TILE=8;BM=56;WG=4;REG=96;STG=3;TILES=1;SUBS=2;PREPACK=1;PDL=1;EPI=1;SPLITK=0;PR=32;SPW=0;PLA=0;SISM=1
deepseek_v4_pro,7168,16384,8,8,5,epi_overlap,ISO,50.4000,50.0160,2335.045,0.583761,1830,1.670902e-03,1,M_TILE=8;BM=56;WG=4;REG=96;STG=3;TILES=1;SUBS=2;PREPACK=1;PDL=1;EPI=1;SPLITK=0;PR=32;SPW=0;PLA=0;SISM=1
deepseek_v4_pro,7168,16384,8,8,5,epi_overlap,PDL,34.4083,34.4070,3420.285,0.855071,1830,1.670902e-03,1,M_TILE=8;BM=56;WG=4;REG=96;STG=3;TILES=1;SUBS=2;PREPACK=1;PDL=1;EPI=1;SPLITK=0;PR=32;SPW=0;PLA=0;SISM=1
deepseek_v4_pro,7168,16384,16,16,5,epi_overlap,B2B,54.4154,54.3885,2167.256,0.541814,1830,1.669845e-03,1,M_TILE=16;BM=64;WG=1;REG=80;STG=4;TILES=1;SUBS=2;PREPACK=1;PDL=1;EPI=1;SPLITK=0;PR=32;SPW=0;PLA=0;SISM=1
deepseek_v4_pro,7168,16384,16,16,5,epi_overlap,ISO,60.2560,59.8400,1957.183,0.489296,1830,1.669845e-03,1,M_TILE=16;BM=64;WG=1;REG=80;STG=4;TILES=1;SUBS=2;PREPACK=1;PDL=1;EPI=1;SPLITK=0;PR=32;SPW=0;PLA=0;SISM=1
deepseek_v4_pro,7168,16384,16,16,5,epi_overlap,PDL,49.8547,49.8406,2365.514,0.591378,1830,1.669845e-03,1,M_TILE=16;BM=64;WG=1;REG=80;STG=4;TILES=1;SUBS=2;PREPACK=1;PDL=1;EPI=1;SPLITK=0;PR=32;SPW=0;PLA=0;SISM=1
deepseek_v4_pro,7168,16384,32,32,5,epi_overlap,B2B,74.7411,74.7213,1584.450,0.396112,1830,1.670198e-03,1,M_TILE=32;BM=64;WG=1;REG=112;STG=4;TILES=1;SUBS=2;PREPACK=1;PDL=1;EPI=1;SPLITK=0;PR=32;SPW=0;PLA=0;SISM=0
deepseek_v4_pro,7168,16384,32,32,5,epi_overlap,ISO,79.2640,78.7520,1494.040,0.373510,1830,1.670198e-03,1,M_TILE=32;BM=64;WG=1;REG=112;STG=4;TILES=1;SUBS=2;PREPACK=1;PDL=1;EPI=1;SPLITK=0;PR=32;SPW=0;PLA=0;SISM=0
deepseek_v4_pro,7168,16384,32,32,5,epi_overlap,PDL,68.4058,68.3712,1731.193,0.432798,1830,1.670198e-03,1,M_TILE=32;BM=64;WG=1;REG=112;STG=4;TILES=1;SUBS=2;PREPACK=1;PDL=1;EPI=1;SPLITK=0;PR=32;SPW=0;PLA=0;SISM=0
deepseek_v4_pro,7168,16384,64,64,5,epi_overlap,B2B,199.4227,199.3120,598.761,0.149690,1830,1.670279e-03,1,M_TILE=64;BM=64;WG=1;REG=112;STG=2;TILES=1;SUBS=2;PREPACK=1;PDL=1;EPI=1;SPLITK=0;PR=32;SPW=0;PLA=0;SISM=0
deepseek_v4_pro,7168,16384,64,64,5,epi_overlap,ISO,204.9280,203.7120,582.676,0.145669,1830,1.670279e-03,1,M_TILE=64;BM=64;WG=1;REG=112;STG=2;TILES=1;SUBS=2;PREPACK=1;PDL=1;EPI=1;SPLITK=0;PR=32;SPW=0;PLA=0;SISM=0
deepseek_v4_pro,7168,16384,64,64,5,epi_overlap,PDL,188.7085,188.6374,632.757,0.158189,1830,1.670279e-03,1,M_TILE=64;BM=64;WG=1;REG=112;STG=2;TILES=1;SUBS=2;PREPACK=1;PDL=1;EPI=1;SPLITK=0;PR=32;SPW=0;PLA=0;SISM=0
deepseek_v4_pro,7168,16384,128,128,5,epi_overlap,B2B,437.5213,437.3254,277.410,0.069352,1830,1.668760e-03,1,M_TILE=128;BM=64;WG=1;REG=232;STG=2;TILES=1;SUBS=1;PREPACK=1;PDL=1;EPI=1;SPLITK=0;PR=32;SPW=0;PLA=0;SISM=0
deepseek_v4_pro,7168,16384,128,128,5,epi_overlap,ISO,441.1840,440.7680,275.107,0.068777,1830,1.668760e-03,1,M_TILE=128;BM=64;WG=1;REG=232;STG=2;TILES=1;SUBS=1;PREPACK=1;PDL=1;EPI=1;SPLITK=0;PR=32;SPW=0;PLA=0;SISM=0
deepseek_v4_pro,7168,16384,128,128,5,epi_overlap,PDL,411.9033,410.1274,294.663,0.073666,1830,1.668760e-03,1,M_TILE=128;BM=64;WG=1;REG=232;STG=2;TILES=1;SUBS=1;PREPACK=1;PDL=1;EPI=1;SPLITK=0;PR=32;SPW=0;PLA=0;SISM=0
deepseek_v4_pro,7168,16384,1,8,6,splitk,B2B,37.5066,37.4656,3132.018,0.783005,1830,1.682975e-03,1,M_TILE=8;BM=56;WG=4;REG=96;STG=3;TILES=1;SUBS=2;PREPACK=1;PDL=1;EPI=1;SPLITK=0;PR=32;SPW=0;PLA=0;SISM=1
deepseek_v4_pro,7168,16384,1,8,6,splitk,ISO,49.0560,48.5440,2394.635,0.598659,1830,1.682975e-03,1,M_TILE=8;BM=56;WG=4;REG=96;STG=3;TILES=1;SUBS=2;PREPACK=1;PDL=1;EPI=1;SPLITK=0;PR=32;SPW=0;PLA=0;SISM=1
deepseek_v4_pro,7168,16384,1,8,6,splitk,PDL,33.9366,33.8477,3461.487,0.865372,1830,1.682975e-03,1,M_TILE=8;BM=56;WG=4;REG=96;STG=3;TILES=1;SUBS=2;PREPACK=1;PDL=1;EPI=1;SPLITK=0;PR=32;SPW=0;PLA=0;SISM=1
deepseek_v4_pro,7168,16384,2,8,6,splitk,B2B,38.4352,38.4288,3057.144,0.764286,1830,1.681628e-03,1,M_TILE=8;BM=56;WG=4;REG=96;STG=3;TILES=1;SUBS=2;PREPACK=1;PDL=1;EPI=1;SPLITK=0;PR=32;SPW=0;PLA=0;SISM=1
deepseek_v4_pro,7168,16384,2,8,6,splitk,ISO,49.9840,49.4400,2350.791,0.587698,1830,1.681628e-03,1,M_TILE=8;BM=56;WG=4;REG=96;STG=3;TILES=1;SUBS=2;PREPACK=1;PDL=1;EPI=1;SPLITK=0;PR=32;SPW=0;PLA=0;SISM=1
deepseek_v4_pro,7168,16384,2,8,6,splitk,PDL,34.2016,34.1760,3435.569,0.858892,1830,1.681628e-03,1,M_TILE=8;BM=56;WG=4;REG=96;STG=3;TILES=1;SUBS=2;PREPACK=1;PDL=1;EPI=1;SPLITK=0;PR=32;SPW=0;PLA=0;SISM=1
deepseek_v4_pro,7168,16384,4,8,6,splitk,B2B,38.6138,38.6118,3044.598,0.761150,1830,1.670615e-03,1,M_TILE=8;BM=56;WG=4;REG=96;STG=3;TILES=1;SUBS=2;PREPACK=1;PDL=1;EPI=1;SPLITK=0;PR=32;SPW=0;PLA=0;SISM=1
deepseek_v4_pro,7168,16384,4,8,6,splitk,ISO,50.1440,49.7600,2344.516,0.586129,1830,1.670615e-03,1,M_TILE=8;BM=56;WG=4;REG=96;STG=3;TILES=1;SUBS=2;PREPACK=1;PDL=1;EPI=1;SPLITK=0;PR=32;SPW=0;PLA=0;SISM=1
deepseek_v4_pro,7168,16384,4,8,6,splitk,PDL,34.3373,34.2886,3423.783,0.855946,1830,1.670615e-03,1,M_TILE=8;BM=56;WG=4;REG=96;STG=3;TILES=1;SUBS=2;PREPACK=1;PDL=1;EPI=1;SPLITK=0;PR=32;SPW=0;PLA=0;SISM=1
deepseek_v4_pro,7168,16384,8,8,6,splitk,B2B,39.0042,38.9696,3017.275,0.754319,1830,1.670902e-03,1,M_TILE=8;BM=56;WG=4;REG=96;STG=3;TILES=1;SUBS=2;PREPACK=1;PDL=1;EPI=1;SPLITK=0;PR=32;SPW=0;PLA=0;SISM=1
deepseek_v4_pro,7168,16384,8,8,6,splitk,ISO,50.2400,50.0160,2342.482,0.585620,1830,1.670902e-03,1,M_TILE=8;BM=56;WG=4;REG=96;STG=3;TILES=1;SUBS=2;PREPACK=1;PDL=1;EPI=1;SPLITK=0;PR=32;SPW=0;PLA=0;SISM=1
deepseek_v4_pro,7168,16384,8,8,6,splitk,PDL,34.4589,34.3437,3415.267,0.853817,1830,1.670902e-03,1,M_TILE=8;BM=56;WG=4;REG=96;STG=3;TILES=1;SUBS=2;PREPACK=1;PDL=1;EPI=1;SPLITK=0;PR=32;SPW=0;PLA=0;SISM=1
deepseek_v4_pro,7168,16384,16,16,6,splitk,B2B,54.3770,54.3546,2168.787,0.542197,1830,1.669845e-03,1,M_TILE=16;BM=64;WG=1;REG=80;STG=4;TILES=1;SUBS=2;PREPACK=1;PDL=1;EPI=1;SPLITK=0;PR=32;SPW=0;PLA=0;SISM=1
deepseek_v4_pro,7168,16384,16,16,6,splitk,ISO,59.9680,59.7120,1966.583,0.491646,1830,1.669845e-03,1,M_TILE=16;BM=64;WG=1;REG=80;STG=4;TILES=1;SUBS=2;PREPACK=1;PDL=1;EPI=1;SPLITK=0;PR=32;SPW=0;PLA=0;SISM=1
deepseek_v4_pro,7168,16384,16,16,6,splitk,PDL,49.8618,49.8451,2365.180,0.591295,1830,1.669845e-03,1,M_TILE=16;BM=64;WG=1;REG=80;STG=4;TILES=1;SUBS=2;PREPACK=1;PDL=1;EPI=1;SPLITK=0;PR=32;SPW=0;PLA=0;SISM=1
deepseek_v4_pro,7168,16384,32,32,6,splitk,B2B,74.6349,74.6330,1586.705,0.396676,1830,1.670198e-03,1,M_TILE=32;BM=64;WG=1;REG=112;STG=4;TILES=1;SUBS=2;PREPACK=1;PDL=1;EPI=1;SPLITK=0;PR=32;SPW=0;PLA=0;SISM=0
deepseek_v4_pro,7168,16384,32,32,6,splitk,ISO,79.0400,78.5600,1498.274,0.374568,1830,1.670198e-03,1,M_TILE=32;BM=64;WG=1;REG=112;STG=4;TILES=1;SUBS=2;PREPACK=1;PDL=1;EPI=1;SPLITK=0;PR=32;SPW=0;PLA=0;SISM=0
deepseek_v4_pro,7168,16384,32,32,6,splitk,PDL,68.3974,68.3616,1731.403,0.432851,1830,1.670198e-03,1,M_TILE=32;BM=64;WG=1;REG=112;STG=4;TILES=1;SUBS=2;PREPACK=1;PDL=1;EPI=1;SPLITK=0;PR=32;SPW=0;PLA=0;SISM=0
deepseek_v4_pro,7168,16384,64,64,6,splitk,B2B,199.7600,199.6896,597.750,0.149438,1830,1.670279e-03,1,M_TILE=64;BM=64;WG=1;REG=112;STG=2;TILES=1;SUBS=2;PREPACK=1;PDL=1;EPI=1;SPLITK=0;PR=32;SPW=0;PLA=0;SISM=0
deepseek_v4_pro,7168,16384,64,64,6,splitk,ISO,204.8640,203.6800,582.858,0.145714,1830,1.670279e-03,1,M_TILE=64;BM=64;WG=1;REG=112;STG=2;TILES=1;SUBS=2;PREPACK=1;PDL=1;EPI=1;SPLITK=0;PR=32;SPW=0;PLA=0;SISM=0
deepseek_v4_pro,7168,16384,64,64,6,splitk,PDL,188.8678,188.7955,632.223,0.158056,1830,1.670279e-03,1,M_TILE=64;BM=64;WG=1;REG=112;STG=2;TILES=1;SUBS=2;PREPACK=1;PDL=1;EPI=1;SPLITK=0;PR=32;SPW=0;PLA=0;SISM=0
deepseek_v4_pro,7168,16384,128,128,6,splitk,B2B,437.0823,436.8960,277.688,0.069422,1830,1.668760e-03,1,M_TILE=128;BM=64;WG=1;REG=232;STG=2;TILES=1;SUBS=1;PREPACK=1;PDL=1;EPI=1;SPLITK=0;PR=32;SPW=0;PLA=0;SISM=0
deepseek_v4_pro,7168,16384,128,128,6,splitk,ISO,441.2160,440.6400,275.087,0.068772,1830,1.668760e-03,1,M_TILE=128;BM=64;WG=1;REG=232;STG=2;TILES=1;SUBS=1;PREPACK=1;PDL=1;EPI=1;SPLITK=0;PR=32;SPW=0;PLA=0;SISM=0
deepseek_v4_pro,7168,16384,128,128,6,splitk,PDL,412.0602,411.8650,294.551,0.073638,1830,1.668760e-03,1,M_TILE=128;BM=64;WG=1;REG=232;STG=2;TILES=1;SUBS=1;PREPACK=1;PDL=1;EPI=1;SPLITK=0;PR=32;SPW=0;PLA=0;SISM=0
glm52,6144,16384,1,8,0,baseline,B2B,43.7536,43.7344,2301.341,0.575335,1830,1.671419e-03,1,M_TILE=8;BM=64;WG=4;REG=112;STG=2;TILES=1;SUBS=1;PREPACK=0;PDL=0;EPI=0;SPLITK=0;PR=32;SPW=0;PLA=0;SISM=1
glm52,6144,16384,1,8,0,baseline,ISO,55.6480,55.2320,1809.445,0.452361,1830,1.671419e-03,1,M_TILE=8;BM=64;WG=4;REG=112;STG=2;TILES=1;SUBS=1;PREPACK=0;PDL=0;EPI=0;SPLITK=0;PR=32;SPW=0;PLA=0;SISM=1
glm52,6144,16384,1,8,0,baseline,PDL,42.1926,42.1190,2386.482,0.596620,1830,1.671419e-03,1,M_TILE=8;BM=64;WG=4;REG=112;STG=2;TILES=1;SUBS=1;PREPACK=0;PDL=0;EPI=0;SPLITK=0;PR=32;SPW=0;PLA=0;SISM=1
glm52,6144,16384,2,8,0,baseline,B2B,45.6557,45.6192,2206.092,0.551523,1830,1.679703e-03,1,M_TILE=8;BM=64;WG=4;REG=112;STG=2;TILES=1;SUBS=1;PREPACK=0;PDL=0;EPI=0;SPLITK=0;PR=32;SPW=0;PLA=0;SISM=1
glm52,6144,16384,2,8,0,baseline,ISO,57.8880,57.4400,1739.923,0.434981,1830,1.679703e-03,1,M_TILE=8;BM=64;WG=4;REG=112;STG=2;TILES=1;SUBS=1;PREPACK=0;PDL=0;EPI=0;SPLITK=0;PR=32;SPW=0;PLA=0;SISM=1
glm52,6144,16384,2,8,0,baseline,PDL,44.0915,44.0915,2284.354,0.571088,1830,1.679703e-03,1,M_TILE=8;BM=64;WG=4;REG=112;STG=2;TILES=1;SUBS=1;PREPACK=0;PDL=0;EPI=0;SPLITK=0;PR=32;SPW=0;PLA=0;SISM=1
glm52,6144,16384,4,8,0,baseline,B2B,46.1818,46.0998,2182.203,0.545551,1830,1.666145e-03,1,M_TILE=8;BM=64;WG=4;REG=112;STG=2;TILES=1;SUBS=1;PREPACK=0;PDL=0;EPI=0;SPLITK=0;PR=32;SPW=0;PLA=0;SISM=1
glm52,6144,16384,4,8,0,baseline,ISO,58.4960,57.6960,1722.818,0.430705,1830,1.666145e-03,1,M_TILE=8;BM=64;WG=4;REG=112;STG=2;TILES=1;SUBS=1;PREPACK=0;PDL=0;EPI=0;SPLITK=0;PR=32;SPW=0;PLA=0;SISM=1
glm52,6144,16384,4,8,0,baseline,PDL,44.6234,44.5792,2258.413,0.564603,1830,1.666145e-03,1,M_TILE=8;BM=64;WG=4;REG=112;STG=2;TILES=1;SUBS=1;PREPACK=0;PDL=0;EPI=0;SPLITK=0;PR=32;SPW=0;PLA=0;SISM=1
glm52,6144,16384,8,8,0,baseline,B2B,46.6560,46.6554,2162.480,0.540620,1830,1.665706e-03,1,M_TILE=8;BM=64;WG=4;REG=112;STG=2;TILES=1;SUBS=1;PREPACK=0;PDL=0;EPI=0;SPLITK=0;PR=32;SPW=0;PLA=0;SISM=1
glm52,6144,16384,8,8,0,baseline,ISO,58.4960,58.0160,1724.779,0.431195,1830,1.665706e-03,1,M_TILE=8;BM=64;WG=4;REG=112;STG=2;TILES=1;SUBS=1;PREPACK=0;PDL=0;EPI=0;SPLITK=0;PR=32;SPW=0;PLA=0;SISM=1
glm52,6144,16384,8,8,0,baseline,PDL,45.1136,45.0886,2236.414,0.559103,1830,1.665706e-03,1,M_TILE=8;BM=64;WG=4;REG=112;STG=2;TILES=1;SUBS=1;PREPACK=0;PDL=0;EPI=0;SPLITK=0;PR=32;SPW=0;PLA=0;SISM=1
glm52,6144,16384,16,16,0,baseline,B2B,56.0838,55.9955,1803.051,0.450763,1830,1.667226e-03,1,M_TILE=16;BM=48;WG=2;REG=112;STG=2;TILES=2;SUBS=2;PREPACK=0;PDL=0;EPI=0;SPLITK=0;PR=32;SPW=0;PLA=0;SISM=1
glm52,6144,16384,16,16,0,baseline,ISO,65.7280,65.2800,1538.493,0.384623,1830,1.667226e-03,1,M_TILE=16;BM=48;WG=2;REG=112;STG=2;TILES=2;SUBS=2;PREPACK=0;PDL=0;EPI=0;SPLITK=0;PR=32;SPW=0;PLA=0;SISM=1
glm52,6144,16384,16,16,0,baseline,PDL,54.5235,54.4819,1854.650,0.463663,1830,1.667226e-03,1,M_TILE=16;BM=48;WG=2;REG=112;STG=2;TILES=2;SUBS=2;PREPACK=0;PDL=0;EPI=0;SPLITK=0;PR=32;SPW=0;PLA=0;SISM=1
glm52,6144,16384,32,32,0,baseline,B2B,87.7229,87.6858,1157.974,0.289493,1830,1.668254e-03,1,M_TILE=32;BM=48;WG=2;REG=168;STG=2;TILES=2;SUBS=2;PREPACK=0;PDL=0;EPI=0;SPLITK=0;PR=32;SPW=0;PLA=0;SISM=0
glm52,6144,16384,32,32,0,baseline,ISO,92.2240,91.7120,1101.457,0.275364,1830,1.668254e-03,1,M_TILE=32;BM=48;WG=2;REG=168;STG=2;TILES=2;SUBS=2;PREPACK=0;PDL=0;EPI=0;SPLITK=0;PR=32;SPW=0;PLA=0;SISM=0
glm52,6144,16384,32,32,0,baseline,PDL,86.2758,86.2554,1177.396,0.294349,1830,1.668254e-03,1,M_TILE=32;BM=48;WG=2;REG=168;STG=2;TILES=2;SUBS=2;PREPACK=0;PDL=0;EPI=0;SPLITK=0;PR=32;SPW=0;PLA=0;SISM=0
glm52,6144,16384,64,64,0,baseline,B2B,200.1222,200.0838,512.178,0.128045,1830,1.670176e-03,1,M_TILE=64;BM=48;WG=2;REG=168;STG=2;TILES=2;SUBS=2;PREPACK=0;PDL=0;EPI=0;SPLITK=0;PR=32;SPW=0;PLA=0;SISM=0
glm52,6144,16384,64,64,0,baseline,ISO,206.9440,206.4960,495.295,0.123824,1830,1.670176e-03,1,M_TILE=64;BM=48;WG=2;REG=168;STG=2;TILES=2;SUBS=2;PREPACK=0;PDL=0;EPI=0;SPLITK=0;PR=32;SPW=0;PLA=0;SISM=0
glm52,6144,16384,64,64,0,baseline,PDL,198.5805,198.5453,516.155,0.129039,1830,1.670176e-03,1,M_TILE=64;BM=48;WG=2;REG=168;STG=2;TILES=2;SUBS=2;PREPACK=0;PDL=0;EPI=0;SPLITK=0;PR=32;SPW=0;PLA=0;SISM=0
glm52,6144,16384,128,128,0,baseline,B2B,351.5129,350.0710,296.812,0.074203,1830,1.668914e-03,1,M_TILE=128;BM=48;WG=2;REG=168;STG=2;TILES=2;SUBS=1;PREPACK=0;PDL=0;EPI=0;SPLITK=0;PR=32;SPW=0;PLA=0;SISM=0
glm52,6144,16384,128,128,0,baseline,ISO,354.6240,353.1840,294.208,0.073552,1830,1.668914e-03,1,M_TILE=128;BM=48;WG=2;REG=168;STG=2;TILES=2;SUBS=1;PREPACK=0;PDL=0;EPI=0;SPLITK=0;PR=32;SPW=0;PLA=0;SISM=0
glm52,6144,16384,128,128,0,baseline,PDL,349.5981,347.7562,298.438,0.074609,1830,1.668914e-03,1,M_TILE=128;BM=48;WG=2;REG=168;STG=2;TILES=2;SUBS=1;PREPACK=0;PDL=0;EPI=0;SPLITK=0;PR=32;SPW=0;PLA=0;SISM=0
glm52,6144,16384,1,8,1,pdl,B2B,43.7702,43.6819,2300.466,0.575117,1830,1.671419e-03,1,M_TILE=8;BM=64;WG=4;REG=112;STG=2;TILES=1;SUBS=1;PREPACK=0;PDL=1;EPI=0;SPLITK=0;PR=32;SPW=0;PLA=0;SISM=1
glm52,6144,16384,1,8,1,pdl,ISO,55.6480,55.1680,1809.445,0.452361,1830,1.671419e-03,1,M_TILE=8;BM=64;WG=4;REG=112;STG=2;TILES=1;SUBS=1;PREPACK=0;PDL=1;EPI=0;SPLITK=0;PR=32;SPW=0;PLA=0;SISM=1
glm52,6144,16384,1,8,1,pdl,PDL,41.0829,41.0784,2450.947,0.612737,1830,1.671419e-03,1,M_TILE=8;BM=64;WG=4;REG=112;STG=2;TILES=1;SUBS=1;PREPACK=0;PDL=1;EPI=0;SPLITK=0;PR=32;SPW=0;PLA=0;SISM=1
glm52,6144,16384,2,8,1,pdl,B2B,45.9315,45.9098,2192.844,0.548211,1830,1.679703e-03,1,M_TILE=8;BM=64;WG=4;REG=112;STG=2;TILES=1;SUBS=1;PREPACK=0;PDL=1;EPI=0;SPLITK=0;PR=32;SPW=0;PLA=0;SISM=1
glm52,6144,16384,2,8,1,pdl,ISO,57.8560,57.3760,1740.885,0.435221,1830,1.679703e-03,1,M_TILE=8;BM=64;WG=4;REG=112;STG=2;TILES=1;SUBS=1;PREPACK=0;PDL=1;EPI=0;SPLITK=0;PR=32;SPW=0;PLA=0;SISM=1
glm52,6144,16384,2,8,1,pdl,PDL,42.6906,42.6310,2359.319,0.589830,1830,1.679703e-03,1,M_TILE=8;BM=64;WG=4;REG=112;STG=2;TILES=1;SUBS=1;PREPACK=0;PDL=1;EPI=0;SPLITK=0;PR=32;SPW=0;PLA=0;SISM=1
glm52,6144,16384,4,8,1,pdl,B2B,46.3962,46.3680,2172.119,0.543030,1830,1.666145e-03,1,M_TILE=8;BM=64;WG=4;REG=112;STG=2;TILES=1;SUBS=1;PREPACK=0;PDL=1;EPI=0;SPLITK=0;PR=32;SPW=0;PLA=0;SISM=1
glm52,6144,16384,4,8,1,pdl,ISO,58.3360,57.9200,1727.544,0.431886,1830,1.666145e-03,1,M_TILE=8;BM=64;WG=4;REG=112;STG=2;TILES=1;SUBS=1;PREPACK=0;PDL=1;EPI=0;SPLITK=0;PR=32;SPW=0;PLA=0;SISM=1
glm52,6144,16384,4,8,1,pdl,PDL,42.9536,42.9293,2346.206,0.586551,1830,1.666145e-03,1,M_TILE=8;BM=64;WG=4;REG=112;STG=2;TILES=1;SUBS=1;PREPACK=0;PDL=1;EPI=0;SPLITK=0;PR=32;SPW=0;PLA=0;SISM=1
glm52,6144,16384,8,8,1,pdl,B2B,46.8416,46.8326,2153.912,0.538478,1830,1.665706e-03,1,M_TILE=8;BM=64;WG=4;REG=112;STG=2;TILES=1;SUBS=1;PREPACK=0;PDL=1;EPI=0;SPLITK=0;PR=32;SPW=0;PLA=0;SISM=1
glm52,6144,16384,8,8,1,pdl,ISO,58.7200,58.2720,1718.199,0.429550,1830,1.665706e-03,1,M_TILE=8;BM=64;WG=4;REG=112;STG=2;TILES=1;SUBS=1;PREPACK=0;PDL=1;EPI=0;SPLITK=0;PR=32;SPW=0;PLA=0;SISM=1
glm52,6144,16384,8,8,1,pdl,PDL,43.2915,43.2845,2330.541,0.582635,1830,1.665706e-03,1,M_TILE=8;BM=64;WG=4;REG=112;STG=2;TILES=1;SUBS=1;PREPACK=0;PDL=1;EPI=0;SPLITK=0;PR=32;SPW=0;PLA=0;SISM=1
glm52,6144,16384,16,16,1,pdl,B2B,56.0877,56.0794,1802.928,0.450732,1830,1.667226e-03,1,M_TILE=16;BM=48;WG=2;REG=112;STG=2;TILES=2;SUBS=2;PREPACK=0;PDL=1;EPI=0;SPLITK=0;PR=32;SPW=0;PLA=0;SISM=1
glm52,6144,16384,16,16,1,pdl,ISO,66.5920,66.2080,1518.531,0.379633,1830,1.667226e-03,1,M_TILE=16;BM=48;WG=2;REG=112;STG=2;TILES=2;SUBS=2;PREPACK=0;PDL=1;EPI=0;SPLITK=0;PR=32;SPW=0;PLA=0;SISM=1
glm52,6144,16384,16,16,1,pdl,PDL,54.0365,54.0346,1871.366,0.467842,1830,1.667226e-03,1,M_TILE=16;BM=48;WG=2;REG=112;STG=2;TILES=2;SUBS=2;PREPACK=0;PDL=1;EPI=0;SPLITK=0;PR=32;SPW=0;PLA=0;SISM=1
glm52,6144,16384,32,32,1,pdl,B2B,87.8534,87.7952,1156.253,0.289063,1830,1.668254e-03,1,M_TILE=32;BM=48;WG=2;REG=168;STG=2;TILES=2;SUBS=2;PREPACK=0;PDL=1;EPI=0;SPLITK=0;PR=32;SPW=0;PLA=0;SISM=0
glm52,6144,16384,32,32,1,pdl,ISO,92.5120,91.7440,1098.028,0.274507,1830,1.668254e-03,1,M_TILE=32;BM=48;WG=2;REG=168;STG=2;TILES=2;SUBS=2;PREPACK=0;PDL=1;EPI=0;SPLITK=0;PR=32;SPW=0;PLA=0;SISM=0
glm52,6144,16384,32,32,1,pdl,PDL,85.5104,85.4259,1187.935,0.296984,1830,1.668254e-03,1,M_TILE=32;BM=48;WG=2;REG=168;STG=2;TILES=2;SUBS=2;PREPACK=0;PDL=1;EPI=0;SPLITK=0;PR=32;SPW=0;PLA=0;SISM=0
glm52,6144,16384,64,64,1,pdl,B2B,199.6493,199.6019,513.392,0.128348,1830,1.670176e-03,1,M_TILE=64;BM=48;WG=2;REG=168;STG=2;TILES=2;SUBS=2;PREPACK=0;PDL=1;EPI=0;SPLITK=0;PR=32;SPW=0;PLA=0;SISM=0
glm52,6144,16384,64,64,1,pdl,ISO,206.0800,205.2480,497.371,0.124343,1830,1.670176e-03,1,M_TILE=64;BM=48;WG=2;REG=168;STG=2;TILES=2;SUBS=2;PREPACK=0;PDL=1;EPI=0;SPLITK=0;PR=32;SPW=0;PLA=0;SISM=0
glm52,6144,16384,64,64,1,pdl,PDL,188.7040,188.5741,543.170,0.135792,1830,1.670176e-03,1,M_TILE=64;BM=48;WG=2;REG=168;STG=2;TILES=2;SUBS=2;PREPACK=0;PDL=1;EPI=0;SPLITK=0;PR=32;SPW=0;PLA=0;SISM=0
glm52,6144,16384,128,128,1,pdl,B2B,347.5104,347.3952,300.231,0.075058,1830,1.668914e-03,1,M_TILE=128;BM=48;WG=2;REG=168;STG=2;TILES=2;SUBS=1;PREPACK=0;PDL=1;EPI=0;SPLITK=0;PR=32;SPW=0;PLA=0;SISM=0
glm52,6144,16384,128,128,1,pdl,ISO,354.1760,352.7680,294.580,0.073645,1830,1.668914e-03,1,M_TILE=128;BM=48;WG=2;REG=168;STG=2;TILES=2;SUBS=1;PREPACK=0;PDL=1;EPI=0;SPLITK=0;PR=32;SPW=0;PLA=0;SISM=0
glm52,6144,16384,128,128,1,pdl,PDL,340.3482,340.2630,306.549,0.076637,1830,1.668914e-03,1,M_TILE=128;BM=48;WG=2;REG=168;STG=2;TILES=2;SUBS=1;PREPACK=0;PDL=1;EPI=0;SPLITK=0;PR=32;SPW=0;PLA=0;SISM=0
glm52,6144,16384,1,8,2,blockk,B2B,36.8301,36.8141,2733.960,0.683490,1830,1.671420e-03,1,M_TILE=8;BM=64;WG=4;REG=112;STG=2;TILES=1;SUBS=2;PREPACK=0;PDL=1;EPI=0;SPLITK=0;PR=32;SPW=0;PLA=0;SISM=1
glm52,6144,16384,1,8,2,blockk,ISO,47.9360,47.3920,2100.550,0.525138,1830,1.671420e-03,1,M_TILE=8;BM=64;WG=4;REG=112;STG=2;TILES=1;SUBS=2;PREPACK=0;PDL=1;EPI=0;SPLITK=0;PR=32;SPW=0;PLA=0;SISM=1
glm52,6144,16384,1,8,2,blockk,PDL,33.4080,33.3184,3014.008,0.753502,1830,1.671420e-03,1,M_TILE=8;BM=64;WG=4;REG=112;STG=2;TILES=1;SUBS=2;PREPACK=0;PDL=1;EPI=0;SPLITK=0;PR=32;SPW=0;PLA=0;SISM=1
glm52,6144,16384,2,8,2,blockk,B2B,39.3862,39.3267,2557.255,0.639314,1830,1.679704e-03,1,M_TILE=8;BM=64;WG=4;REG=112;STG=2;TILES=1;SUBS=2;PREPACK=0;PDL=1;EPI=0;SPLITK=0;PR=32;SPW=0;PLA=0;SISM=1
glm52,6144,16384,2,8,2,blockk,ISO,50.2720,49.5680,2003.514,0.500878,1830,1.679704e-03,1,M_TILE=8;BM=64;WG=4;REG=112;STG=2;TILES=1;SUBS=2;PREPACK=0;PDL=1;EPI=0;SPLITK=0;PR=32;SPW=0;PLA=0;SISM=1
glm52,6144,16384,2,8,2,blockk,PDL,35.1674,35.1462,2864.038,0.716009,1830,1.679704e-03,1,M_TILE=8;BM=64;WG=4;REG=112;STG=2;TILES=1;SUBS=2;PREPACK=0;PDL=1;EPI=0;SPLITK=0;PR=32;SPW=0;PLA=0;SISM=1
glm52,6144,16384,4,8,2,blockk,B2B,39.9578,39.9181,2522.113,0.630528,1830,1.666138e-03,1,M_TILE=8;BM=64;WG=4;REG=112;STG=2;TILES=1;SUBS=2;PREPACK=0;PDL=1;EPI=0;SPLITK=0;PR=32;SPW=0;PLA=0;SISM=1
glm52,6144,16384,4,8,2,blockk,ISO,50.9120,50.2720,1979.454,0.494864,1830,1.666138e-03,1,M_TILE=8;BM=64;WG=4;REG=112;STG=2;TILES=1;SUBS=2;PREPACK=0;PDL=1;EPI=0;SPLITK=0;PR=32;SPW=0;PLA=0;SISM=1
glm52,6144,16384,4,8,2,blockk,PDL,35.5405,35.5213,2835.583,0.708896,1830,1.666138e-03,1,M_TILE=8;BM=64;WG=4;REG=112;STG=2;TILES=1;SUBS=2;PREPACK=0;PDL=1;EPI=0;SPLITK=0;PR=32;SPW=0;PLA=0;SISM=1
glm52,6144,16384,8,8,2,blockk,B2B,40.6509,40.6458,2481.931,0.620483,1830,1.665702e-03,1,M_TILE=8;BM=64;WG=4;REG=112;STG=2;TILES=1;SUBS=2;PREPACK=0;PDL=1;EPI=0;SPLITK=0;PR=32;SPW=0;PLA=0;SISM=1
glm52,6144,16384,8,8,2,blockk,ISO,51.6160,51.1680,1954.678,0.488670,1830,1.665702e-03,1,M_TILE=8;BM=64;WG=4;REG=112;STG=2;TILES=1;SUBS=2;PREPACK=0;PDL=1;EPI=0;SPLITK=0;PR=32;SPW=0;PLA=0;SISM=1
glm52,6144,16384,8,8,2,blockk,PDL,36.0960,36.0237,2795.121,0.698780,1830,1.665702e-03,1,M_TILE=8;BM=64;WG=4;REG=112;STG=2;TILES=1;SUBS=2;PREPACK=0;PDL=1;EPI=0;SPLITK=0;PR=32;SPW=0;PLA=0;SISM=1
glm52,6144,16384,16,16,2,blockk,B2B,56.1242,56.1082,1801.756,0.450439,1830,1.667226e-03,1,M_TILE=16;BM=48;WG=2;REG=112;STG=2;TILES=2;SUBS=2;PREPACK=0;PDL=1;EPI=0;SPLITK=0;PR=32;SPW=0;PLA=0;SISM=1
glm52,6144,16384,16,16,2,blockk,ISO,66.5280,66.0160,1519.992,0.379998,1830,1.667226e-03,1,M_TILE=16;BM=48;WG=2;REG=112;STG=2;TILES=2;SUBS=2;PREPACK=0;PDL=1;EPI=0;SPLITK=0;PR=32;SPW=0;PLA=0;SISM=1
glm52,6144,16384,16,16,2,blockk,PDL,54.0378,54.0134,1871.322,0.467830,1830,1.667226e-03,1,M_TILE=16;BM=48;WG=2;REG=112;STG=2;TILES=2;SUBS=2;PREPACK=0;PDL=1;EPI=0;SPLITK=0;PR=32;SPW=0;PLA=0;SISM=1
glm52,6144,16384,32,32,2,blockk,B2B,87.9770,87.9712,1154.630,0.288657,1830,1.668254e-03,1,M_TILE=32;BM=48;WG=2;REG=168;STG=2;TILES=2;SUBS=2;PREPACK=0;PDL=1;EPI=0;SPLITK=0;PR=32;SPW=0;PLA=0;SISM=0
glm52,6144,16384,32,32,2,blockk,ISO,92.4480,92.1280,1098.788,0.274697,1830,1.668254e-03,1,M_TILE=32;BM=48;WG=2;REG=168;STG=2;TILES=2;SUBS=2;PREPACK=0;PDL=1;EPI=0;SPLITK=0;PR=32;SPW=0;PLA=0;SISM=0
glm52,6144,16384,32,32,2,blockk,PDL,85.6749,85.6141,1185.654,0.296414,1830,1.668254e-03,1,M_TILE=32;BM=48;WG=2;REG=168;STG=2;TILES=2;SUBS=2;PREPACK=0;PDL=1;EPI=0;SPLITK=0;PR=32;SPW=0;PLA=0;SISM=0
glm52,6144,16384,64,64,2,blockk,B2B,200.0090,199.9469,512.469,0.128117,1830,1.670176e-03,1,M_TILE=64;BM=48;WG=2;REG=168;STG=2;TILES=2;SUBS=2;PREPACK=0;PDL=1;EPI=0;SPLITK=0;PR=32;SPW=0;PLA=0;SISM=0
glm52,6144,16384,64,64,2,blockk,ISO,206.6240,206.0480,496.062,0.124015,1830,1.670176e-03,1,M_TILE=64;BM=48;WG=2;REG=168;STG=2;TILES=2;SUBS=2;PREPACK=0;PDL=1;EPI=0;SPLITK=0;PR=32;SPW=0;PLA=0;SISM=0
glm52,6144,16384,64,64,2,blockk,PDL,188.8390,188.7552,542.781,0.135695,1830,1.670176e-03,1,M_TILE=64;BM=48;WG=2;REG=168;STG=2;TILES=2;SUBS=2;PREPACK=0;PDL=1;EPI=0;SPLITK=0;PR=32;SPW=0;PLA=0;SISM=0
glm52,6144,16384,128,128,2,blockk,B2B,348.1223,347.8867,299.703,0.074926,1830,1.668914e-03,1,M_TILE=128;BM=48;WG=2;REG=168;STG=2;TILES=2;SUBS=1;PREPACK=0;PDL=1;EPI=0;SPLITK=0;PR=32;SPW=0;PLA=0;SISM=0
glm52,6144,16384,128,128,2,blockk,ISO,354.0480,352.9920,294.687,0.073672,1830,1.668914e-03,1,M_TILE=128;BM=48;WG=2;REG=168;STG=2;TILES=2;SUBS=1;PREPACK=0;PDL=1;EPI=0;SPLITK=0;PR=32;SPW=0;PLA=0;SISM=0
glm52,6144,16384,128,128,2,blockk,PDL,340.4243,340.2342,306.480,0.076620,1830,1.668914e-03,1,M_TILE=128;BM=48;WG=2;REG=168;STG=2;TILES=2;SUBS=1;PREPACK=0;PDL=1;EPI=0;SPLITK=0;PR=32;SPW=0;PLA=0;SISM=0
glm52,6144,16384,1,8,3,prepack,B2B,36.8333,36.7808,2733.723,0.683431,1830,1.671420e-03,1,M_TILE=8;BM=64;WG=4;REG=112;STG=2;TILES=1;SUBS=2;PREPACK=1;PDL=1;EPI=0;SPLITK=0;PR=32;SPW=0;PLA=0;SISM=1
glm52,6144,16384,1,8,3,prepack,ISO,48.6080,48.0640,2071.510,0.517878,1830,1.671420e-03,1,M_TILE=8;BM=64;WG=4;REG=112;STG=2;TILES=1;SUBS=2;PREPACK=1;PDL=1;EPI=0;SPLITK=0;PR=32;SPW=0;PLA=0;SISM=1
glm52,6144,16384,1,8,3,prepack,PDL,33.1725,33.0310,3035.407,0.758852,1830,1.671420e-03,1,M_TILE=8;BM=64;WG=4;REG=112;STG=2;TILES=1;SUBS=2;PREPACK=1;PDL=1;EPI=0;SPLITK=0;PR=32;SPW=0;PLA=0;SISM=1
glm52,6144,16384,2,8,3,prepack,B2B,38.8288,38.7994,2593.967,0.648492,1830,1.679704e-03,1,M_TILE=8;BM=64;WG=4;REG=112;STG=2;TILES=1;SUBS=2;PREPACK=1;PDL=1;EPI=0;SPLITK=0;PR=32;SPW=0;PLA=0;SISM=1
glm52,6144,16384,2,8,3,prepack,ISO,50.0800,49.7600,2011.195,0.502799,1830,1.679704e-03,1,M_TILE=8;BM=64;WG=4;REG=112;STG=2;TILES=1;SUBS=2;PREPACK=1;PDL=1;EPI=0;SPLITK=0;PR=32;SPW=0;PLA=0;SISM=1
glm52,6144,16384,2,8,3,prepack,PDL,34.6490,34.6464,2906.888,0.726722,1830,1.679704e-03,1,M_TILE=8;BM=64;WG=4;REG=112;STG=2;TILES=1;SUBS=2;PREPACK=1;PDL=1;EPI=0;SPLITK=0;PR=32;SPW=0;PLA=0;SISM=1
glm52,6144,16384,4,8,3,prepack,B2B,39.3920,39.3824,2558.336,0.639584,1830,1.666138e-03,1,M_TILE=8;BM=64;WG=4;REG=112;STG=2;TILES=1;SUBS=2;PREPACK=1;PDL=1;EPI=0;SPLITK=0;PR=32;SPW=0;PLA=0;SISM=1
glm52,6144,16384,4,8,3,prepack,ISO,50.6880,50.2400,1988.202,0.497051,1830,1.666138e-03,1,M_TILE=8;BM=64;WG=4;REG=112;STG=2;TILES=1;SUBS=2;PREPACK=1;PDL=1;EPI=0;SPLITK=0;PR=32;SPW=0;PLA=0;SISM=1
glm52,6144,16384,4,8,3,prepack,PDL,35.0349,35.0304,2876.504,0.719126,1830,1.666138e-03,1,M_TILE=8;BM=64;WG=4;REG=112;STG=2;TILES=1;SUBS=2;PREPACK=1;PDL=1;EPI=0;SPLITK=0;PR=32;SPW=0;PLA=0;SISM=1
glm52,6144,16384,8,8,3,prepack,B2B,40.3590,40.3430,2499.878,0.624969,1830,1.665702e-03,1,M_TILE=8;BM=64;WG=4;REG=112;STG=2;TILES=1;SUBS=2;PREPACK=1;PDL=1;EPI=0;SPLITK=0;PR=32;SPW=0;PLA=0;SISM=1
glm52,6144,16384,8,8,3,prepack,ISO,51.2000,50.6560,1970.560,0.492640,1830,1.665702e-03,1,M_TILE=8;BM=64;WG=4;REG=112;STG=2;TILES=1;SUBS=2;PREPACK=1;PDL=1;EPI=0;SPLITK=0;PR=32;SPW=0;PLA=0;SISM=1
glm52,6144,16384,8,8,3,prepack,PDL,35.6384,35.5680,2831.010,0.707753,1830,1.665702e-03,1,M_TILE=8;BM=64;WG=4;REG=112;STG=2;TILES=1;SUBS=2;PREPACK=1;PDL=1;EPI=0;SPLITK=0;PR=32;SPW=0;PLA=0;SISM=1
glm52,6144,16384,16,16,3,prepack,B2B,57.2653,57.2595,1765.853,0.441463,1830,1.667226e-03,1,M_TILE=16;BM=48;WG=2;REG=112;STG=2;TILES=2;SUBS=2;PREPACK=1;PDL=1;EPI=0;SPLITK=0;PR=32;SPW=0;PLA=0;SISM=1
glm52,6144,16384,16,16,3,prepack,ISO,71.8400,71.4240,1407.601,0.351900,1830,1.667226e-03,1,M_TILE=16;BM=48;WG=2;REG=112;STG=2;TILES=2;SUBS=2;PREPACK=1;PDL=1;EPI=0;SPLITK=0;PR=32;SPW=0;PLA=0;SISM=1
glm52,6144,16384,16,16,3,prepack,PDL,55.3389,55.2128,1827.324,0.456831,1830,1.667226e-03,1,M_TILE=16;BM=48;WG=2;REG=112;STG=2;TILES=2;SUBS=2;PREPACK=1;PDL=1;EPI=0;SPLITK=0;PR=32;SPW=0;PLA=0;SISM=1
glm52,6144,16384,32,32,3,prepack,B2B,87.9693,87.9309,1154.730,0.288683,1830,1.668254e-03,1,M_TILE=32;BM=48;WG=2;REG=168;STG=2;TILES=2;SUBS=2;PREPACK=1;PDL=1;EPI=0;SPLITK=0;PR=32;SPW=0;PLA=0;SISM=0
glm52,6144,16384,32,32,3,prepack,ISO,93.8560,93.4080,1082.305,0.270576,1830,1.668254e-03,1,M_TILE=32;BM=48;WG=2;REG=168;STG=2;TILES=2;SUBS=2;PREPACK=1;PDL=1;EPI=0;SPLITK=0;PR=32;SPW=0;PLA=0;SISM=0
glm52,6144,16384,32,32,3,prepack,PDL,85.5469,85.4829,1187.428,0.296857,1830,1.668254e-03,1,M_TILE=32;BM=48;WG=2;REG=168;STG=2;TILES=2;SUBS=2;PREPACK=1;PDL=1;EPI=0;SPLITK=0;PR=32;SPW=0;PLA=0;SISM=0
glm52,6144,16384,64,64,3,prepack,B2B,200.9331,200.7834,510.112,0.127528,1830,1.670176e-03,1,M_TILE=64;BM=48;WG=2;REG=168;STG=2;TILES=2;SUBS=2;PREPACK=1;PDL=1;EPI=0;SPLITK=0;PR=32;SPW=0;PLA=0;SISM=0
glm52,6144,16384,64,64,3,prepack,ISO,207.5200,206.8160,493.920,0.123480,1830,1.670176e-03,1,M_TILE=64;BM=48;WG=2;REG=168;STG=2;TILES=2;SUBS=2;PREPACK=1;PDL=1;EPI=0;SPLITK=0;PR=32;SPW=0;PLA=0;SISM=0
glm52,6144,16384,64,64,3,prepack,PDL,188.7046,187.9488,543.168,0.135792,1830,1.670176e-03,1,M_TILE=64;BM=48;WG=2;REG=168;STG=2;TILES=2;SUBS=2;PREPACK=1;PDL=1;EPI=0;SPLITK=0;PR=32;SPW=0;PLA=0;SISM=0
glm52,6144,16384,128,128,3,prepack,B2B,333.6998,333.6493,312.656,0.078164,1830,1.668914e-03,1,M_TILE=128;BM=48;WG=2;REG=168;STG=2;TILES=2;SUBS=1;PREPACK=1;PDL=1;EPI=0;SPLITK=0;PR=32;SPW=0;PLA=0;SISM=0
glm52,6144,16384,128,128,3,prepack,ISO,339.5520,338.6880,307.268,0.076817,1830,1.668914e-03,1,M_TILE=128;BM=48;WG=2;REG=168;STG=2;TILES=2;SUBS=1;PREPACK=1;PDL=1;EPI=0;SPLITK=0;PR=32;SPW=0;PLA=0;SISM=0
glm52,6144,16384,128,128,3,prepack,PDL,328.8883,328.8237,317.230,0.079308,1830,1.668914e-03,1,M_TILE=128;BM=48;WG=2;REG=168;STG=2;TILES=2;SUBS=1;PREPACK=1;PDL=1;EPI=0;SPLITK=0;PR=32;SPW=0;PLA=0;SISM=0
glm52,6144,16384,1,8,4,tile_stage,B2B,32.1318,32.0672,3133.713,0.783428,1830,1.671420e-03,1,M_TILE=8;BM=56;WG=2;REG=80;STG=2;TILES=1;SUBS=2;PREPACK=1;PDL=1;EPI=0;SPLITK=0;PR=32;SPW=0;PLA=0;SISM=1
glm52,6144,16384,1,8,4,tile_stage,ISO,44.0320,43.6800,2286.791,0.571698,1830,1.671420e-03,1,M_TILE=8;BM=56;WG=2;REG=80;STG=2;TILES=1;SUBS=2;PREPACK=1;PDL=1;EPI=0;SPLITK=0;PR=32;SPW=0;PLA=0;SISM=1
glm52,6144,16384,1,8,4,tile_stage,PDL,30.1805,29.8291,3336.328,0.834082,1830,1.671420e-03,1,M_TILE=8;BM=56;WG=2;REG=80;STG=2;TILES=1;SUBS=2;PREPACK=1;PDL=1;EPI=0;SPLITK=0;PR=32;SPW=0;PLA=0;SISM=1
glm52,6144,16384,2,8,4,tile_stage,B2B,32.6067,32.5754,3088.953,0.772238,1830,1.679704e-03,1,M_TILE=8;BM=56;WG=2;REG=80;STG=2;TILES=1;SUBS=2;PREPACK=1;PDL=1;EPI=0;SPLITK=0;PR=32;SPW=0;PLA=0;SISM=1
glm52,6144,16384,2,8,4,tile_stage,ISO,44.3520,44.1600,2270.938,0.567735,1830,1.679704e-03,1,M_TILE=8;BM=56;WG=2;REG=80;STG=2;TILES=1;SUBS=2;PREPACK=1;PDL=1;EPI=0;SPLITK=0;PR=32;SPW=0;PLA=0;SISM=1
glm52,6144,16384,2,8,4,tile_stage,PDL,31.2218,31.0950,3225.976,0.806494,1830,1.679704e-03,1,M_TILE=8;BM=56;WG=2;REG=80;STG=2;TILES=1;SUBS=2;PREPACK=1;PDL=1;EPI=0;SPLITK=0;PR=32;SPW=0;PLA=0;SISM=1
glm52,6144,16384,4,8,4,tile_stage,B2B,32.9875,32.9107,3055.034,0.763758,1830,1.666145e-03,1,M_TILE=8;BM=56;WG=2;REG=80;STG=2;TILES=1;SUBS=2;PREPACK=1;PDL=1;EPI=0;SPLITK=0;PR=32;SPW=0;PLA=0;SISM=1
glm52,6144,16384,4,8,4,tile_stage,ISO,44.6720,44.4800,2255.954,0.563989,1830,1.666145e-03,1,M_TILE=8;BM=56;WG=2;REG=80;STG=2;TILES=1;SUBS=2;PREPACK=1;PDL=1;EPI=0;SPLITK=0;PR=32;SPW=0;PLA=0;SISM=1
glm52,6144,16384,4,8,4,tile_stage,PDL,31.2454,31.0061,3225.366,0.806342,1830,1.666145e-03,1,M_TILE=8;BM=56;WG=2;REG=80;STG=2;TILES=1;SUBS=2;PREPACK=1;PDL=1;EPI=0;SPLITK=0;PR=32;SPW=0;PLA=0;SISM=1
glm52,6144,16384,8,8,4,tile_stage,B2B,33.7107,33.5686,2992.896,0.748224,1830,1.665705e-03,1,M_TILE=8;BM=56;WG=2;REG=80;STG=2;TILES=1;SUBS=2;PREPACK=1;PDL=1;EPI=0;SPLITK=0;PR=32;SPW=0;PLA=0;SISM=1
glm52,6144,16384,8,8,4,tile_stage,ISO,45.6960,45.3760,2207.910,0.551978,1830,1.665705e-03,1,M_TILE=8;BM=56;WG=2;REG=80;STG=2;TILES=1;SUBS=2;PREPACK=1;PDL=1;EPI=0;SPLITK=0;PR=32;SPW=0;PLA=0;SISM=1
glm52,6144,16384,8,8,4,tile_stage,PDL,31.7235,31.6544,3180.374,0.795094,1830,1.665705e-03,1,M_TILE=8;BM=56;WG=2;REG=80;STG=2;TILES=1;SUBS=2;PREPACK=1;PDL=1;EPI=0;SPLITK=0;PR=32;SPW=0;PLA=0;SISM=1
glm52,6144,16384,16,16,4,tile_stage,B2B,54.1350,54.1312,1867.959,0.466990,1830,1.667226e-03,1,M_TILE=16;BM=64;WG=1;REG=80;STG=4;TILES=1;SUBS=2;PREPACK=1;PDL=1;EPI=0;SPLITK=0;PR=32;SPW=0;PLA=0;SISM=1
glm52,6144,16384,16,16,4,tile_stage,ISO,59.0400,58.6560,1712.772,0.428193,1830,1.667226e-03,1,M_TILE=16;BM=64;WG=1;REG=80;STG=4;TILES=1;SUBS=2;PREPACK=1;PDL=1;EPI=0;SPLITK=0;PR=32;SPW=0;PLA=0;SISM=1
glm52,6144,16384,16,16,4,tile_stage,PDL,49.5002,49.4810,2042.863,0.510716,1830,1.667226e-03,1,M_TILE=16;BM=64;WG=1;REG=80;STG=4;TILES=1;SUBS=2;PREPACK=1;PDL=1;EPI=0;SPLITK=0;PR=32;SPW=0;PLA=0;SISM=1
glm52,6144,16384,32,32,4,tile_stage,B2B,74.7770,74.7270,1358.451,0.339613,1830,1.668254e-03,1,M_TILE=32;BM=64;WG=1;REG=112;STG=4;TILES=1;SUBS=2;PREPACK=1;PDL=1;EPI=0;SPLITK=0;PR=32;SPW=0;PLA=0;SISM=0
glm52,6144,16384,32,32,4,tile_stage,ISO,78.9440,78.4960,1286.745,0.321686,1830,1.668254e-03,1,M_TILE=32;BM=64;WG=1;REG=112;STG=4;TILES=1;SUBS=2;PREPACK=1;PDL=1;EPI=0;SPLITK=0;PR=32;SPW=0;PLA=0;SISM=0
glm52,6144,16384,32,32,4,tile_stage,PDL,67.7037,67.6435,1500.373,0.375093,1830,1.668254e-03,1,M_TILE=32;BM=64;WG=1;REG=112;STG=4;TILES=1;SUBS=2;PREPACK=1;PDL=1;EPI=0;SPLITK=0;PR=32;SPW=0;PLA=0;SISM=0
glm52,6144,16384,64,64,4,tile_stage,B2B,198.9139,198.7174,515.290,0.128822,1830,1.670176e-03,1,M_TILE=64;BM=48;WG=2;REG=168;STG=3;TILES=2;SUBS=2;PREPACK=1;PDL=1;EPI=0;SPLITK=0;PR=32;SPW=0;PLA=0;SISM=0
glm52,6144,16384,64,64,4,tile_stage,ISO,207.5200,206.2080,493.920,0.123480,1830,1.670176e-03,1,M_TILE=64;BM=48;WG=2;REG=168;STG=3;TILES=2;SUBS=2;PREPACK=1;PDL=1;EPI=0;SPLITK=0;PR=32;SPW=0;PLA=0;SISM=0
glm52,6144,16384,64,64,4,tile_stage,PDL,189.6723,189.2205,540.397,0.135099,1830,1.670176e-03,1,M_TILE=64;BM=48;WG=2;REG=168;STG=3;TILES=2;SUBS=2;PREPACK=1;PDL=1;EPI=0;SPLITK=0;PR=32;SPW=0;PLA=0;SISM=0
glm52,6144,16384,128,128,4,tile_stage,B2B,438.4147,438.3610,237.979,0.059495,1830,1.668914e-03,1,M_TILE=128;BM=64;WG=1;REG=232;STG=2;TILES=1;SUBS=1;PREPACK=1;PDL=1;EPI=0;SPLITK=0;PR=32;SPW=0;PLA=0;SISM=0
glm52,6144,16384,128,128,4,tile_stage,ISO,442.2400,441.7600,235.920,0.058980,1830,1.668914e-03,1,M_TILE=128;BM=64;WG=1;REG=232;STG=2;TILES=1;SUBS=1;PREPACK=1;PDL=1;EPI=0;SPLITK=0;PR=32;SPW=0;PLA=0;SISM=0
glm52,6144,16384,128,128,4,tile_stage,PDL,410.0634,407.9226,254.432,0.063608,1830,1.668914e-03,1,M_TILE=128;BM=64;WG=1;REG=232;STG=2;TILES=1;SUBS=1;PREPACK=1;PDL=1;EPI=0;SPLITK=0;PR=32;SPW=0;PLA=0;SISM=0
glm52,6144,16384,1,8,5,epi_overlap,B2B,32.1933,32.1434,3127.733,0.781933,1830,1.671420e-03,1,M_TILE=8;BM=56;WG=2;REG=80;STG=2;TILES=1;SUBS=2;PREPACK=1;PDL=1;EPI=1;SPLITK=0;PR=32;SPW=0;PLA=0;SISM=1
glm52,6144,16384,1,8,5,epi_overlap,ISO,43.8720,43.4880,2295.131,0.573783,1830,1.671420e-03,1,M_TILE=8;BM=56;WG=2;REG=80;STG=2;TILES=1;SUBS=2;PREPACK=1;PDL=1;EPI=1;SPLITK=0;PR=32;SPW=0;PLA=0;SISM=1
glm52,6144,16384,1,8,5,epi_overlap,PDL,30.3846,30.1376,3313.910,0.828478,1830,1.671420e-03,1,M_TILE=8;BM=56;WG=2;REG=80;STG=2;TILES=1;SUBS=2;PREPACK=1;PDL=1;EPI=1;SPLITK=0;PR=32;SPW=0;PLA=0;SISM=1
glm52,6144,16384,2,8,5,epi_overlap,B2B,32.5715,32.5536,3092.292,0.773073,1830,1.679704e-03,1,M_TILE=8;BM=56;WG=2;REG=80;STG=2;TILES=1;SUBS=2;PREPACK=1;PDL=1;EPI=1;SPLITK=0;PR=32;SPW=0;PLA=0;SISM=1
glm52,6144,16384,2,8,5,epi_overlap,ISO,44.5120,44.2240,2262.775,0.565694,1830,1.679704e-03,1,M_TILE=8;BM=56;WG=2;REG=80;STG=2;TILES=1;SUBS=2;PREPACK=1;PDL=1;EPI=1;SPLITK=0;PR=32;SPW=0;PLA=0;SISM=1
glm52,6144,16384,2,8,5,epi_overlap,PDL,30.7475,30.5766,3275.732,0.818933,1830,1.679704e-03,1,M_TILE=8;BM=56;WG=2;REG=80;STG=2;TILES=1;SUBS=2;PREPACK=1;PDL=1;EPI=1;SPLITK=0;PR=32;SPW=0;PLA=0;SISM=1
glm52,6144,16384,4,8,5,epi_overlap,B2B,32.9587,32.8922,3057.703,0.764426,1830,1.666145e-03,1,M_TILE=8;BM=56;WG=2;REG=80;STG=2;TILES=1;SUBS=2;PREPACK=1;PDL=1;EPI=1;SPLITK=0;PR=32;SPW=0;PLA=0;SISM=1
glm52,6144,16384,4,8,5,epi_overlap,ISO,44.7040,44.4480,2254.339,0.563585,1830,1.666145e-03,1,M_TILE=8;BM=56;WG=2;REG=80;STG=2;TILES=1;SUBS=2;PREPACK=1;PDL=1;EPI=1;SPLITK=0;PR=32;SPW=0;PLA=0;SISM=1
glm52,6144,16384,4,8,5,epi_overlap,PDL,30.8653,30.3046,3265.092,0.816273,1830,1.666145e-03,1,M_TILE=8;BM=56;WG=2;REG=80;STG=2;TILES=1;SUBS=2;PREPACK=1;PDL=1;EPI=1;SPLITK=0;PR=32;SPW=0;PLA=0;SISM=1
glm52,6144,16384,8,8,5,epi_overlap,B2B,33.7222,33.3837,2991.873,0.747968,1830,1.665705e-03,1,M_TILE=8;BM=56;WG=2;REG=80;STG=2;TILES=1;SUBS=2;PREPACK=1;PDL=1;EPI=1;SPLITK=0;PR=32;SPW=0;PLA=0;SISM=1
glm52,6144,16384,8,8,5,epi_overlap,ISO,45.3760,45.0560,2223.481,0.555870,1830,1.665705e-03,1,M_TILE=8;BM=56;WG=2;REG=80;STG=2;TILES=1;SUBS=2;PREPACK=1;PDL=1;EPI=1;SPLITK=0;PR=32;SPW=0;PLA=0;SISM=1
glm52,6144,16384,8,8,5,epi_overlap,PDL,31.6096,31.5411,3191.836,0.797959,1830,1.665705e-03,1,M_TILE=8;BM=56;WG=2;REG=80;STG=2;TILES=1;SUBS=2;PREPACK=1;PDL=1;EPI=1;SPLITK=0;PR=32;SPW=0;PLA=0;SISM=1
glm52,6144,16384,16,16,5,epi_overlap,B2B,54.1402,54.1024,1867.783,0.466946,1830,1.667226e-03,1,M_TILE=16;BM=64;WG=1;REG=80;STG=4;TILES=1;SUBS=2;PREPACK=1;PDL=1;EPI=1;SPLITK=0;PR=32;SPW=0;PLA=0;SISM=1
glm52,6144,16384,16,16,5,epi_overlap,ISO,59.2640,58.9120,1706.298,0.426575,1830,1.667226e-03,1,M_TILE=16;BM=64;WG=1;REG=80;STG=4;TILES=1;SUBS=2;PREPACK=1;PDL=1;EPI=1;SPLITK=0;PR=32;SPW=0;PLA=0;SISM=1
glm52,6144,16384,16,16,5,epi_overlap,PDL,49.4976,49.4912,2042.969,0.510742,1830,1.667226e-03,1,M_TILE=16;BM=64;WG=1;REG=80;STG=4;TILES=1;SUBS=2;PREPACK=1;PDL=1;EPI=1;SPLITK=0;PR=32;SPW=0;PLA=0;SISM=1
glm52,6144,16384,32,32,5,epi_overlap,B2B,74.9555,74.9517,1355.214,0.338804,1830,1.668254e-03,1,M_TILE=32;BM=64;WG=1;REG=112;STG=4;TILES=1;SUBS=2;PREPACK=1;PDL=1;EPI=1;SPLITK=0;PR=32;SPW=0;PLA=0;SISM=0
glm52,6144,16384,32,32,5,epi_overlap,ISO,79.1040,78.6560,1284.142,0.321036,1830,1.668254e-03,1,M_TILE=32;BM=64;WG=1;REG=112;STG=4;TILES=1;SUBS=2;PREPACK=1;PDL=1;EPI=1;SPLITK=0;PR=32;SPW=0;PLA=0;SISM=0
glm52,6144,16384,32,32,5,epi_overlap,PDL,67.9181,67.8784,1495.637,0.373909,1830,1.668254e-03,1,M_TILE=32;BM=64;WG=1;REG=112;STG=4;TILES=1;SUBS=2;PREPACK=1;PDL=1;EPI=1;SPLITK=0;PR=32;SPW=0;PLA=0;SISM=0
glm52,6144,16384,64,64,5,epi_overlap,B2B,200.1926,200.1363,511.998,0.128000,1830,1.670176e-03,1,M_TILE=64;BM=48;WG=2;REG=168;STG=3;TILES=2;SUBS=2;PREPACK=1;PDL=1;EPI=1;SPLITK=0;PR=32;SPW=0;PLA=0;SISM=0
glm52,6144,16384,64,64,5,epi_overlap,ISO,207.8720,207.0720,493.084,0.123271,1830,1.670176e-03,1,M_TILE=64;BM=48;WG=2;REG=168;STG=3;TILES=2;SUBS=2;PREPACK=1;PDL=1;EPI=1;SPLITK=0;PR=32;SPW=0;PLA=0;SISM=0
glm52,6144,16384,64,64,5,epi_overlap,PDL,190.1766,189.7171,538.964,0.134741,1830,1.670176e-03,1,M_TILE=64;BM=48;WG=2;REG=168;STG=3;TILES=2;SUBS=2;PREPACK=1;PDL=1;EPI=1;SPLITK=0;PR=32;SPW=0;PLA=0;SISM=0
glm52,6144,16384,128,128,5,epi_overlap,B2B,437.6640,437.5629,238.387,0.059597,1830,1.668914e-03,1,M_TILE=128;BM=64;WG=1;REG=232;STG=2;TILES=1;SUBS=1;PREPACK=1;PDL=1;EPI=1;SPLITK=0;PR=32;SPW=0;PLA=0;SISM=0
glm52,6144,16384,128,128,5,epi_overlap,ISO,441.6640,441.2480,236.228,0.059057,1830,1.668914e-03,1,M_TILE=128;BM=64;WG=1;REG=232;STG=2;TILES=1;SUBS=1;PREPACK=1;PDL=1;EPI=1;SPLITK=0;PR=32;SPW=0;PLA=0;SISM=0
glm52,6144,16384,128,128,5,epi_overlap,PDL,407.7031,407.6550,255.905,0.063976,1830,1.668914e-03,1,M_TILE=128;BM=64;WG=1;REG=232;STG=2;TILES=1;SUBS=1;PREPACK=1;PDL=1;EPI=1;SPLITK=0;PR=32;SPW=0;PLA=0;SISM=0
glm52,6144,16384,1,8,6,splitk,B2B,32.1882,32.1434,3128.230,0.782057,1830,1.671420e-03,1,M_TILE=8;BM=56;WG=2;REG=80;STG=2;TILES=1;SUBS=2;PREPACK=1;PDL=1;EPI=1;SPLITK=0;PR=32;SPW=0;PLA=0;SISM=1
glm52,6144,16384,1,8,6,splitk,ISO,43.7760,43.4240,2300.164,0.575041,1830,1.671420e-03,1,M_TILE=8;BM=56;WG=2;REG=80;STG=2;TILES=1;SUBS=2;PREPACK=1;PDL=1;EPI=1;SPLITK=0;PR=32;SPW=0;PLA=0;SISM=1
glm52,6144,16384,1,8,6,splitk,PDL,30.1971,30.0474,3334.489,0.833622,1830,1.671420e-03,1,M_TILE=8;BM=56;WG=2;REG=80;STG=2;TILES=1;SUBS=2;PREPACK=1;PDL=1;EPI=1;SPLITK=0;PR=32;SPW=0;PLA=0;SISM=1
glm52,6144,16384,2,8,6,splitk,B2B,32.5862,32.5542,3090.895,0.772724,1830,1.679704e-03,1,M_TILE=8;BM=56;WG=2;REG=80;STG=2;TILES=1;SUBS=2;PREPACK=1;PDL=1;EPI=1;SPLITK=0;PR=32;SPW=0;PLA=0;SISM=1
glm52,6144,16384,2,8,6,splitk,ISO,44.3200,44.0960,2272.578,0.568144,1830,1.679704e-03,1,M_TILE=8;BM=56;WG=2;REG=80;STG=2;TILES=1;SUBS=2;PREPACK=1;PDL=1;EPI=1;SPLITK=0;PR=32;SPW=0;PLA=0;SISM=1
glm52,6144,16384,2,8,6,splitk,PDL,30.7782,30.7014,3272.462,0.818116,1830,1.679704e-03,1,M_TILE=8;BM=56;WG=2;REG=80;STG=2;TILES=1;SUBS=2;PREPACK=1;PDL=1;EPI=1;SPLITK=0;PR=32;SPW=0;PLA=0;SISM=1
glm52,6144,16384,4,8,6,splitk,B2B,32.9203,32.9114,3061.270,0.765317,1830,1.666145e-03,1,M_TILE=8;BM=56;WG=2;REG=80;STG=2;TILES=1;SUBS=2;PREPACK=1;PDL=1;EPI=1;SPLITK=0;PR=32;SPW=0;PLA=0;SISM=1
glm52,6144,16384,4,8,6,splitk,ISO,44.7360,44.3840,2252.727,0.563182,1830,1.666145e-03,1,M_TILE=8;BM=56;WG=2;REG=80;STG=2;TILES=1;SUBS=2;PREPACK=1;PDL=1;EPI=1;SPLITK=0;PR=32;SPW=0;PLA=0;SISM=1
glm52,6144,16384,4,8,6,splitk,PDL,31.0784,31.0022,3242.702,0.810675,1830,1.666145e-03,1,M_TILE=8;BM=56;WG=2;REG=80;STG=2;TILES=1;SUBS=2;PREPACK=1;PDL=1;EPI=1;SPLITK=0;PR=32;SPW=0;PLA=0;SISM=1
glm52,6144,16384,8,8,6,splitk,B2B,33.7414,33.6698,2990.171,0.747543,1830,1.665705e-03,1,M_TILE=8;BM=56;WG=2;REG=80;STG=2;TILES=1;SUBS=2;PREPACK=1;PDL=1;EPI=1;SPLITK=0;PR=32;SPW=0;PLA=0;SISM=1
glm52,6144,16384,8,8,6,splitk,ISO,45.4720,45.1840,2218.787,0.554697,1830,1.665705e-03,1,M_TILE=8;BM=56;WG=2;REG=80;STG=2;TILES=1;SUBS=2;PREPACK=1;PDL=1;EPI=1;SPLITK=0;PR=32;SPW=0;PLA=0;SISM=1
glm52,6144,16384,8,8,6,splitk,PDL,31.6218,31.1283,3190.609,0.797652,1830,1.665705e-03,1,M_TILE=8;BM=56;WG=2;REG=80;STG=2;TILES=1;SUBS=2;PREPACK=1;PDL=1;EPI=1;SPLITK=0;PR=32;SPW=0;PLA=0;SISM=1
glm52,6144,16384,16,16,6,splitk,B2B,54.2336,54.1523,1864.565,0.466141,1830,1.667226e-03,1,M_TILE=16;BM=64;WG=1;REG=80;STG=4;TILES=1;SUBS=2;PREPACK=1;PDL=1;EPI=1;SPLITK=0;PR=32;SPW=0;PLA=0;SISM=1
glm52,6144,16384,16,16,6,splitk,ISO,59.0080,58.5280,1713.701,0.428425,1830,1.667226e-03,1,M_TILE=16;BM=64;WG=1;REG=80;STG=4;TILES=1;SUBS=2;PREPACK=1;PDL=1;EPI=1;SPLITK=0;PR=32;SPW=0;PLA=0;SISM=1
glm52,6144,16384,16,16,6,splitk,PDL,49.5034,49.4810,2042.731,0.510683,1830,1.667226e-03,1,M_TILE=16;BM=64;WG=1;REG=80;STG=4;TILES=1;SUBS=2;PREPACK=1;PDL=1;EPI=1;SPLITK=0;PR=32;SPW=0;PLA=0;SISM=1
glm52,6144,16384,32,32,6,splitk,B2B,75.0451,74.9491,1353.596,0.338399,1830,1.668254e-03,1,M_TILE=32;BM=64;WG=1;REG=112;STG=4;TILES=1;SUBS=2;PREPACK=1;PDL=1;EPI=1;SPLITK=0;PR=32;SPW=0;PLA=0;SISM=0
glm52,6144,16384,32,32,6,splitk,ISO,79.2320,78.8800,1282.068,0.320517,1830,1.668254e-03,1,M_TILE=32;BM=64;WG=1;REG=112;STG=4;TILES=1;SUBS=2;PREPACK=1;PDL=1;EPI=1;SPLITK=0;PR=32;SPW=0;PLA=0;SISM=0
glm52,6144,16384,32,32,6,splitk,PDL,67.7318,67.7267,1499.750,0.374937,1830,1.668254e-03,1,M_TILE=32;BM=64;WG=1;REG=112;STG=4;TILES=1;SUBS=2;PREPACK=1;PDL=1;EPI=1;SPLITK=0;PR=32;SPW=0;PLA=0;SISM=0
glm52,6144,16384,64,64,6,splitk,B2B,200.3200,199.5232,511.673,0.127918,1830,1.670176e-03,1,M_TILE=64;BM=48;WG=2;REG=168;STG=3;TILES=2;SUBS=2;PREPACK=1;PDL=1;EPI=1;SPLITK=0;PR=32;SPW=0;PLA=0;SISM=0
glm52,6144,16384,64,64,6,splitk,ISO,208.0960,207.0400,492.553,0.123138,1830,1.670176e-03,1,M_TILE=64;BM=48;WG=2;REG=168;STG=3;TILES=2;SUBS=2;PREPACK=1;PDL=1;EPI=1;SPLITK=0;PR=32;SPW=0;PLA=0;SISM=0
glm52,6144,16384,64,64,6,splitk,PDL,190.1306,189.6339,539.094,0.134774,1830,1.670176e-03,1,M_TILE=64;BM=48;WG=2;REG=168;STG=3;TILES=2;SUBS=2;PREPACK=1;PDL=1;EPI=1;SPLITK=0;PR=32;SPW=0;PLA=0;SISM=0
glm52,6144,16384,128,128,6,splitk,B2B,438.3104,437.5782,238.035,0.059509,1830,1.668914e-03,1,M_TILE=128;BM=64;WG=1;REG=232;STG=2;TILES=1;SUBS=1;PREPACK=1;PDL=1;EPI=1;SPLITK=0;PR=32;SPW=0;PLA=0;SISM=0
glm52,6144,16384,128,128,6,splitk,ISO,441.5680,441.1200,236.279,0.059070,1830,1.668914e-03,1,M_TILE=128;BM=64;WG=1;REG=232;STG=2;TILES=1;SUBS=1;PREPACK=1;PDL=1;EPI=1;SPLITK=0;PR=32;SPW=0;PLA=0;SISM=0
glm52,6144,16384,128,128,6,splitk,PDL,410.3405,407.4976,254.260,0.063565,1830,1.668914e-03,1,M_TILE=128;BM=64;WG=1;REG=232;STG=2;TILES=1;SUBS=1;PREPACK=1;PDL=1;EPI=1;SPLITK=0;PR=32;SPW=0;PLA=0;SISM=0
kimi_k3,7168,12288,1,8,0,baseline,B2B,36.1838,36.1063,2434.983,0.608746,1830,1.657344e-03,1,M_TILE=8;BM=64;WG=4;REG=112;STG=2;TILES=1;SUBS=1;PREPACK=0;PDL=0;EPI=0;SPLITK=0;PR=32;SPW=0;PLA=0;SISM=1
kimi_k3,7168,12288,1,8,0,baseline,ISO,48.1600,47.6800,1829.464,0.457366,1830,1.657344e-03,1,M_TILE=8;BM=64;WG=4;REG=112;STG=2;TILES=1;SUBS=1;PREPACK=0;PDL=0;EPI=0;SPLITK=0;PR=32;SPW=0;PLA=0;SISM=1
kimi_k3,7168,12288,1,8,0,baseline,PDL,34.5145,34.4562,2552.754,0.638189,1830,1.657344e-03,1,M_TILE=8;BM=64;WG=4;REG=112;STG=2;TILES=1;SUBS=1;PREPACK=0;PDL=0;EPI=0;SPLITK=0;PR=32;SPW=0;PLA=0;SISM=1
kimi_k3,7168,12288,2,8,0,baseline,B2B,37.6199,37.5669,2342.739,0.585685,1830,1.644477e-03,1,M_TILE=8;BM=64;WG=4;REG=112;STG=2;TILES=1;SUBS=1;PREPACK=0;PDL=0;EPI=0;SPLITK=0;PR=32;SPW=0;PLA=0;SISM=1
kimi_k3,7168,12288,2,8,0,baseline,ISO,49.2160,48.8320,1790.752,0.447688,1830,1.644477e-03,1,M_TILE=8;BM=64;WG=4;REG=112;STG=2;TILES=1;SUBS=1;PREPACK=0;PDL=0;EPI=0;SPLITK=0;PR=32;SPW=0;PLA=0;SISM=1
kimi_k3,7168,12288,2,8,0,baseline,PDL,35.9748,35.9730,2449.874,0.612469,1830,1.644477e-03,1,M_TILE=8;BM=64;WG=4;REG=112;STG=2;TILES=1;SUBS=1;PREPACK=0;PDL=0;EPI=0;SPLITK=0;PR=32;SPW=0;PLA=0;SISM=1
kimi_k3,7168,12288,4,8,0,baseline,B2B,38.2471,38.2190,2305.713,0.576428,1830,1.656548e-03,1,M_TILE=8;BM=64;WG=4;REG=112;STG=2;TILES=1;SUBS=1;PREPACK=0;PDL=0;EPI=0;SPLITK=0;PR=32;SPW=0;PLA=0;SISM=1
kimi_k3,7168,12288,4,8,0,baseline,ISO,49.7600,49.4080,1772.244,0.443061,1830,1.656548e-03,1,M_TILE=8;BM=64;WG=4;REG=112;STG=2;TILES=1;SUBS=1;PREPACK=0;PDL=0;EPI=0;SPLITK=0;PR=32;SPW=0;PLA=0;SISM=1
kimi_k3,7168,12288,4,8,0,baseline,PDL,36.6197,36.6087,2408.179,0.602045,1830,1.656548e-03,1,M_TILE=8;BM=64;WG=4;REG=112;STG=2;TILES=1;SUBS=1;PREPACK=0;PDL=0;EPI=0;SPLITK=0;PR=32;SPW=0;PLA=0;SISM=1
kimi_k3,7168,12288,8,8,0,baseline,B2B,38.7182,38.7022,2280.409,0.570102,1830,1.664362e-03,1,M_TILE=8;BM=64;WG=4;REG=112;STG=2;TILES=1;SUBS=1;PREPACK=0;PDL=0;EPI=0;SPLITK=0;PR=32;SPW=0;PLA=0;SISM=1
kimi_k3,7168,12288,8,8,0,baseline,ISO,50.5600,50.1760,1746.309,0.436577,1830,1.664362e-03,1,M_TILE=8;BM=64;WG=4;REG=112;STG=2;TILES=1;SUBS=1;PREPACK=0;PDL=0;EPI=0;SPLITK=0;PR=32;SPW=0;PLA=0;SISM=1
kimi_k3,7168,12288,8,8,0,baseline,PDL,37.1225,37.0869,2378.434,0.594608,1830,1.664362e-03,1,M_TILE=8;BM=64;WG=4;REG=112;STG=2;TILES=1;SUBS=1;PREPACK=0;PDL=0;EPI=0;SPLITK=0;PR=32;SPW=0;PLA=0;SISM=1
kimi_k3,7168,12288,16,16,0,baseline,B2B,43.1676,43.1602,2050.294,0.512574,1830,1.668278e-03,1,M_TILE=16;BM=56;WG=2;REG=112;STG=2;TILES=2;SUBS=2;PREPACK=0;PDL=0;EPI=0;SPLITK=0;PR=32;SPW=0;PLA=0;SISM=1
kimi_k3,7168,12288,16,16,0,baseline,ISO,54.1440,53.7600,1634.648,0.408662,1830,1.668278e-03,1,M_TILE=16;BM=56;WG=2;REG=112;STG=2;TILES=2;SUBS=2;PREPACK=0;PDL=0;EPI=0;SPLITK=0;PR=32;SPW=0;PLA=0;SISM=1
kimi_k3,7168,12288,16,16,0,baseline,PDL,41.5652,41.5630,2129.340,0.532335,1830,1.668278e-03,1,M_TILE=16;BM=56;WG=2;REG=112;STG=2;TILES=2;SUBS=2;PREPACK=0;PDL=0;EPI=0;SPLITK=0;PR=32;SPW=0;PLA=0;SISM=1
kimi_k3,7168,12288,32,32,0,baseline,B2B,67.0759,66.9255,1325.846,0.331462,1830,1.666304e-03,1,M_TILE=32;BM=56;WG=2;REG=168;STG=2;TILES=2;SUBS=2;PREPACK=0;PDL=0;EPI=0;SPLITK=0;PR=32;SPW=0;PLA=0;SISM=0
kimi_k3,7168,12288,32,32,0,baseline,ISO,71.7120,71.3280,1240.132,0.310033,1830,1.666304e-03,1,M_TILE=32;BM=56;WG=2;REG=168;STG=2;TILES=2;SUBS=2;PREPACK=0;PDL=0;EPI=0;SPLITK=0;PR=32;SPW=0;PLA=0;SISM=0
kimi_k3,7168,12288,32,32,0,baseline,PDL,65.5346,65.5054,1357.029,0.339257,1830,1.666304e-03,1,M_TILE=32;BM=56;WG=2;REG=168;STG=2;TILES=2;SUBS=2;PREPACK=0;PDL=0;EPI=0;SPLITK=0;PR=32;SPW=0;PLA=0;SISM=0
kimi_k3,7168,12288,64,64,0,baseline,B2B,151.9975,151.9317,590.696,0.147674,1830,1.665388e-03,1,M_TILE=64;BM=56;WG=2;REG=168;STG=2;TILES=2;SUBS=2;PREPACK=0;PDL=0;EPI=0;SPLITK=0;PR=32;SPW=0;PLA=0;SISM=0
kimi_k3,7168,12288,64,64,0,baseline,ISO,155.3600,153.9200,577.911,0.144478,1830,1.665388e-03,1,M_TILE=64;BM=56;WG=2;REG=168;STG=2;TILES=2;SUBS=2;PREPACK=0;PDL=0;EPI=0;SPLITK=0;PR=32;SPW=0;PLA=0;SISM=0
kimi_k3,7168,12288,64,64,0,baseline,PDL,150.4868,150.3797,596.626,0.149157,1830,1.665388e-03,1,M_TILE=64;BM=56;WG=2;REG=168;STG=2;TILES=2;SUBS=2;PREPACK=0;PDL=0;EPI=0;SPLITK=0;PR=32;SPW=0;PLA=0;SISM=0
kimi_k3,7168,12288,128,128,0,baseline,B2B,264.4196,264.4142,345.997,0.086499,1830,1.665457e-03,1,M_TILE=128;BM=56;WG=2;REG=168;STG=2;TILES=2;SUBS=1;PREPACK=0;PDL=0;EPI=0;SPLITK=0;PR=32;SPW=0;PLA=0;SISM=0
kimi_k3,7168,12288,128,128,0,baseline,ISO,270.5280,268.6720,338.184,0.084546,1830,1.665457e-03,1,M_TILE=128;BM=56;WG=2;REG=168;STG=2;TILES=2;SUBS=1;PREPACK=0;PDL=0;EPI=0;SPLITK=0;PR=32;SPW=0;PLA=0;SISM=0
kimi_k3,7168,12288,128,128,0,baseline,PDL,262.6830,262.2791,348.284,0.087071,1830,1.665457e-03,1,M_TILE=128;BM=56;WG=2;REG=168;STG=2;TILES=2;SUBS=1;PREPACK=0;PDL=0;EPI=0;SPLITK=0;PR=32;SPW=0;PLA=0;SISM=0
kimi_k3,7168,12288,1,8,1,pdl,B2B,36.2869,36.2510,2428.064,0.607016,1830,1.657344e-03,1,M_TILE=8;BM=64;WG=4;REG=112;STG=2;TILES=1;SUBS=1;PREPACK=0;PDL=1;EPI=0;SPLITK=0;PR=32;SPW=0;PLA=0;SISM=1
kimi_k3,7168,12288,1,8,1,pdl,ISO,48.2880,47.8720,1824.615,0.456154,1830,1.657344e-03,1,M_TILE=8;BM=64;WG=4;REG=112;STG=2;TILES=1;SUBS=1;PREPACK=0;PDL=1;EPI=0;SPLITK=0;PR=32;SPW=0;PLA=0;SISM=1
kimi_k3,7168,12288,1,8,1,pdl,PDL,33.5957,33.5904,2622.565,0.655641,1830,1.657344e-03,1,M_TILE=8;BM=64;WG=4;REG=112;STG=2;TILES=1;SUBS=1;PREPACK=0;PDL=1;EPI=0;SPLITK=0;PR=32;SPW=0;PLA=0;SISM=1
kimi_k3,7168,12288,2,8,1,pdl,B2B,37.8276,37.8204,2329.879,0.582470,1830,1.644477e-03,1,M_TILE=8;BM=64;WG=4;REG=112;STG=2;TILES=1;SUBS=1;PREPACK=0;PDL=1;EPI=0;SPLITK=0;PR=32;SPW=0;PLA=0;SISM=1
kimi_k3,7168,12288,2,8,1,pdl,ISO,49.4400,49.1200,1782.638,0.445660,1830,1.644477e-03,1,M_TILE=8;BM=64;WG=4;REG=112;STG=2;TILES=1;SUBS=1;PREPACK=0;PDL=1;EPI=0;SPLITK=0;PR=32;SPW=0;PLA=0;SISM=1
kimi_k3,7168,12288,2,8,1,pdl,PDL,34.7748,34.7477,2534.414,0.633604,1830,1.644477e-03,1,M_TILE=8;BM=64;WG=4;REG=112;STG=2;TILES=1;SUBS=1;PREPACK=0;PDL=1;EPI=0;SPLITK=0;PR=32;SPW=0;PLA=0;SISM=1
kimi_k3,7168,12288,4,8,1,pdl,B2B,38.4284,38.4228,2294.833,0.573708,1830,1.656548e-03,1,M_TILE=8;BM=64;WG=4;REG=112;STG=2;TILES=1;SUBS=1;PREPACK=0;PDL=1;EPI=0;SPLITK=0;PR=32;SPW=0;PLA=0;SISM=1
kimi_k3,7168,12288,4,8,1,pdl,ISO,50.3040,49.9200,1753.079,0.438270,1830,1.656548e-03,1,M_TILE=8;BM=64;WG=4;REG=112;STG=2;TILES=1;SUBS=1;PREPACK=0;PDL=1;EPI=0;SPLITK=0;PR=32;SPW=0;PLA=0;SISM=1
kimi_k3,7168,12288,4,8,1,pdl,PDL,35.1858,35.1840,2506.322,0.626580,1830,1.656548e-03,1,M_TILE=8;BM=64;WG=4;REG=112;STG=2;TILES=1;SUBS=1;PREPACK=0;PDL=1;EPI=0;SPLITK=0;PR=32;SPW=0;PLA=0;SISM=1
kimi_k3,7168,12288,8,8,1,pdl,B2B,38.9660,38.9497,2265.906,0.566476,1830,1.664362e-03,1,M_TILE=8;BM=64;WG=4;REG=112;STG=2;TILES=1;SUBS=1;PREPACK=0;PDL=1;EPI=0;SPLITK=0;PR=32;SPW=0;PLA=0;SISM=1
kimi_k3,7168,12288,8,8,1,pdl,ISO,50.7840,50.5280,1738.606,0.434652,1830,1.664362e-03,1,M_TILE=8;BM=64;WG=4;REG=112;STG=2;TILES=1;SUBS=1;PREPACK=0;PDL=1;EPI=0;SPLITK=0;PR=32;SPW=0;PLA=0;SISM=1
kimi_k3,7168,12288,8,8,1,pdl,PDL,35.4578,35.4453,2490.099,0.622525,1830,1.664362e-03,1,M_TILE=8;BM=64;WG=4;REG=112;STG=2;TILES=1;SUBS=1;PREPACK=0;PDL=1;EPI=0;SPLITK=0;PR=32;SPW=0;PLA=0;SISM=1
kimi_k3,7168,12288,16,16,1,pdl,B2B,43.0393,43.0343,2056.409,0.514102,1830,1.668278e-03,1,M_TILE=16;BM=56;WG=2;REG=112;STG=2;TILES=2;SUBS=2;PREPACK=0;PDL=1;EPI=0;SPLITK=0;PR=32;SPW=0;PLA=0;SISM=1
kimi_k3,7168,12288,16,16,1,pdl,ISO,54.3040,53.8560,1629.831,0.407458,1830,1.668278e-03,1,M_TILE=16;BM=56;WG=2;REG=112;STG=2;TILES=2;SUBS=2;PREPACK=0;PDL=1;EPI=0;SPLITK=0;PR=32;SPW=0;PLA=0;SISM=1
kimi_k3,7168,12288,16,16,1,pdl,PDL,40.9657,40.9536,2160.500,0.540125,1830,1.668278e-03,1,M_TILE=16;BM=56;WG=2;REG=112;STG=2;TILES=2;SUBS=2;PREPACK=0;PDL=1;EPI=0;SPLITK=0;PR=32;SPW=0;PLA=0;SISM=1
kimi_k3,7168,12288,32,32,1,pdl,B2B,67.0404,67.0304,1326.550,0.331637,1830,1.666304e-03,1,M_TILE=32;BM=56;WG=2;REG=168;STG=2;TILES=2;SUBS=2;PREPACK=0;PDL=1;EPI=0;SPLITK=0;PR=32;SPW=0;PLA=0;SISM=0
kimi_k3,7168,12288,32,32,1,pdl,ISO,71.8400,71.4240,1237.922,0.309481,1830,1.666304e-03,1,M_TILE=32;BM=56;WG=2;REG=168;STG=2;TILES=2;SUBS=2;PREPACK=0;PDL=1;EPI=0;SPLITK=0;PR=32;SPW=0;PLA=0;SISM=0
kimi_k3,7168,12288,32,32,1,pdl,PDL,64.5753,64.5582,1377.189,0.344297,1830,1.666304e-03,1,M_TILE=32;BM=56;WG=2;REG=168;STG=2;TILES=2;SUBS=2;PREPACK=0;PDL=1;EPI=0;SPLITK=0;PR=32;SPW=0;PLA=0;SISM=0
kimi_k3,7168,12288,64,64,1,pdl,B2B,152.2372,152.2027,589.766,0.147442,1830,1.665388e-03,1,M_TILE=64;BM=56;WG=2;REG=168;STG=2;TILES=2;SUBS=2;PREPACK=0;PDL=1;EPI=0;SPLITK=0;PR=32;SPW=0;PLA=0;SISM=0
kimi_k3,7168,12288,64,64,1,pdl,ISO,155.8720,155.1680,576.013,0.144003,1830,1.665388e-03,1,M_TILE=64;BM=56;WG=2;REG=168;STG=2;TILES=2;SUBS=2;PREPACK=0;PDL=1;EPI=0;SPLITK=0;PR=32;SPW=0;PLA=0;SISM=0
kimi_k3,7168,12288,64,64,1,pdl,PDL,142.6009,142.2130,629.620,0.157405,1830,1.665388e-03,1,M_TILE=64;BM=56;WG=2;REG=168;STG=2;TILES=2;SUBS=2;PREPACK=0;PDL=1;EPI=0;SPLITK=0;PR=32;SPW=0;PLA=0;SISM=0
kimi_k3,7168,12288,128,128,1,pdl,B2B,264.2621,264.2222,346.203,0.086551,1830,1.665457e-03,1,M_TILE=128;BM=56;WG=2;REG=168;STG=2;TILES=2;SUBS=1;PREPACK=0;PDL=1;EPI=0;SPLITK=0;PR=32;SPW=0;PLA=0;SISM=0
kimi_k3,7168,12288,128,128,1,pdl,ISO,270.2400,269.4400,338.544,0.084636,1830,1.665457e-03,1,M_TILE=128;BM=56;WG=2;REG=168;STG=2;TILES=2;SUBS=1;PREPACK=0;PDL=1;EPI=0;SPLITK=0;PR=32;SPW=0;PLA=0;SISM=0
kimi_k3,7168,12288,128,128,1,pdl,PDL,256.0462,255.7312,357.311,0.089328,1830,1.665457e-03,1,M_TILE=128;BM=56;WG=2;REG=168;STG=2;TILES=2;SUBS=1;PREPACK=0;PDL=1;EPI=0;SPLITK=0;PR=32;SPW=0;PLA=0;SISM=0
kimi_k3,7168,12288,1,8,2,blockk,B2B,32.1536,32.0761,2740.191,0.685048,1830,1.657344e-03,1,M_TILE=8;BM=64;WG=4;REG=112;STG=2;TILES=1;SUBS=2;PREPACK=0;PDL=1;EPI=0;SPLITK=0;PR=32;SPW=0;PLA=0;SISM=1
kimi_k3,7168,12288,1,8,2,blockk,ISO,42.4000,42.0800,2077.996,0.519499,1830,1.657344e-03,1,M_TILE=8;BM=64;WG=4;REG=112;STG=2;TILES=1;SUBS=2;PREPACK=0;PDL=1;EPI=0;SPLITK=0;PR=32;SPW=0;PLA=0;SISM=1
kimi_k3,7168,12288,1,8,2,blockk,PDL,29.8478,29.7963,2951.874,0.737968,1830,1.657344e-03,1,M_TILE=8;BM=64;WG=4;REG=112;STG=2;TILES=1;SUBS=2;PREPACK=0;PDL=1;EPI=0;SPLITK=0;PR=32;SPW=0;PLA=0;SISM=1
kimi_k3,7168,12288,2,8,2,blockk,B2B,33.2228,33.2139,2652.809,0.663202,1830,1.644477e-03,1,M_TILE=8;BM=64;WG=4;REG=112;STG=2;TILES=1;SUBS=2;PREPACK=0;PDL=1;EPI=0;SPLITK=0;PR=32;SPW=0;PLA=0;SISM=1
kimi_k3,7168,12288,2,8,2,blockk,ISO,43.4880,43.2320,2026.620,0.506655,1830,1.644477e-03,1,M_TILE=8;BM=64;WG=4;REG=112;STG=2;TILES=1;SUBS=2;PREPACK=0;PDL=1;EPI=0;SPLITK=0;PR=32;SPW=0;PLA=0;SISM=1
kimi_k3,7168,12288,2,8,2,blockk,PDL,29.5104,29.4702,2986.528,0.746632,1830,1.644477e-03,1,M_TILE=8;BM=64;WG=4;REG=112;STG=2;TILES=1;SUBS=2;PREPACK=0;PDL=1;EPI=0;SPLITK=0;PR=32;SPW=0;PLA=0;SISM=1
kimi_k3,7168,12288,4,8,2,blockk,B2B,34.8871,34.8796,2527.778,0.631945,1830,1.656548e-03,1,M_TILE=8;BM=64;WG=4;REG=112;STG=2;TILES=1;SUBS=2;PREPACK=0;PDL=1;EPI=0;SPLITK=0;PR=32;SPW=0;PLA=0;SISM=1
kimi_k3,7168,12288,4,8,2,blockk,ISO,44.7360,44.4160,1971.273,0.492818,1830,1.656548e-03,1,M_TILE=8;BM=64;WG=4;REG=112;STG=2;TILES=1;SUBS=2;PREPACK=0;PDL=1;EPI=0;SPLITK=0;PR=32;SPW=0;PLA=0;SISM=1
kimi_k3,7168,12288,4,8,2,blockk,PDL,30.4633,30.4103,2894.858,0.723714,1830,1.656548e-03,1,M_TILE=8;BM=64;WG=4;REG=112;STG=2;TILES=1;SUBS=2;PREPACK=0;PDL=1;EPI=0;SPLITK=0;PR=32;SPW=0;PLA=0;SISM=1
kimi_k3,7168,12288,8,8,2,blockk,B2B,35.3493,35.3248,2497.738,0.624434,1830,1.664365e-03,1,M_TILE=8;BM=64;WG=4;REG=112;STG=2;TILES=1;SUBS=2;PREPACK=0;PDL=1;EPI=0;SPLITK=0;PR=32;SPW=0;PLA=0;SISM=1
kimi_k3,7168,12288,8,8,2,blockk,ISO,45.5680,45.2800,1937.618,0.484404,1830,1.664365e-03,1,M_TILE=8;BM=64;WG=4;REG=112;STG=2;TILES=1;SUBS=2;PREPACK=0;PDL=1;EPI=0;SPLITK=0;PR=32;SPW=0;PLA=0;SISM=1
kimi_k3,7168,12288,8,8,2,blockk,PDL,30.8996,30.8715,2857.432,0.714358,1830,1.664365e-03,1,M_TILE=8;BM=64;WG=4;REG=112;STG=2;TILES=1;SUBS=2;PREPACK=0;PDL=1;EPI=0;SPLITK=0;PR=32;SPW=0;PLA=0;SISM=1
kimi_k3,7168,12288,16,16,2,blockk,B2B,42.9020,42.8679,2062.987,0.515747,1830,1.668278e-03,1,M_TILE=16;BM=56;WG=2;REG=112;STG=2;TILES=2;SUBS=2;PREPACK=0;PDL=1;EPI=0;SPLITK=0;PR=32;SPW=0;PLA=0;SISM=1
kimi_k3,7168,12288,16,16,2,blockk,ISO,54.3680,53.9520,1627.913,0.406978,1830,1.668278e-03,1,M_TILE=16;BM=56;WG=2;REG=112;STG=2;TILES=2;SUBS=2;PREPACK=0;PDL=1;EPI=0;SPLITK=0;PR=32;SPW=0;PLA=0;SISM=1
kimi_k3,7168,12288,16,16,2,blockk,PDL,40.7762,40.7253,2170.541,0.542635,1830,1.668278e-03,1,M_TILE=16;BM=56;WG=2;REG=112;STG=2;TILES=2;SUBS=2;PREPACK=0;PDL=1;EPI=0;SPLITK=0;PR=32;SPW=0;PLA=0;SISM=1
kimi_k3,7168,12288,32,32,2,blockk,B2B,67.1218,67.1207,1324.940,0.331235,1830,1.666304e-03,1,M_TILE=32;BM=56;WG=2;REG=168;STG=2;TILES=2;SUBS=2;PREPACK=0;PDL=1;EPI=0;SPLITK=0;PR=32;SPW=0;PLA=0;SISM=0
kimi_k3,7168,12288,32,32,2,blockk,ISO,71.9360,71.5840,1236.271,0.309068,1830,1.666304e-03,1,M_TILE=32;BM=56;WG=2;REG=168;STG=2;TILES=2;SUBS=2;PREPACK=0;PDL=1;EPI=0;SPLITK=0;PR=32;SPW=0;PLA=0;SISM=0
kimi_k3,7168,12288,32,32,2,blockk,PDL,64.5934,64.5806,1376.802,0.344201,1830,1.666304e-03,1,M_TILE=32;BM=56;WG=2;REG=168;STG=2;TILES=2;SUBS=2;PREPACK=0;PDL=1;EPI=0;SPLITK=0;PR=32;SPW=0;PLA=0;SISM=0
kimi_k3,7168,12288,64,64,2,blockk,B2B,152.6226,152.5991,588.277,0.147069,1830,1.665388e-03,1,M_TILE=64;BM=56;WG=2;REG=168;STG=2;TILES=2;SUBS=2;PREPACK=0;PDL=1;EPI=0;SPLITK=0;PR=32;SPW=0;PLA=0;SISM=0
kimi_k3,7168,12288,64,64,2,blockk,ISO,156.3200,155.2960,574.362,0.143591,1830,1.665388e-03,1,M_TILE=64;BM=56;WG=2;REG=168;STG=2;TILES=2;SUBS=2;PREPACK=0;PDL=1;EPI=0;SPLITK=0;PR=32;SPW=0;PLA=0;SISM=0
kimi_k3,7168,12288,64,64,2,blockk,PDL,142.4423,142.3826,630.321,0.157580,1830,1.665388e-03,1,M_TILE=64;BM=56;WG=2;REG=168;STG=2;TILES=2;SUBS=2;PREPACK=0;PDL=1;EPI=0;SPLITK=0;PR=32;SPW=0;PLA=0;SISM=0
kimi_k3,7168,12288,128,128,2,blockk,B2B,263.9250,263.6825,346.645,0.086661,1830,1.665457e-03,1,M_TILE=128;BM=56;WG=2;REG=168;STG=2;TILES=2;SUBS=1;PREPACK=0;PDL=1;EPI=0;SPLITK=0;PR=32;SPW=0;PLA=0;SISM=0
kimi_k3,7168,12288,128,128,2,blockk,ISO,270.1120,268.9920,338.705,0.084676,1830,1.665457e-03,1,M_TILE=128;BM=56;WG=2;REG=168;STG=2;TILES=2;SUBS=1;PREPACK=0;PDL=1;EPI=0;SPLITK=0;PR=32;SPW=0;PLA=0;SISM=0
kimi_k3,7168,12288,128,128,2,blockk,PDL,255.2370,254.8509,358.444,0.089611,1830,1.665457e-03,1,M_TILE=128;BM=56;WG=2;REG=168;STG=2;TILES=2;SUBS=1;PREPACK=0;PDL=1;EPI=0;SPLITK=0;PR=32;SPW=0;PLA=0;SISM=0
kimi_k3,7168,12288,1,8,3,prepack,B2B,32.9476,32.9447,2674.159,0.668540,1830,1.657344e-03,1,M_TILE=8;BM=64;WG=4;REG=112;STG=2;TILES=1;SUBS=2;PREPACK=1;PDL=1;EPI=0;SPLITK=0;PR=32;SPW=0;PLA=0;SISM=1
kimi_k3,7168,12288,1,8,3,prepack,ISO,44.6400,44.2560,1973.723,0.493431,1830,1.657344e-03,1,M_TILE=8;BM=64;WG=4;REG=112;STG=2;TILES=1;SUBS=2;PREPACK=1;PDL=1;EPI=0;SPLITK=0;PR=32;SPW=0;PLA=0;SISM=1
kimi_k3,7168,12288,1,8,3,prepack,PDL,30.3918,30.3684,2899.037,0.724759,1830,1.657344e-03,1,M_TILE=8;BM=64;WG=4;REG=112;STG=2;TILES=1;SUBS=2;PREPACK=1;PDL=1;EPI=0;SPLITK=0;PR=32;SPW=0;PLA=0;SISM=1
kimi_k3,7168,12288,2,8,3,prepack,B2B,34.4277,34.4146,2559.960,0.639990,1830,1.644477e-03,1,M_TILE=8;BM=64;WG=4;REG=112;STG=2;TILES=1;SUBS=2;PREPACK=1;PDL=1;EPI=0;SPLITK=0;PR=32;SPW=0;PLA=0;SISM=1
kimi_k3,7168,12288,2,8,3,prepack,ISO,45.5360,45.0880,1935.472,0.483868,1830,1.644477e-03,1,M_TILE=8;BM=64;WG=4;REG=112;STG=2;TILES=1;SUBS=2;PREPACK=1;PDL=1;EPI=0;SPLITK=0;PR=32;SPW=0;PLA=0;SISM=1
kimi_k3,7168,12288,2,8,3,prepack,PDL,30.4914,30.4910,2890.444,0.722611,1830,1.644477e-03,1,M_TILE=8;BM=64;WG=4;REG=112;STG=2;TILES=1;SUBS=2;PREPACK=1;PDL=1;EPI=0;SPLITK=0;PR=32;SPW=0;PLA=0;SISM=1
kimi_k3,7168,12288,4,8,3,prepack,B2B,36.5604,36.5298,2412.090,0.603023,1830,1.656548e-03,1,M_TILE=8;BM=64;WG=4;REG=112;STG=2;TILES=1;SUBS=2;PREPACK=1;PDL=1;EPI=0;SPLITK=0;PR=32;SPW=0;PLA=0;SISM=1
kimi_k3,7168,12288,4,8,3,prepack,ISO,47.2320,46.8160,1867.100,0.466775,1830,1.656548e-03,1,M_TILE=8;BM=64;WG=4;REG=112;STG=2;TILES=1;SUBS=2;PREPACK=1;PDL=1;EPI=0;SPLITK=0;PR=32;SPW=0;PLA=0;SISM=1
kimi_k3,7168,12288,4,8,3,prepack,PDL,31.6007,31.5662,2790.661,0.697665,1830,1.656548e-03,1,M_TILE=8;BM=64;WG=4;REG=112;STG=2;TILES=1;SUBS=2;PREPACK=1;PDL=1;EPI=0;SPLITK=0;PR=32;SPW=0;PLA=0;SISM=1
kimi_k3,7168,12288,8,8,3,prepack,B2B,37.3152,37.2398,2366.150,0.591538,1830,1.664365e-03,1,M_TILE=8;BM=64;WG=4;REG=112;STG=2;TILES=1;SUBS=2;PREPACK=1;PDL=1;EPI=0;SPLITK=0;PR=32;SPW=0;PLA=0;SISM=1
kimi_k3,7168,12288,8,8,3,prepack,ISO,48.0640,47.7120,1836.996,0.459249,1830,1.664365e-03,1,M_TILE=8;BM=64;WG=4;REG=112;STG=2;TILES=1;SUBS=2;PREPACK=1;PDL=1;EPI=0;SPLITK=0;PR=32;SPW=0;PLA=0;SISM=1
kimi_k3,7168,12288,8,8,3,prepack,PDL,32.5568,32.5447,2711.980,0.677995,1830,1.664365e-03,1,M_TILE=8;BM=64;WG=4;REG=112;STG=2;TILES=1;SUBS=2;PREPACK=1;PDL=1;EPI=0;SPLITK=0;PR=32;SPW=0;PLA=0;SISM=1
kimi_k3,7168,12288,16,16,3,prepack,B2B,43.1868,43.1435,2049.383,0.512346,1830,1.668278e-03,1,M_TILE=16;BM=56;WG=2;REG=112;STG=2;TILES=2;SUBS=2;PREPACK=1;PDL=1;EPI=0;SPLITK=0;PR=32;SPW=0;PLA=0;SISM=1
kimi_k3,7168,12288,16,16,3,prepack,ISO,53.8240,53.4080,1644.366,0.411092,1830,1.668278e-03,1,M_TILE=16;BM=56;WG=2;REG=112;STG=2;TILES=2;SUBS=2;PREPACK=1;PDL=1;EPI=0;SPLITK=0;PR=32;SPW=0;PLA=0;SISM=1
kimi_k3,7168,12288,16,16,3,prepack,PDL,41.1570,41.1172,2150.458,0.537615,1830,1.668278e-03,1,M_TILE=16;BM=56;WG=2;REG=112;STG=2;TILES=2;SUBS=2;PREPACK=1;PDL=1;EPI=0;SPLITK=0;PR=32;SPW=0;PLA=0;SISM=1
kimi_k3,7168,12288,32,32,3,prepack,B2B,67.0240,67.0027,1326.873,0.331718,1830,1.666304e-03,1,M_TILE=32;BM=56;WG=2;REG=168;STG=2;TILES=2;SUBS=2;PREPACK=1;PDL=1;EPI=0;SPLITK=0;PR=32;SPW=0;PLA=0;SISM=0
kimi_k3,7168,12288,32,32,3,prepack,ISO,71.6800,71.3600,1240.686,0.310171,1830,1.666304e-03,1,M_TILE=32;BM=56;WG=2;REG=168;STG=2;TILES=2;SUBS=2;PREPACK=1;PDL=1;EPI=0;SPLITK=0;PR=32;SPW=0;PLA=0;SISM=0
kimi_k3,7168,12288,32,32,3,prepack,PDL,64.4786,64.4114,1379.254,0.344814,1830,1.666304e-03,1,M_TILE=32;BM=56;WG=2;REG=168;STG=2;TILES=2;SUBS=2;PREPACK=1;PDL=1;EPI=0;SPLITK=0;PR=32;SPW=0;PLA=0;SISM=0
kimi_k3,7168,12288,64,64,3,prepack,B2B,152.1092,152.0949,590.262,0.147566,1830,1.665388e-03,1,M_TILE=64;BM=56;WG=2;REG=168;STG=2;TILES=2;SUBS=2;PREPACK=1;PDL=1;EPI=0;SPLITK=0;PR=32;SPW=0;PLA=0;SISM=0
kimi_k3,7168,12288,64,64,3,prepack,ISO,156.8320,155.8720,572.487,0.143122,1830,1.665388e-03,1,M_TILE=64;BM=56;WG=2;REG=168;STG=2;TILES=2;SUBS=2;PREPACK=1;PDL=1;EPI=0;SPLITK=0;PR=32;SPW=0;PLA=0;SISM=0
kimi_k3,7168,12288,64,64,3,prepack,PDL,141.8357,141.6082,633.016,0.158254,1830,1.665388e-03,1,M_TILE=64;BM=56;WG=2;REG=168;STG=2;TILES=2;SUBS=2;PREPACK=1;PDL=1;EPI=0;SPLITK=0;PR=32;SPW=0;PLA=0;SISM=0
kimi_k3,7168,12288,128,128,3,prepack,B2B,254.1639,253.9104,359.958,0.089989,1830,1.665457e-03,1,M_TILE=128;BM=56;WG=2;REG=168;STG=2;TILES=2;SUBS=1;PREPACK=1;PDL=1;EPI=0;SPLITK=0;PR=32;SPW=0;PLA=0;SISM=0
kimi_k3,7168,12288,128,128,3,prepack,ISO,258.0800,257.4080,354.496,0.088624,1830,1.665457e-03,1,M_TILE=128;BM=56;WG=2;REG=168;STG=2;TILES=2;SUBS=1;PREPACK=1;PDL=1;EPI=0;SPLITK=0;PR=32;SPW=0;PLA=0;SISM=0
kimi_k3,7168,12288,128,128,3,prepack,PDL,249.3572,248.7964,366.896,0.091724,1830,1.665457e-03,1,M_TILE=128;BM=56;WG=2;REG=168;STG=2;TILES=2;SUBS=1;PREPACK=1;PDL=1;EPI=0;SPLITK=0;PR=32;SPW=0;PLA=0;SISM=0
kimi_k3,7168,12288,1,8,4,tile_stage,B2B,28.9977,28.9678,3038.415,0.759604,1830,1.657344e-03,1,M_TILE=8;BM=56;WG=1;REG=112;STG=4;TILES=1;SUBS=2;PREPACK=1;PDL=1;EPI=0;SPLITK=0;PR=32;SPW=0;PLA=0;SISM=1
kimi_k3,7168,12288,1,8,4,tile_stage,ISO,40.1920,39.7440,2192.153,0.548038,1830,1.657344e-03,1,M_TILE=8;BM=56;WG=1;REG=112;STG=4;TILES=1;SUBS=2;PREPACK=1;PDL=1;EPI=0;SPLITK=0;PR=32;SPW=0;PLA=0;SISM=1
kimi_k3,7168,12288,1,8,4,tile_stage,PDL,26.0882,26.0562,3377.277,0.844319,1830,1.657344e-03,1,M_TILE=8;BM=56;WG=1;REG=112;STG=4;TILES=1;SUBS=2;PREPACK=1;PDL=1;EPI=0;SPLITK=0;PR=32;SPW=0;PLA=0;SISM=1
kimi_k3,7168,12288,2,8,4,tile_stage,B2B,29.1381,29.0990,3024.684,0.756171,1830,1.644477e-03,1,M_TILE=8;BM=56;WG=1;REG=112;STG=4;TILES=1;SUBS=2;PREPACK=1;PDL=1;EPI=0;SPLITK=0;PR=32;SPW=0;PLA=0;SISM=1
kimi_k3,7168,12288,2,8,4,tile_stage,ISO,40.4160,39.7760,2180.662,0.545165,1830,1.644477e-03,1,M_TILE=8;BM=56;WG=1;REG=112;STG=4;TILES=1;SUBS=2;PREPACK=1;PDL=1;EPI=0;SPLITK=0;PR=32;SPW=0;PLA=0;SISM=1
kimi_k3,7168,12288,2,8,4,tile_stage,PDL,26.1707,26.0839,3367.649,0.841912,1830,1.644477e-03,1,M_TILE=8;BM=56;WG=1;REG=112;STG=4;TILES=1;SUBS=2;PREPACK=1;PDL=1;EPI=0;SPLITK=0;PR=32;SPW=0;PLA=0;SISM=1
kimi_k3,7168,12288,4,8,4,tile_stage,B2B,29.4983,29.4756,2989.557,0.747389,1830,1.656548e-03,1,M_TILE=8;BM=56;WG=1;REG=112;STG=4;TILES=1;SUBS=2;PREPACK=1;PDL=1;EPI=0;SPLITK=0;PR=32;SPW=0;PLA=0;SISM=1
kimi_k3,7168,12288,4,8,4,tile_stage,ISO,40.8320,40.3200,2159.749,0.539937,1830,1.656548e-03,1,M_TILE=8;BM=56;WG=1;REG=112;STG=4;TILES=1;SUBS=2;PREPACK=1;PDL=1;EPI=0;SPLITK=0;PR=32;SPW=0;PLA=0;SISM=1
kimi_k3,7168,12288,4,8,4,tile_stage,PDL,26.4011,26.3794,3340.277,0.835069,1830,1.656548e-03,1,M_TILE=8;BM=56;WG=1;REG=112;STG=4;TILES=1;SUBS=2;PREPACK=1;PDL=1;EPI=0;SPLITK=0;PR=32;SPW=0;PLA=0;SISM=1
kimi_k3,7168,12288,8,8,4,tile_stage,B2B,30.0196,30.0092,2941.195,0.735299,1830,1.664362e-03,1,M_TILE=8;BM=56;WG=1;REG=112;STG=4;TILES=1;SUBS=2;PREPACK=1;PDL=1;EPI=0;SPLITK=0;PR=32;SPW=0;PLA=0;SISM=1
kimi_k3,7168,12288,8,8,4,tile_stage,ISO,41.3440,40.9280,2135.579,0.533895,1830,1.664362e-03,1,M_TILE=8;BM=56;WG=1;REG=112;STG=4;TILES=1;SUBS=2;PREPACK=1;PDL=1;EPI=0;SPLITK=0;PR=32;SPW=0;PLA=0;SISM=1
kimi_k3,7168,12288,8,8,4,tile_stage,PDL,26.4260,26.3573,3341.161,0.835290,1830,1.664362e-03,1,M_TILE=8;BM=56;WG=1;REG=112;STG=4;TILES=1;SUBS=2;PREPACK=1;PDL=1;EPI=0;SPLITK=0;PR=32;SPW=0;PLA=0;SISM=1
kimi_k3,7168,12288,16,16,4,tile_stage,B2B,41.8692,41.8272,2113.880,0.528470,1830,1.668278e-03,1,M_TILE=16;BM=56;WG=1;REG=80;STG=4;TILES=1;SUBS=2;PREPACK=1;PDL=1;EPI=0;SPLITK=0;PR=32;SPW=0;PLA=0;SISM=1
kimi_k3,7168,12288,16,16,4,tile_stage,ISO,47.4240,47.2000,1866.278,0.466570,1830,1.668278e-03,1,M_TILE=16;BM=56;WG=1;REG=80;STG=4;TILES=1;SUBS=2;PREPACK=1;PDL=1;EPI=0;SPLITK=0;PR=32;SPW=0;PLA=0;SISM=1
kimi_k3,7168,12288,16,16,4,tile_stage,PDL,37.8500,37.8094,2338.348,0.584587,1830,1.668278e-03,1,M_TILE=16;BM=56;WG=1;REG=80;STG=4;TILES=1;SUBS=2;PREPACK=1;PDL=1;EPI=0;SPLITK=0;PR=32;SPW=0;PLA=0;SISM=1
kimi_k3,7168,12288,32,32,4,tile_stage,B2B,58.4231,58.3829,1522.212,0.380553,1830,1.666304e-03,1,M_TILE=32;BM=64;WG=1;REG=112;STG=4;TILES=1;SUBS=2;PREPACK=1;PDL=1;EPI=0;SPLITK=0;PR=32;SPW=0;PLA=0;SISM=0
kimi_k3,7168,12288,32,32,4,tile_stage,ISO,64.4480,64.0000,1379.909,0.344977,1830,1.666304e-03,1,M_TILE=32;BM=64;WG=1;REG=112;STG=4;TILES=1;SUBS=2;PREPACK=1;PDL=1;EPI=0;SPLITK=0;PR=32;SPW=0;PLA=0;SISM=0
kimi_k3,7168,12288,32,32,4,tile_stage,PDL,51.8894,51.8489,1713.882,0.428471,1830,1.666304e-03,1,M_TILE=32;BM=64;WG=1;REG=112;STG=4;TILES=1;SUBS=2;PREPACK=1;PDL=1;EPI=0;SPLITK=0;PR=32;SPW=0;PLA=0;SISM=0
kimi_k3,7168,12288,64,64,4,tile_stage,B2B,149.5932,149.5762,600.190,0.150047,1830,1.665388e-03,1,M_TILE=64;BM=64;WG=2;REG=168;STG=3;TILES=2;SUBS=2;PREPACK=1;PDL=1;EPI=0;SPLITK=0;PR=32;SPW=0;PLA=0;SISM=0
kimi_k3,7168,12288,64,64,4,tile_stage,ISO,161.0560,160.4480,557.473,0.139368,1830,1.665388e-03,1,M_TILE=64;BM=64;WG=2;REG=168;STG=3;TILES=2;SUBS=2;PREPACK=1;PDL=1;EPI=0;SPLITK=0;PR=32;SPW=0;PLA=0;SISM=0
kimi_k3,7168,12288,64,64,4,tile_stage,PDL,141.5783,141.4780,634.167,0.158542,1830,1.665388e-03,1,M_TILE=64;BM=64;WG=2;REG=168;STG=3;TILES=2;SUBS=2;PREPACK=1;PDL=1;EPI=0;SPLITK=0;PR=32;SPW=0;PLA=0;SISM=0
kimi_k3,7168,12288,128,128,4,tile_stage,B2B,330.0231,329.8233,277.218,0.069304,1830,1.665457e-03,1,M_TILE=128;BM=64;WG=1;REG=232;STG=2;TILES=1;SUBS=1;PREPACK=1;PDL=1;EPI=0;SPLITK=0;PR=32;SPW=0;PLA=0;SISM=0
kimi_k3,7168,12288,128,128,4,tile_stage,ISO,334.4320,333.8880,273.563,0.068391,1830,1.665457e-03,1,M_TILE=128;BM=64;WG=1;REG=232;STG=2;TILES=1;SUBS=1;PREPACK=1;PDL=1;EPI=0;SPLITK=0;PR=32;SPW=0;PLA=0;SISM=0
kimi_k3,7168,12288,128,128,4,tile_stage,PDL,311.2110,309.4546,293.975,0.073494,1830,1.665457e-03,1,M_TILE=128;BM=64;WG=1;REG=232;STG=2;TILES=1;SUBS=1;PREPACK=1;PDL=1;EPI=0;SPLITK=0;PR=32;SPW=0;PLA=0;SISM=0
kimi_k3,7168,12288,1,8,5,epi_overlap,B2B,29.0130,28.9735,3036.814,0.759203,1830,1.657344e-03,1,M_TILE=8;BM=56;WG=1;REG=112;STG=4;TILES=1;SUBS=2;PREPACK=1;PDL=1;EPI=1;SPLITK=0;PR=32;SPW=0;PLA=0;SISM=1
kimi_k3,7168,12288,1,8,5,epi_overlap,ISO,40.0320,39.7440,2200.915,0.550229,1830,1.657344e-03,1,M_TILE=8;BM=56;WG=1;REG=112;STG=4;TILES=1;SUBS=2;PREPACK=1;PDL=1;EPI=1;SPLITK=0;PR=32;SPW=0;PLA=0;SISM=1
kimi_k3,7168,12288,1,8,5,epi_overlap,PDL,26.1319,26.0932,3371.625,0.842906,1830,1.657344e-03,1,M_TILE=8;BM=56;WG=1;REG=112;STG=4;TILES=1;SUBS=2;PREPACK=1;PDL=1;EPI=1;SPLITK=0;PR=32;SPW=0;PLA=0;SISM=1
kimi_k3,7168,12288,2,8,5,epi_overlap,B2B,29.1751,29.1737,3020.850,0.755212,1830,1.644477e-03,1,M_TILE=8;BM=56;WG=1;REG=112;STG=4;TILES=1;SUBS=2;PREPACK=1;PDL=1;EPI=1;SPLITK=0;PR=32;SPW=0;PLA=0;SISM=1
kimi_k3,7168,12288,2,8,5,epi_overlap,ISO,40.5760,40.0960,2172.063,0.543016,1830,1.644477e-03,1,M_TILE=8;BM=56;WG=1;REG=112;STG=4;TILES=1;SUBS=2;PREPACK=1;PDL=1;EPI=1;SPLITK=0;PR=32;SPW=0;PLA=0;SISM=1
kimi_k3,7168,12288,2,8,5,epi_overlap,PDL,26.2439,26.2226,3358.251,0.839563,1830,1.644477e-03,1,M_TILE=8;BM=56;WG=1;REG=112;STG=4;TILES=1;SUBS=2;PREPACK=1;PDL=1;EPI=1;SPLITK=0;PR=32;SPW=0;PLA=0;SISM=1
kimi_k3,7168,12288,4,8,5,epi_overlap,B2B,29.5588,29.5232,2983.443,0.745861,1830,1.656548e-03,1,M_TILE=8;BM=56;WG=1;REG=112;STG=4;TILES=1;SUBS=2;PREPACK=1;PDL=1;EPI=1;SPLITK=0;PR=32;SPW=0;PLA=0;SISM=1
kimi_k3,7168,12288,4,8,5,epi_overlap,ISO,40.8960,40.5440,2156.369,0.539092,1830,1.656548e-03,1,M_TILE=8;BM=56;WG=1;REG=112;STG=4;TILES=1;SUBS=2;PREPACK=1;PDL=1;EPI=1;SPLITK=0;PR=32;SPW=0;PLA=0;SISM=1
kimi_k3,7168,12288,4,8,5,epi_overlap,PDL,26.4053,26.3826,3339.737,0.834934,1830,1.656548e-03,1,M_TILE=8;BM=56;WG=1;REG=112;STG=4;TILES=1;SUBS=2;PREPACK=1;PDL=1;EPI=1;SPLITK=0;PR=32;SPW=0;PLA=0;SISM=1
kimi_k3,7168,12288,8,8,5,epi_overlap,B2B,30.0231,30.0039,2940.847,0.735212,1830,1.664362e-03,1,M_TILE=8;BM=56;WG=1;REG=112;STG=4;TILES=1;SUBS=2;PREPACK=1;PDL=1;EPI=1;SPLITK=0;PR=32;SPW=0;PLA=0;SISM=1
kimi_k3,7168,12288,8,8,5,epi_overlap,ISO,41.5360,41.0880,2125.707,0.531427,1830,1.664362e-03,1,M_TILE=8;BM=56;WG=1;REG=112;STG=4;TILES=1;SUBS=2;PREPACK=1;PDL=1;EPI=1;SPLITK=0;PR=32;SPW=0;PLA=0;SISM=1
kimi_k3,7168,12288,8,8,5,epi_overlap,PDL,26.4313,26.4206,3340.487,0.835122,1830,1.664362e-03,1,M_TILE=8;BM=56;WG=1;REG=112;STG=4;TILES=1;SUBS=2;PREPACK=1;PDL=1;EPI=1;SPLITK=0;PR=32;SPW=0;PLA=0;SISM=1
kimi_k3,7168,12288,16,16,5,epi_overlap,B2B,41.8521,41.8407,2114.742,0.528685,1830,1.668278e-03,1,M_TILE=16;BM=56;WG=1;REG=80;STG=4;TILES=1;SUBS=2;PREPACK=1;PDL=1;EPI=1;SPLITK=0;PR=32;SPW=0;PLA=0;SISM=1
kimi_k3,7168,12288,16,16,5,epi_overlap,ISO,47.0080,46.5920,1882.794,0.470698,1830,1.668278e-03,1,M_TILE=16;BM=56;WG=1;REG=80;STG=4;TILES=1;SUBS=2;PREPACK=1;PDL=1;EPI=1;SPLITK=0;PR=32;SPW=0;PLA=0;SISM=1
kimi_k3,7168,12288,16,16,5,epi_overlap,PDL,37.8080,37.8069,2340.943,0.585236,1830,1.668278e-03,1,M_TILE=16;BM=56;WG=1;REG=80;STG=4;TILES=1;SUBS=2;PREPACK=1;PDL=1;EPI=1;SPLITK=0;PR=32;SPW=0;PLA=0;SISM=1
kimi_k3,7168,12288,32,32,5,epi_overlap,B2B,58.2549,58.2457,1526.606,0.381652,1830,1.666304e-03,1,M_TILE=32;BM=64;WG=1;REG=112;STG=4;TILES=1;SUBS=2;PREPACK=1;PDL=1;EPI=1;SPLITK=0;PR=32;SPW=0;PLA=0;SISM=0
kimi_k3,7168,12288,32,32,5,epi_overlap,ISO,64.3200,63.8720,1382.655,0.345664,1830,1.666304e-03,1,M_TILE=32;BM=64;WG=1;REG=112;STG=4;TILES=1;SUBS=2;PREPACK=1;PDL=1;EPI=1;SPLITK=0;PR=32;SPW=0;PLA=0;SISM=0
kimi_k3,7168,12288,32,32,5,epi_overlap,PDL,51.8418,51.8357,1715.457,0.428864,1830,1.666304e-03,1,M_TILE=32;BM=64;WG=1;REG=112;STG=4;TILES=1;SUBS=2;PREPACK=1;PDL=1;EPI=1;SPLITK=0;PR=32;SPW=0;PLA=0;SISM=0
kimi_k3,7168,12288,64,64,5,epi_overlap,B2B,149.1915,148.8583,601.806,0.150452,1830,1.665388e-03,1,M_TILE=64;BM=64;WG=2;REG=168;STG=3;TILES=2;SUBS=2;PREPACK=1;PDL=1;EPI=1;SPLITK=0;PR=32;SPW=0;PLA=0;SISM=0
kimi_k3,7168,12288,64,64,5,epi_overlap,ISO,160.8960,160.4160,558.027,0.139507,1830,1.665388e-03,1,M_TILE=64;BM=64;WG=2;REG=168;STG=3;TILES=2;SUBS=2;PREPACK=1;PDL=1;EPI=1;SPLITK=0;PR=32;SPW=0;PLA=0;SISM=0
kimi_k3,7168,12288,64,64,5,epi_overlap,PDL,142.0978,141.9865,631.849,0.157962,1830,1.665388e-03,1,M_TILE=64;BM=64;WG=2;REG=168;STG=3;TILES=2;SUBS=2;PREPACK=1;PDL=1;EPI=1;SPLITK=0;PR=32;SPW=0;PLA=0;SISM=0
kimi_k3,7168,12288,128,128,5,epi_overlap,B2B,329.9289,329.9118,277.297,0.069324,1830,1.665457e-03,1,M_TILE=128;BM=64;WG=1;REG=232;STG=2;TILES=1;SUBS=1;PREPACK=1;PDL=1;EPI=1;SPLITK=0;PR=32;SPW=0;PLA=0;SISM=0
kimi_k3,7168,12288,128,128,5,epi_overlap,ISO,334.8480,334.1440,273.223,0.068306,1830,1.665457e-03,1,M_TILE=128;BM=64;WG=1;REG=232;STG=2;TILES=1;SUBS=1;PREPACK=1;PDL=1;EPI=1;SPLITK=0;PR=32;SPW=0;PLA=0;SISM=0
kimi_k3,7168,12288,128,128,5,epi_overlap,PDL,310.7588,309.7099,294.403,0.073601,1830,1.665457e-03,1,M_TILE=128;BM=64;WG=1;REG=232;STG=2;TILES=1;SUBS=1;PREPACK=1;PDL=1;EPI=1;SPLITK=0;PR=32;SPW=0;PLA=0;SISM=0
kimi_k3,7168,12288,1,8,6,splitk,B2B,29.0596,29.0578,3031.946,0.757987,1830,1.657344e-03,1,M_TILE=8;BM=56;WG=1;REG=112;STG=4;TILES=1;SUBS=2;PREPACK=1;PDL=1;EPI=1;SPLITK=0;PR=32;SPW=0;PLA=0;SISM=1
kimi_k3,7168,12288,1,8,6,splitk,ISO,40.0000,39.6160,2202.675,0.550669,1830,1.657344e-03,1,M_TILE=8;BM=56;WG=1;REG=112;STG=4;TILES=1;SUBS=2;PREPACK=1;PDL=1;EPI=1;SPLITK=0;PR=32;SPW=0;PLA=0;SISM=1
kimi_k3,7168,12288,1,8,6,splitk,PDL,26.1817,26.1753,3365.215,0.841304,1830,1.657344e-03,1,M_TILE=8;BM=56;WG=1;REG=112;STG=4;TILES=1;SUBS=2;PREPACK=1;PDL=1;EPI=1;SPLITK=0;PR=32;SPW=0;PLA=0;SISM=1
kimi_k3,7168,12288,2,8,6,splitk,B2B,29.0745,29.0713,3031.305,0.757826,1830,1.644477e-03,1,M_TILE=8;BM=56;WG=1;REG=112;STG=4;TILES=1;SUBS=2;PREPACK=1;PDL=1;EPI=1;SPLITK=0;PR=32;SPW=0;PLA=0;SISM=1
kimi_k3,7168,12288,2,8,6,splitk,ISO,40.2240,39.9360,2191.071,0.547768,1830,1.644477e-03,1,M_TILE=8;BM=56;WG=1;REG=112;STG=4;TILES=1;SUBS=2;PREPACK=1;PDL=1;EPI=1;SPLITK=0;PR=32;SPW=0;PLA=0;SISM=1
kimi_k3,7168,12288,2,8,6,splitk,PDL,26.2044,26.1294,3363.308,0.840827,1830,1.644477e-03,1,M_TILE=8;BM=56;WG=1;REG=112;STG=4;TILES=1;SUBS=2;PREPACK=1;PDL=1;EPI=1;SPLITK=0;PR=32;SPW=0;PLA=0;SISM=1
kimi_k3,7168,12288,4,8,6,splitk,B2B,29.4738,29.4340,2992.045,0.748011,1830,1.656548e-03,1,M_TILE=8;BM=56;WG=1;REG=112;STG=4;TILES=1;SUBS=2;PREPACK=1;PDL=1;EPI=1;SPLITK=0;PR=32;SPW=0;PLA=0;SISM=1
kimi_k3,7168,12288,4,8,6,splitk,ISO,40.9600,40.4800,2153.000,0.538250,1830,1.656548e-03,1,M_TILE=8;BM=56;WG=1;REG=112;STG=4;TILES=1;SUBS=2;PREPACK=1;PDL=1;EPI=1;SPLITK=0;PR=32;SPW=0;PLA=0;SISM=1
kimi_k3,7168,12288,4,8,6,splitk,PDL,26.3886,26.3467,3341.852,0.835463,1830,1.656548e-03,1,M_TILE=8;BM=56;WG=1;REG=112;STG=4;TILES=1;SUBS=2;PREPACK=1;PDL=1;EPI=1;SPLITK=0;PR=32;SPW=0;PLA=0;SISM=1
kimi_k3,7168,12288,8,8,6,splitk,B2B,30.1077,30.0100,2932.581,0.733145,1830,1.664362e-03,1,M_TILE=8;BM=56;WG=1;REG=112;STG=4;TILES=1;SUBS=2;PREPACK=1;PDL=1;EPI=1;SPLITK=0;PR=32;SPW=0;PLA=0;SISM=1
kimi_k3,7168,12288,8,8,6,splitk,ISO,41.4720,41.1200,2128.988,0.532247,1830,1.664362e-03,1,M_TILE=8;BM=56;WG=1;REG=112;STG=4;TILES=1;SUBS=2;PREPACK=1;PDL=1;EPI=1;SPLITK=0;PR=32;SPW=0;PLA=0;SISM=1
kimi_k3,7168,12288,8,8,6,splitk,PDL,26.3915,26.3765,3345.527,0.836382,1830,1.664362e-03,1,M_TILE=8;BM=56;WG=1;REG=112;STG=4;TILES=1;SUBS=2;PREPACK=1;PDL=1;EPI=1;SPLITK=0;PR=32;SPW=0;PLA=0;SISM=1
kimi_k3,7168,12288,16,16,6,splitk,B2B,41.9726,41.9616,2108.669,0.527167,1830,1.668278e-03,1,M_TILE=16;BM=56;WG=1;REG=80;STG=4;TILES=1;SUBS=2;PREPACK=1;PDL=1;EPI=1;SPLITK=0;PR=32;SPW=0;PLA=0;SISM=1
kimi_k3,7168,12288,16,16,6,splitk,ISO,47.3280,47.0720,1870.064,0.467516,1830,1.668278e-03,1,M_TILE=16;BM=56;WG=1;REG=80;STG=4;TILES=1;SUBS=2;PREPACK=1;PDL=1;EPI=1;SPLITK=0;PR=32;SPW=0;PLA=0;SISM=1
kimi_k3,7168,12288,16,16,6,splitk,PDL,37.8727,37.8709,2336.943,0.584236,1830,1.668278e-03,1,M_TILE=16;BM=56;WG=1;REG=80;STG=4;TILES=1;SUBS=2;PREPACK=1;PDL=1;EPI=1;SPLITK=0;PR=32;SPW=0;PLA=0;SISM=1
kimi_k3,7168,12288,32,32,6,splitk,B2B,58.2453,58.2258,1526.858,0.381714,1830,1.666304e-03,1,M_TILE=32;BM=64;WG=1;REG=112;STG=4;TILES=1;SUBS=2;PREPACK=1;PDL=1;EPI=1;SPLITK=0;PR=32;SPW=0;PLA=0;SISM=0
kimi_k3,7168,12288,32,32,6,splitk,ISO,64.3200,63.9680,1382.655,0.345664,1830,1.666304e-03,1,M_TILE=32;BM=64;WG=1;REG=112;STG=4;TILES=1;SUBS=2;PREPACK=1;PDL=1;EPI=1;SPLITK=0;PR=32;SPW=0;PLA=0;SISM=0
kimi_k3,7168,12288,32,32,6,splitk,PDL,51.8699,51.7945,1714.528,0.428632,1830,1.666304e-03,1,M_TILE=32;BM=64;WG=1;REG=112;STG=4;TILES=1;SUBS=2;PREPACK=1;PDL=1;EPI=1;SPLITK=0;PR=32;SPW=0;PLA=0;SISM=0
kimi_k3,7168,12288,64,64,6,splitk,B2B,148.8942,148.8142,603.007,0.150752,1830,1.665388e-03,1,M_TILE=64;BM=64;WG=2;REG=168;STG=3;TILES=2;SUBS=2;PREPACK=1;PDL=1;EPI=1;SPLITK=0;PR=32;SPW=0;PLA=0;SISM=0
kimi_k3,7168,12288,64,64,6,splitk,ISO,161.0880,160.6400,557.362,0.139340,1830,1.665388e-03,1,M_TILE=64;BM=64;WG=2;REG=168;STG=3;TILES=2;SUBS=2;PREPACK=1;PDL=1;EPI=1;SPLITK=0;PR=32;SPW=0;PLA=0;SISM=0
kimi_k3,7168,12288,64,64,6,splitk,PDL,141.7020,141.6277,633.613,0.158403,1830,1.665388e-03,1,M_TILE=64;BM=64;WG=2;REG=168;STG=3;TILES=2;SUBS=2;PREPACK=1;PDL=1;EPI=1;SPLITK=0;PR=32;SPW=0;PLA=0;SISM=0
kimi_k3,7168,12288,128,128,6,splitk,B2B,329.8464,329.4009,277.366,0.069342,1830,1.665457e-03,1,M_TILE=128;BM=64;WG=1;REG=232;STG=2;TILES=1;SUBS=1;PREPACK=1;PDL=1;EPI=1;SPLITK=0;PR=32;SPW=0;PLA=0;SISM=0
kimi_k3,7168,12288,128,128,6,splitk,ISO,334.4320,333.8880,273.563,0.068391,1830,1.665457e-03,1,M_TILE=128;BM=64;WG=1;REG=232;STG=2;TILES=1;SUBS=1;PREPACK=1;PDL=1;EPI=1;SPLITK=0;PR=32;SPW=0;PLA=0;SISM=0
kimi_k3,7168,12288,128,128,6,splitk,PDL,309.9577,308.9127,295.164,0.073791,1830,1.665457e-03,1,M_TILE=128;BM=64;WG=1;REG=232;STG=2;TILES=1;SUBS=1;PREPACK=1;PDL=1;EPI=1;SPLITK=0;PR=32;SPW=0;PLA=0;SISM=0
minimax_m3,6144,8192,1,8,0,baseline,B2B,25.0638,25.0176,2008.956,0.502239,1830,1.658379e-03,1,M_TILE=8;BM=64;WG=4;REG=112;STG=2;TILES=1;SUBS=1;PREPACK=0;PDL=0;EPI=0;SPLITK=0;PR=32;SPW=0;PLA=0;SISM=1
minimax_m3,6144,8192,1,8,0,baseline,ISO,34.5600,34.2720,1456.948,0.364237,1830,1.658379e-03,1,M_TILE=8;BM=64;WG=4;REG=112;STG=2;TILES=1;SUBS=1;PREPACK=0;PDL=0;EPI=0;SPLITK=0;PR=32;SPW=0;PLA=0;SISM=1
minimax_m3,6144,8192,1,8,0,baseline,PDL,23.2828,23.2462,2162.628,0.540657,1830,1.658379e-03,1,M_TILE=8;BM=64;WG=4;REG=112;STG=2;TILES=1;SUBS=1;PREPACK=0;PDL=0;EPI=0;SPLITK=0;PR=32;SPW=0;PLA=0;SISM=1
minimax_m3,6144,8192,2,8,0,baseline,B2B,26.4132,26.4014,1907.103,0.476776,1830,1.647788e-03,1,M_TILE=8;BM=64;WG=4;REG=112;STG=2;TILES=1;SUBS=1;PREPACK=0;PDL=0;EPI=0;SPLITK=0;PR=32;SPW=0;PLA=0;SISM=1
minimax_m3,6144,8192,2,8,0,baseline,ISO,35.6480,35.3280,1413.056,0.353264,1830,1.647788e-03,1,M_TILE=8;BM=64;WG=4;REG=112;STG=2;TILES=1;SUBS=1;PREPACK=0;PDL=0;EPI=0;SPLITK=0;PR=32;SPW=0;PLA=0;SISM=1
minimax_m3,6144,8192,2,8,0,baseline,PDL,24.7058,24.6532,2038.900,0.509725,1830,1.647788e-03,1,M_TILE=8;BM=64;WG=4;REG=112;STG=2;TILES=1;SUBS=1;PREPACK=0;PDL=0;EPI=0;SPLITK=0;PR=32;SPW=0;PLA=0;SISM=1
minimax_m3,6144,8192,4,8,0,baseline,B2B,26.7029,26.6955,1887.941,0.471985,1830,1.653507e-03,1,M_TILE=8;BM=64;WG=4;REG=112;STG=2;TILES=1;SUBS=1;PREPACK=0;PDL=0;EPI=0;SPLITK=0;PR=32;SPW=0;PLA=0;SISM=1
minimax_m3,6144,8192,4,8,0,baseline,ISO,35.9040,35.3600,1404.121,0.351030,1830,1.653507e-03,1,M_TILE=8;BM=64;WG=4;REG=112;STG=2;TILES=1;SUBS=1;PREPACK=0;PDL=0;EPI=0;SPLITK=0;PR=32;SPW=0;PLA=0;SISM=1
minimax_m3,6144,8192,4,8,0,baseline,PDL,24.9483,24.9205,2020.724,0.505181,1830,1.653507e-03,1,M_TILE=8;BM=64;WG=4;REG=112;STG=2;TILES=1;SUBS=1;PREPACK=0;PDL=0;EPI=0;SPLITK=0;PR=32;SPW=0;PLA=0;SISM=1
minimax_m3,6144,8192,8,8,0,baseline,B2B,27.3500,27.3305,1846.267,0.461567,1830,1.652444e-03,1,M_TILE=8;BM=64;WG=4;REG=112;STG=2;TILES=1;SUBS=1;PREPACK=0;PDL=0;EPI=0;SPLITK=0;PR=32;SPW=0;PLA=0;SISM=1
minimax_m3,6144,8192,8,8,0,baseline,ISO,36.8320,36.0960,1370.968,0.342742,1830,1.652444e-03,1,M_TILE=8;BM=64;WG=4;REG=112;STG=2;TILES=1;SUBS=1;PREPACK=0;PDL=0;EPI=0;SPLITK=0;PR=32;SPW=0;PLA=0;SISM=1
minimax_m3,6144,8192,8,8,0,baseline,PDL,25.5520,25.5278,1976.185,0.494046,1830,1.652444e-03,1,M_TILE=8;BM=64;WG=4;REG=112;STG=2;TILES=1;SUBS=1;PREPACK=0;PDL=0;EPI=0;SPLITK=0;PR=32;SPW=0;PLA=0;SISM=1
minimax_m3,6144,8192,16,16,0,baseline,B2B,29.6604,29.6060,1707.976,0.426994,1830,1.653027e-03,1,M_TILE=16;BM=48;WG=2;REG=112;STG=2;TILES=2;SUBS=2;PREPACK=0;PDL=0;EPI=0;SPLITK=0;PR=32;SPW=0;PLA=0;SISM=1
minimax_m3,6144,8192,16,16,0,baseline,ISO,39.2320,38.7840,1291.276,0.322819,1830,1.653027e-03,1,M_TILE=16;BM=48;WG=2;REG=112;STG=2;TILES=2;SUBS=2;PREPACK=0;PDL=0;EPI=0;SPLITK=0;PR=32;SPW=0;PLA=0;SISM=1
minimax_m3,6144,8192,16,16,0,baseline,PDL,27.8695,27.8681,1817.733,0.454433,1830,1.653027e-03,1,M_TILE=16;BM=48;WG=2;REG=112;STG=2;TILES=2;SUBS=2;PREPACK=0;PDL=0;EPI=0;SPLITK=0;PR=32;SPW=0;PLA=0;SISM=1
minimax_m3,6144,8192,32,32,0,baseline,B2B,46.2485,46.2343,1102.457,0.275614,1830,1.657955e-03,1,M_TILE=32;BM=48;WG=2;REG=168;STG=2;TILES=2;SUBS=2;PREPACK=0;PDL=0;EPI=0;SPLITK=0;PR=32;SPW=0;PLA=0;SISM=0
minimax_m3,6144,8192,32,32,0,baseline,ISO,51.6800,51.2320,986.591,0.246648,1830,1.657955e-03,1,M_TILE=32;BM=48;WG=2;REG=168;STG=2;TILES=2;SUBS=2;PREPACK=0;PDL=0;EPI=0;SPLITK=0;PR=32;SPW=0;PLA=0;SISM=0
minimax_m3,6144,8192,32,32,0,baseline,PDL,44.6105,44.5621,1142.938,0.285734,1830,1.657955e-03,1,M_TILE=32;BM=48;WG=2;REG=168;STG=2;TILES=2;SUBS=2;PREPACK=0;PDL=0;EPI=0;SPLITK=0;PR=32;SPW=0;PLA=0;SISM=0
minimax_m3,6144,8192,64,64,0,baseline,B2B,100.8487,100.8153,512.078,0.128019,1830,1.660140e-03,1,M_TILE=64;BM=48;WG=2;REG=168;STG=2;TILES=2;SUBS=2;PREPACK=0;PDL=0;EPI=0;SPLITK=0;PR=32;SPW=0;PLA=0;SISM=0
minimax_m3,6144,8192,64,64,0,baseline,ISO,109.0880,108.7360,473.401,0.118350,1830,1.660140e-03,1,M_TILE=64;BM=48;WG=2;REG=168;STG=2;TILES=2;SUBS=2;PREPACK=0;PDL=0;EPI=0;SPLITK=0;PR=32;SPW=0;PLA=0;SISM=0
minimax_m3,6144,8192,64,64,0,baseline,PDL,99.1207,99.1008,521.005,0.130251,1830,1.660140e-03,1,M_TILE=64;BM=48;WG=2;REG=168;STG=2;TILES=2;SUBS=2;PREPACK=0;PDL=0;EPI=0;SPLITK=0;PR=32;SPW=0;PLA=0;SISM=0
minimax_m3,6144,8192,128,128,0,baseline,B2B,177.7077,177.5844,297.979,0.074495,1830,1.662079e-03,1,M_TILE=128;BM=48;WG=2;REG=168;STG=2;TILES=2;SUBS=1;PREPACK=0;PDL=0;EPI=0;SPLITK=0;PR=32;SPW=0;PLA=0;SISM=0
minimax_m3,6144,8192,128,128,0,baseline,ISO,185.6000,185.0880,285.308,0.071327,1830,1.662079e-03,1,M_TILE=128;BM=48;WG=2;REG=168;STG=2;TILES=2;SUBS=1;PREPACK=0;PDL=0;EPI=0;SPLITK=0;PR=32;SPW=0;PLA=0;SISM=0
minimax_m3,6144,8192,128,128,0,baseline,PDL,175.9943,175.8283,300.880,0.075220,1830,1.662079e-03,1,M_TILE=128;BM=48;WG=2;REG=168;STG=2;TILES=2;SUBS=1;PREPACK=0;PDL=0;EPI=0;SPLITK=0;PR=32;SPW=0;PLA=0;SISM=0
minimax_m3,6144,8192,1,8,1,pdl,B2B,25.2156,25.1883,1996.861,0.499215,1830,1.658379e-03,1,M_TILE=8;BM=64;WG=4;REG=112;STG=2;TILES=1;SUBS=1;PREPACK=0;PDL=1;EPI=0;SPLITK=0;PR=32;SPW=0;PLA=0;SISM=1
minimax_m3,6144,8192,1,8,1,pdl,ISO,35.0080,34.6880,1438.304,0.359576,1830,1.658379e-03,1,M_TILE=8;BM=64;WG=4;REG=112;STG=2;TILES=1;SUBS=1;PREPACK=0;PDL=1;EPI=0;SPLITK=0;PR=32;SPW=0;PLA=0;SISM=1
minimax_m3,6144,8192,1,8,1,pdl,PDL,22.4732,22.4398,2240.537,0.560134,1830,1.658379e-03,1,M_TILE=8;BM=64;WG=4;REG=112;STG=2;TILES=1;SUBS=1;PREPACK=0;PDL=1;EPI=0;SPLITK=0;PR=32;SPW=0;PLA=0;SISM=1
minimax_m3,6144,8192,2,8,1,pdl,B2B,26.5860,26.5490,1894.707,0.473677,1830,1.647788e-03,1,M_TILE=8;BM=64;WG=4;REG=112;STG=2;TILES=1;SUBS=1;PREPACK=0;PDL=1;EPI=0;SPLITK=0;PR=32;SPW=0;PLA=0;SISM=1
minimax_m3,6144,8192,2,8,1,pdl,ISO,35.8720,35.4240,1404.232,0.351058,1830,1.647788e-03,1,M_TILE=8;BM=64;WG=4;REG=112;STG=2;TILES=1;SUBS=1;PREPACK=0;PDL=1;EPI=0;SPLITK=0;PR=32;SPW=0;PLA=0;SISM=1
minimax_m3,6144,8192,2,8,1,pdl,PDL,23.1836,23.1829,2172.765,0.543191,1830,1.647788e-03,1,M_TILE=8;BM=64;WG=4;REG=112;STG=2;TILES=1;SUBS=1;PREPACK=0;PDL=1;EPI=0;SPLITK=0;PR=32;SPW=0;PLA=0;SISM=1
minimax_m3,6144,8192,4,8,1,pdl,B2B,26.8843,26.8228,1875.207,0.468802,1830,1.653507e-03,1,M_TILE=8;BM=64;WG=4;REG=112;STG=2;TILES=1;SUBS=1;PREPACK=0;PDL=1;EPI=0;SPLITK=0;PR=32;SPW=0;PLA=0;SISM=1
minimax_m3,6144,8192,4,8,1,pdl,ISO,36.1920,35.6480,1392.948,0.348237,1830,1.653507e-03,1,M_TILE=8;BM=64;WG=4;REG=112;STG=2;TILES=1;SUBS=1;PREPACK=0;PDL=1;EPI=0;SPLITK=0;PR=32;SPW=0;PLA=0;SISM=1
minimax_m3,6144,8192,4,8,1,pdl,PDL,23.3337,23.3319,2160.548,0.540137,1830,1.653507e-03,1,M_TILE=8;BM=64;WG=4;REG=112;STG=2;TILES=1;SUBS=1;PREPACK=0;PDL=1;EPI=0;SPLITK=0;PR=32;SPW=0;PLA=0;SISM=1
minimax_m3,6144,8192,8,8,1,pdl,B2B,27.5335,27.5164,1833.965,0.458491,1830,1.652444e-03,1,M_TILE=8;BM=64;WG=4;REG=112;STG=2;TILES=1;SUBS=1;PREPACK=0;PDL=1;EPI=0;SPLITK=0;PR=32;SPW=0;PLA=0;SISM=1
minimax_m3,6144,8192,8,8,1,pdl,ISO,37.1200,36.4160,1360.331,0.340083,1830,1.652444e-03,1,M_TILE=8;BM=64;WG=4;REG=112;STG=2;TILES=1;SUBS=1;PREPACK=0;PDL=1;EPI=0;SPLITK=0;PR=32;SPW=0;PLA=0;SISM=1
minimax_m3,6144,8192,8,8,1,pdl,PDL,23.7771,23.7490,2123.706,0.530926,1830,1.652444e-03,1,M_TILE=8;BM=64;WG=4;REG=112;STG=2;TILES=1;SUBS=1;PREPACK=0;PDL=1;EPI=0;SPLITK=0;PR=32;SPW=0;PLA=0;SISM=1
minimax_m3,6144,8192,16,16,1,pdl,B2B,29.7049,29.6523,1705.421,0.426355,1830,1.653027e-03,1,M_TILE=16;BM=48;WG=2;REG=112;STG=2;TILES=2;SUBS=2;PREPACK=0;PDL=1;EPI=0;SPLITK=0;PR=32;SPW=0;PLA=0;SISM=1
minimax_m3,6144,8192,16,16,1,pdl,ISO,39.2640,38.9120,1290.223,0.322556,1830,1.653027e-03,1,M_TILE=16;BM=48;WG=2;REG=112;STG=2;TILES=2;SUBS=2;PREPACK=0;PDL=1;EPI=0;SPLITK=0;PR=32;SPW=0;PLA=0;SISM=1
minimax_m3,6144,8192,16,16,1,pdl,PDL,27.3899,27.3881,1849.565,0.462391,1830,1.653027e-03,1,M_TILE=16;BM=48;WG=2;REG=112;STG=2;TILES=2;SUBS=2;PREPACK=0;PDL=1;EPI=0;SPLITK=0;PR=32;SPW=0;PLA=0;SISM=1
minimax_m3,6144,8192,32,32,1,pdl,B2B,46.2884,46.1799,1101.508,0.275377,1830,1.657955e-03,1,M_TILE=32;BM=48;WG=2;REG=168;STG=2;TILES=2;SUBS=2;PREPACK=0;PDL=1;EPI=0;SPLITK=0;PR=32;SPW=0;PLA=0;SISM=0
minimax_m3,6144,8192,32,32,1,pdl,ISO,51.9360,51.5840,981.728,0.245432,1830,1.657955e-03,1,M_TILE=32;BM=48;WG=2;REG=168;STG=2;TILES=2;SUBS=2;PREPACK=0;PDL=1;EPI=0;SPLITK=0;PR=32;SPW=0;PLA=0;SISM=0
minimax_m3,6144,8192,32,32,1,pdl,PDL,43.1157,42.9611,1182.562,0.295640,1830,1.657955e-03,1,M_TILE=32;BM=48;WG=2;REG=168;STG=2;TILES=2;SUBS=2;PREPACK=0;PDL=1;EPI=0;SPLITK=0;PR=32;SPW=0;PLA=0;SISM=0
minimax_m3,6144,8192,64,64,1,pdl,B2B,101.1648,101.1598,510.478,0.127619,1830,1.660140e-03,1,M_TILE=64;BM=48;WG=2;REG=168;STG=2;TILES=2;SUBS=2;PREPACK=0;PDL=1;EPI=0;SPLITK=0;PR=32;SPW=0;PLA=0;SISM=0
minimax_m3,6144,8192,64,64,1,pdl,ISO,109.2800,108.8320,472.569,0.118142,1830,1.660140e-03,1,M_TILE=64;BM=48;WG=2;REG=168;STG=2;TILES=2;SUBS=2;PREPACK=0;PDL=1;EPI=0;SPLITK=0;PR=32;SPW=0;PLA=0;SISM=0
minimax_m3,6144,8192,64,64,1,pdl,PDL,94.3260,94.2716,547.488,0.136872,1830,1.660140e-03,1,M_TILE=64;BM=48;WG=2;REG=168;STG=2;TILES=2;SUBS=2;PREPACK=0;PDL=1;EPI=0;SPLITK=0;PR=32;SPW=0;PLA=0;SISM=0
minimax_m3,6144,8192,128,128,1,pdl,B2B,176.8789,176.7097,299.375,0.074844,1830,1.662079e-03,1,M_TILE=128;BM=48;WG=2;REG=168;STG=2;TILES=2;SUBS=1;PREPACK=0;PDL=1;EPI=0;SPLITK=0;PR=32;SPW=0;PLA=0;SISM=0
minimax_m3,6144,8192,128,128,1,pdl,ISO,184.4800,183.8720,287.040,0.071760,1830,1.662079e-03,1,M_TILE=128;BM=48;WG=2;REG=168;STG=2;TILES=2;SUBS=1;PREPACK=0;PDL=1;EPI=0;SPLITK=0;PR=32;SPW=0;PLA=0;SISM=0
minimax_m3,6144,8192,128,128,1,pdl,PDL,168.5316,168.0281,314.203,0.078551,1830,1.662079e-03,1,M_TILE=128;BM=48;WG=2;REG=168;STG=2;TILES=2;SUBS=1;PREPACK=0;PDL=1;EPI=0;SPLITK=0;PR=32;SPW=0;PLA=0;SISM=0
minimax_m3,6144,8192,1,8,2,blockk,B2B,21.9826,21.9701,2290.547,0.572637,1830,1.658379e-03,1,M_TILE=8;BM=64;WG=4;REG=112;STG=2;TILES=1;SUBS=2;PREPACK=0;PDL=1;EPI=0;SPLITK=0;PR=32;SPW=0;PLA=0;SISM=1
minimax_m3,6144,8192,1,8,2,blockk,ISO,31.0720,30.8160,1620.498,0.405125,1830,1.658379e-03,1,M_TILE=8;BM=64;WG=4;REG=112;STG=2;TILES=1;SUBS=2;PREPACK=0;PDL=1;EPI=0;SPLITK=0;PR=32;SPW=0;PLA=0;SISM=1
minimax_m3,6144,8192,1,8,2,blockk,PDL,19.1353,19.1332,2631.375,0.657844,1830,1.658379e-03,1,M_TILE=8;BM=64;WG=4;REG=112;STG=2;TILES=1;SUBS=2;PREPACK=0;PDL=1;EPI=0;SPLITK=0;PR=32;SPW=0;PLA=0;SISM=1
minimax_m3,6144,8192,2,8,2,blockk,B2B,23.3660,23.3607,2155.804,0.538951,1830,1.647785e-03,1,M_TILE=8;BM=64;WG=4;REG=112;STG=2;TILES=1;SUBS=2;PREPACK=0;PDL=1;EPI=0;SPLITK=0;PR=32;SPW=0;PLA=0;SISM=1
minimax_m3,6144,8192,2,8,2,blockk,ISO,31.7120,31.2320,1588.440,0.397110,1830,1.647785e-03,1,M_TILE=8;BM=64;WG=4;REG=112;STG=2;TILES=1;SUBS=2;PREPACK=0;PDL=1;EPI=0;SPLITK=0;PR=32;SPW=0;PLA=0;SISM=1
minimax_m3,6144,8192,2,8,2,blockk,PDL,19.4059,19.3781,2595.741,0.648935,1830,1.647785e-03,1,M_TILE=8;BM=64;WG=4;REG=112;STG=2;TILES=1;SUBS=2;PREPACK=0;PDL=1;EPI=0;SPLITK=0;PR=32;SPW=0;PLA=0;SISM=1
minimax_m3,6144,8192,4,8,2,blockk,B2B,23.7362,23.7131,2123.913,0.530978,1830,1.653506e-03,1,M_TILE=8;BM=64;WG=4;REG=112;STG=2;TILES=1;SUBS=2;PREPACK=0;PDL=1;EPI=0;SPLITK=0;PR=32;SPW=0;PLA=0;SISM=1
minimax_m3,6144,8192,4,8,2,blockk,ISO,32.1280,31.6800,1569.147,0.392287,1830,1.653506e-03,1,M_TILE=8;BM=64;WG=4;REG=112;STG=2;TILES=1;SUBS=2;PREPACK=0;PDL=1;EPI=0;SPLITK=0;PR=32;SPW=0;PLA=0;SISM=1
minimax_m3,6144,8192,4,8,2,blockk,PDL,19.5627,19.5573,2577.029,0.644257,1830,1.653506e-03,1,M_TILE=8;BM=64;WG=4;REG=112;STG=2;TILES=1;SUBS=2;PREPACK=0;PDL=1;EPI=0;SPLITK=0;PR=32;SPW=0;PLA=0;SISM=1
minimax_m3,6144,8192,8,8,2,blockk,B2B,25.0482,25.0201,2015.934,0.503984,1830,1.652447e-03,1,M_TILE=8;BM=64;WG=4;REG=112;STG=2;TILES=1;SUBS=2;PREPACK=0;PDL=1;EPI=0;SPLITK=0;PR=32;SPW=0;PLA=0;SISM=1
minimax_m3,6144,8192,8,8,2,blockk,ISO,33.2800,32.8960,1517.292,0.379323,1830,1.652447e-03,1,M_TILE=8;BM=64;WG=4;REG=112;STG=2;TILES=1;SUBS=2;PREPACK=0;PDL=1;EPI=0;SPLITK=0;PR=32;SPW=0;PLA=0;SISM=1
minimax_m3,6144,8192,8,8,2,blockk,PDL,20.5756,20.5440,2454.139,0.613535,1830,1.652447e-03,1,M_TILE=8;BM=64;WG=4;REG=112;STG=2;TILES=1;SUBS=2;PREPACK=0;PDL=1;EPI=0;SPLITK=0;PR=32;SPW=0;PLA=0;SISM=1
minimax_m3,6144,8192,16,16,2,blockk,B2B,29.6978,29.6786,1705.829,0.426457,1830,1.653027e-03,1,M_TILE=16;BM=48;WG=2;REG=112;STG=2;TILES=2;SUBS=2;PREPACK=0;PDL=1;EPI=0;SPLITK=0;PR=32;SPW=0;PLA=0;SISM=1
minimax_m3,6144,8192,16,16,2,blockk,ISO,39.0720,38.6560,1296.563,0.324141,1830,1.653027e-03,1,M_TILE=16;BM=48;WG=2;REG=112;STG=2;TILES=2;SUBS=2;PREPACK=0;PDL=1;EPI=0;SPLITK=0;PR=32;SPW=0;PLA=0;SISM=1
minimax_m3,6144,8192,16,16,2,blockk,PDL,27.3660,27.3596,1851.175,0.462794,1830,1.653027e-03,1,M_TILE=16;BM=48;WG=2;REG=112;STG=2;TILES=2;SUBS=2;PREPACK=0;PDL=1;EPI=0;SPLITK=0;PR=32;SPW=0;PLA=0;SISM=1
minimax_m3,6144,8192,32,32,2,blockk,B2B,46.1760,46.1518,1104.189,0.276047,1830,1.657955e-03,1,M_TILE=32;BM=48;WG=2;REG=168;STG=2;TILES=2;SUBS=2;PREPACK=0;PDL=1;EPI=0;SPLITK=0;PR=32;SPW=0;PLA=0;SISM=0
minimax_m3,6144,8192,32,32,2,blockk,ISO,51.5520,51.1040,989.040,0.247260,1830,1.657955e-03,1,M_TILE=32;BM=48;WG=2;REG=168;STG=2;TILES=2;SUBS=2;PREPACK=0;PDL=1;EPI=0;SPLITK=0;PR=32;SPW=0;PLA=0;SISM=0
minimax_m3,6144,8192,32,32,2,blockk,PDL,43.0869,43.0635,1183.352,0.295838,1830,1.657955e-03,1,M_TILE=32;BM=48;WG=2;REG=168;STG=2;TILES=2;SUBS=2;PREPACK=0;PDL=1;EPI=0;SPLITK=0;PR=32;SPW=0;PLA=0;SISM=0
minimax_m3,6144,8192,64,64,2,blockk,B2B,101.1044,101.0940,510.783,0.127696,1830,1.660140e-03,1,M_TILE=64;BM=48;WG=2;REG=168;STG=2;TILES=2;SUBS=2;PREPACK=0;PDL=1;EPI=0;SPLITK=0;PR=32;SPW=0;PLA=0;SISM=0
minimax_m3,6144,8192,64,64,2,blockk,ISO,109.4720,108.8320,471.740,0.117935,1830,1.660140e-03,1,M_TILE=64;BM=48;WG=2;REG=168;STG=2;TILES=2;SUBS=2;PREPACK=0;PDL=1;EPI=0;SPLITK=0;PR=32;SPW=0;PLA=0;SISM=0
minimax_m3,6144,8192,64,64,2,blockk,PDL,94.4988,94.3559,546.487,0.136622,1830,1.660140e-03,1,M_TILE=64;BM=48;WG=2;REG=168;STG=2;TILES=2;SUBS=2;PREPACK=0;PDL=1;EPI=0;SPLITK=0;PR=32;SPW=0;PLA=0;SISM=0
minimax_m3,6144,8192,128,128,2,blockk,B2B,176.2507,176.1252,300.442,0.075110,1830,1.662079e-03,1,M_TILE=128;BM=48;WG=2;REG=168;STG=2;TILES=2;SUBS=1;PREPACK=0;PDL=1;EPI=0;SPLITK=0;PR=32;SPW=0;PLA=0;SISM=0
minimax_m3,6144,8192,128,128,2,blockk,ISO,184.5120,184.0640,286.990,0.071747,1830,1.662079e-03,1,M_TILE=128;BM=48;WG=2;REG=168;STG=2;TILES=2;SUBS=1;PREPACK=0;PDL=1;EPI=0;SPLITK=0;PR=32;SPW=0;PLA=0;SISM=0
minimax_m3,6144,8192,128,128,2,blockk,PDL,167.9417,167.5129,315.306,0.078827,1830,1.662079e-03,1,M_TILE=128;BM=48;WG=2;REG=168;STG=2;TILES=2;SUBS=1;PREPACK=0;PDL=1;EPI=0;SPLITK=0;PR=32;SPW=0;PLA=0;SISM=0
minimax_m3,6144,8192,1,8,3,prepack,B2B,22.0356,22.0334,2285.040,0.571260,1830,1.658379e-03,1,M_TILE=8;BM=64;WG=4;REG=112;STG=2;TILES=1;SUBS=2;PREPACK=1;PDL=1;EPI=0;SPLITK=0;PR=32;SPW=0;PLA=0;SISM=1
minimax_m3,6144,8192,1,8,3,prepack,ISO,31.4880,31.1360,1599.089,0.399772,1830,1.658379e-03,1,M_TILE=8;BM=64;WG=4;REG=112;STG=2;TILES=1;SUBS=2;PREPACK=1;PDL=1;EPI=0;SPLITK=0;PR=32;SPW=0;PLA=0;SISM=1
minimax_m3,6144,8192,1,8,3,prepack,PDL,19.0055,18.9326,2649.344,0.662336,1830,1.658379e-03,1,M_TILE=8;BM=64;WG=4;REG=112;STG=2;TILES=1;SUBS=2;PREPACK=1;PDL=1;EPI=0;SPLITK=0;PR=32;SPW=0;PLA=0;SISM=1
minimax_m3,6144,8192,2,8,3,prepack,B2B,23.4300,23.3596,2149.915,0.537479,1830,1.647785e-03,1,M_TILE=8;BM=64;WG=4;REG=112;STG=2;TILES=1;SUBS=2;PREPACK=1;PDL=1;EPI=0;SPLITK=0;PR=32;SPW=0;PLA=0;SISM=1
minimax_m3,6144,8192,2,8,3,prepack,ISO,31.9680,31.7120,1575.720,0.393930,1830,1.647785e-03,1,M_TILE=8;BM=64;WG=4;REG=112;STG=2;TILES=1;SUBS=2;PREPACK=1;PDL=1;EPI=0;SPLITK=0;PR=32;SPW=0;PLA=0;SISM=1
minimax_m3,6144,8192,2,8,3,prepack,PDL,19.2103,19.1915,2622.165,0.655541,1830,1.647785e-03,1,M_TILE=8;BM=64;WG=4;REG=112;STG=2;TILES=1;SUBS=2;PREPACK=1;PDL=1;EPI=0;SPLITK=0;PR=32;SPW=0;PLA=0;SISM=1
minimax_m3,6144,8192,4,8,3,prepack,B2B,23.6924,23.6846,2127.833,0.531958,1830,1.653506e-03,1,M_TILE=8;BM=64;WG=4;REG=112;STG=2;TILES=1;SUBS=2;PREPACK=1;PDL=1;EPI=0;SPLITK=0;PR=32;SPW=0;PLA=0;SISM=1
minimax_m3,6144,8192,4,8,3,prepack,ISO,32.2560,31.8720,1562.921,0.390730,1830,1.653506e-03,1,M_TILE=8;BM=64;WG=4;REG=112;STG=2;TILES=1;SUBS=2;PREPACK=1;PDL=1;EPI=0;SPLITK=0;PR=32;SPW=0;PLA=0;SISM=1
minimax_m3,6144,8192,4,8,3,prepack,PDL,19.3490,19.3266,2605.490,0.651373,1830,1.653506e-03,1,M_TILE=8;BM=64;WG=4;REG=112;STG=2;TILES=1;SUBS=2;PREPACK=1;PDL=1;EPI=0;SPLITK=0;PR=32;SPW=0;PLA=0;SISM=1
minimax_m3,6144,8192,8,8,3,prepack,B2B,24.8857,24.8516,2029.097,0.507274,1830,1.652447e-03,1,M_TILE=8;BM=64;WG=4;REG=112;STG=2;TILES=1;SUBS=2;PREPACK=1;PDL=1;EPI=0;SPLITK=0;PR=32;SPW=0;PLA=0;SISM=1
minimax_m3,6144,8192,8,8,3,prepack,ISO,33.6960,33.3120,1498.560,0.374640,1830,1.652447e-03,1,M_TILE=8;BM=64;WG=4;REG=112;STG=2;TILES=1;SUBS=2;PREPACK=1;PDL=1;EPI=0;SPLITK=0;PR=32;SPW=0;PLA=0;SISM=1
minimax_m3,6144,8192,8,8,3,prepack,PDL,20.2471,20.2311,2493.960,0.623490,1830,1.652447e-03,1,M_TILE=8;BM=64;WG=4;REG=112;STG=2;TILES=1;SUBS=2;PREPACK=1;PDL=1;EPI=0;SPLITK=0;PR=32;SPW=0;PLA=0;SISM=1
minimax_m3,6144,8192,16,16,3,prepack,B2B,30.3196,30.3168,1670.842,0.417710,1830,1.653027e-03,1,M_TILE=16;BM=48;WG=2;REG=112;STG=2;TILES=2;SUBS=2;PREPACK=1;PDL=1;EPI=0;SPLITK=0;PR=32;SPW=0;PLA=0;SISM=1
minimax_m3,6144,8192,16,16,3,prepack,ISO,43.4240,43.2000,1166.621,0.291655,1830,1.653027e-03,1,M_TILE=16;BM=48;WG=2;REG=112;STG=2;TILES=2;SUBS=2;PREPACK=1;PDL=1;EPI=0;SPLITK=0;PR=32;SPW=0;PLA=0;SISM=1
minimax_m3,6144,8192,16,16,3,prepack,PDL,28.0796,28.0377,1804.130,0.451032,1830,1.653027e-03,1,M_TILE=16;BM=48;WG=2;REG=112;STG=2;TILES=2;SUBS=2;PREPACK=1;PDL=1;EPI=0;SPLITK=0;PR=32;SPW=0;PLA=0;SISM=1
minimax_m3,6144,8192,32,32,3,prepack,B2B,46.3915,46.3780,1099.060,0.274765,1830,1.657955e-03,1,M_TILE=32;BM=48;WG=2;REG=168;STG=2;TILES=2;SUBS=2;PREPACK=1;PDL=1;EPI=0;SPLITK=0;PR=32;SPW=0;PLA=0;SISM=0
minimax_m3,6144,8192,32,32,3,prepack,ISO,53.2480,52.7360,957.538,0.239385,1830,1.657955e-03,1,M_TILE=32;BM=48;WG=2;REG=168;STG=2;TILES=2;SUBS=2;PREPACK=1;PDL=1;EPI=0;SPLITK=0;PR=32;SPW=0;PLA=0;SISM=0
minimax_m3,6144,8192,32,32,3,prepack,PDL,43.2192,43.2004,1179.730,0.294933,1830,1.657955e-03,1,M_TILE=32;BM=48;WG=2;REG=168;STG=2;TILES=2;SUBS=2;PREPACK=1;PDL=1;EPI=0;SPLITK=0;PR=32;SPW=0;PLA=0;SISM=0
minimax_m3,6144,8192,64,64,3,prepack,B2B,100.8964,100.8565,511.836,0.127959,1830,1.660140e-03,1,M_TILE=64;BM=48;WG=2;REG=168;STG=2;TILES=2;SUBS=2;PREPACK=1;PDL=1;EPI=0;SPLITK=0;PR=32;SPW=0;PLA=0;SISM=0
minimax_m3,6144,8192,64,64,3,prepack,ISO,109.4080,108.8960,472.016,0.118004,1830,1.660140e-03,1,M_TILE=64;BM=48;WG=2;REG=168;STG=2;TILES=2;SUBS=2;PREPACK=1;PDL=1;EPI=0;SPLITK=0;PR=32;SPW=0;PLA=0;SISM=0
minimax_m3,6144,8192,64,64,3,prepack,PDL,93.8073,93.6711,550.516,0.137629,1830,1.660140e-03,1,M_TILE=64;BM=48;WG=2;REG=168;STG=2;TILES=2;SUBS=2;PREPACK=1;PDL=1;EPI=0;SPLITK=0;PR=32;SPW=0;PLA=0;SISM=0
minimax_m3,6144,8192,128,128,3,prepack,B2B,168.3687,168.0633,314.507,0.078627,1830,1.662079e-03,1,M_TILE=128;BM=48;WG=2;REG=168;STG=2;TILES=2;SUBS=1;PREPACK=1;PDL=1;EPI=0;SPLITK=0;PR=32;SPW=0;PLA=0;SISM=0
minimax_m3,6144,8192,128,128,3,prepack,ISO,176.6720,176.1600,299.725,0.074931,1830,1.662079e-03,1,M_TILE=128;BM=48;WG=2;REG=168;STG=2;TILES=2;SUBS=1;PREPACK=1;PDL=1;EPI=0;SPLITK=0;PR=32;SPW=0;PLA=0;SISM=0
minimax_m3,6144,8192,128,128,3,prepack,PDL,161.6594,161.5876,327.560,0.081890,1830,1.662079e-03,1,M_TILE=128;BM=48;WG=2;REG=168;STG=2;TILES=2;SUBS=1;PREPACK=1;PDL=1;EPI=0;SPLITK=0;PR=32;SPW=0;PLA=0;SISM=0
minimax_m3,6144,8192,1,8,4,tile_stage,B2B,18.7403,18.7036,2686.842,0.671710,1830,1.658379e-03,1,M_TILE=8;BM=56;WG=1;REG=112;STG=4;TILES=1;SUBS=2;PREPACK=1;PDL=1;EPI=0;SPLITK=0;PR=32;SPW=0;PLA=0;SISM=1
minimax_m3,6144,8192,1,8,4,tile_stage,ISO,27.7120,27.4880,1816.979,0.454245,1830,1.658379e-03,1,M_TILE=8;BM=56;WG=1;REG=112;STG=4;TILES=1;SUBS=2;PREPACK=1;PDL=1;EPI=0;SPLITK=0;PR=32;SPW=0;PLA=0;SISM=1
minimax_m3,6144,8192,1,8,4,tile_stage,PDL,15.9755,15.8101,3151.841,0.787960,1830,1.658379e-03,1,M_TILE=8;BM=56;WG=1;REG=112;STG=4;TILES=1;SUBS=2;PREPACK=1;PDL=1;EPI=0;SPLITK=0;PR=32;SPW=0;PLA=0;SISM=1
minimax_m3,6144,8192,2,8,4,tile_stage,B2B,18.8693,18.8434,2669.549,0.667387,1830,1.647788e-03,1,M_TILE=8;BM=56;WG=1;REG=112;STG=4;TILES=1;SUBS=2;PREPACK=1;PDL=1;EPI=0;SPLITK=0;PR=32;SPW=0;PLA=0;SISM=1
minimax_m3,6144,8192,2,8,4,tile_stage,ISO,27.7760,27.5520,1813.530,0.453383,1830,1.647788e-03,1,M_TILE=8;BM=56;WG=1;REG=112;STG=4;TILES=1;SUBS=2;PREPACK=1;PDL=1;EPI=0;SPLITK=0;PR=32;SPW=0;PLA=0;SISM=1
minimax_m3,6144,8192,2,8,4,tile_stage,PDL,15.9943,15.9097,3149.408,0.787352,1830,1.647788e-03,1,M_TILE=8;BM=56;WG=1;REG=112;STG=4;TILES=1;SUBS=2;PREPACK=1;PDL=1;EPI=0;SPLITK=0;PR=32;SPW=0;PLA=0;SISM=1
minimax_m3,6144,8192,4,8,4,tile_stage,B2B,19.0507,19.0290,2646.289,0.661572,1830,1.653507e-03,1,M_TILE=8;BM=56;WG=1;REG=112;STG=4;TILES=1;SUBS=2;PREPACK=1;PDL=1;EPI=0;SPLITK=0;PR=32;SPW=0;PLA=0;SISM=1
minimax_m3,6144,8192,4,8,4,tile_stage,ISO,27.9680,27.7440,1802.545,0.450636,1830,1.653507e-03,1,M_TILE=8;BM=56;WG=1;REG=112;STG=4;TILES=1;SUBS=2;PREPACK=1;PDL=1;EPI=0;SPLITK=0;PR=32;SPW=0;PLA=0;SISM=1
minimax_m3,6144,8192,4,8,4,tile_stage,PDL,15.9012,15.8411,3170.434,0.792609,1830,1.653507e-03,1,M_TILE=8;BM=56;WG=1;REG=112;STG=4;TILES=1;SUBS=2;PREPACK=1;PDL=1;EPI=0;SPLITK=0;PR=32;SPW=0;PLA=0;SISM=1
minimax_m3,6144,8192,8,8,4,tile_stage,B2B,19.5275,19.4990,2585.870,0.646467,1830,1.652497e-03,1,M_TILE=8;BM=56;WG=1;REG=112;STG=4;TILES=1;SUBS=2;PREPACK=1;PDL=1;EPI=0;SPLITK=0;PR=32;SPW=0;PLA=0;SISM=1
minimax_m3,6144,8192,8,8,4,tile_stage,ISO,28.5440,28.3200,1769.040,0.442260,1830,1.652497e-03,1,M_TILE=8;BM=56;WG=1;REG=112;STG=4;TILES=1;SUBS=2;PREPACK=1;PDL=1;EPI=0;SPLITK=0;PR=32;SPW=0;PLA=0;SISM=1
minimax_m3,6144,8192,8,8,4,tile_stage,PDL,16.0220,15.9772,3151.626,0.787906,1830,1.652497e-03,1,M_TILE=8;BM=56;WG=1;REG=112;STG=4;TILES=1;SUBS=2;PREPACK=1;PDL=1;EPI=0;SPLITK=0;PR=32;SPW=0;PLA=0;SISM=1
minimax_m3,6144,8192,16,16,4,tile_stage,B2B,29.8052,29.7913,1699.683,0.424921,1830,1.653027e-03,1,M_TILE=16;BM=64;WG=1;REG=80;STG=4;TILES=1;SUBS=2;PREPACK=1;PDL=1;EPI=0;SPLITK=0;PR=32;SPW=0;PLA=0;SISM=1
minimax_m3,6144,8192,16,16,4,tile_stage,ISO,34.4000,34.0160,1472.655,0.368164,1830,1.653027e-03,1,M_TILE=16;BM=64;WG=1;REG=80;STG=4;TILES=1;SUBS=2;PREPACK=1;PDL=1;EPI=0;SPLITK=0;PR=32;SPW=0;PLA=0;SISM=1
minimax_m3,6144,8192,16,16,4,tile_stage,PDL,24.9049,24.8971,2034.112,0.508528,1830,1.653027e-03,1,M_TILE=16;BM=64;WG=1;REG=80;STG=4;TILES=1;SUBS=2;PREPACK=1;PDL=1;EPI=0;SPLITK=0;PR=32;SPW=0;PLA=0;SISM=1
minimax_m3,6144,8192,32,32,4,tile_stage,B2B,39.8788,39.8677,1278.551,0.319638,1830,1.657955e-03,1,M_TILE=32;BM=64;WG=1;REG=112;STG=4;TILES=1;SUBS=2;PREPACK=1;PDL=1;EPI=0;SPLITK=0;PR=32;SPW=0;PLA=0;SISM=0
minimax_m3,6144,8192,32,32,4,tile_stage,ISO,44.6400,44.2880,1142.182,0.285546,1830,1.657955e-03,1,M_TILE=32;BM=64;WG=1;REG=112;STG=4;TILES=1;SUBS=2;PREPACK=1;PDL=1;EPI=0;SPLITK=0;PR=32;SPW=0;PLA=0;SISM=0
minimax_m3,6144,8192,32,32,4,tile_stage,PDL,33.1584,33.1061,1537.680,0.384420,1830,1.657955e-03,1,M_TILE=32;BM=64;WG=1;REG=112;STG=4;TILES=1;SUBS=2;PREPACK=1;PDL=1;EPI=0;SPLITK=0;PR=32;SPW=0;PLA=0;SISM=0
minimax_m3,6144,8192,64,64,4,tile_stage,B2B,99.7202,99.2871,517.873,0.129468,1830,1.660140e-03,1,M_TILE=64;BM=64;WG=2;REG=168;STG=3;TILES=2;SUBS=2;PREPACK=1;PDL=1;EPI=0;SPLITK=0;PR=32;SPW=0;PLA=0;SISM=0
minimax_m3,6144,8192,64,64,4,tile_stage,ISO,109.0560,108.6080,473.540,0.118385,1830,1.660140e-03,1,M_TILE=64;BM=64;WG=2;REG=168;STG=3;TILES=2;SUBS=2;PREPACK=1;PDL=1;EPI=0;SPLITK=0;PR=32;SPW=0;PLA=0;SISM=0
minimax_m3,6144,8192,64,64,4,tile_stage,PDL,89.5136,89.5097,576.922,0.144231,1830,1.660140e-03,1,M_TILE=64;BM=64;WG=2;REG=168;STG=3;TILES=2;SUBS=2;PREPACK=1;PDL=1;EPI=0;SPLITK=0;PR=32;SPW=0;PLA=0;SISM=0
minimax_m3,6144,8192,128,128,4,tile_stage,B2B,208.3044,207.8460,254.210,0.063553,1830,1.662079e-03,1,M_TILE=128;BM=64;WG=1;REG=232;STG=2;TILES=1;SUBS=1;PREPACK=1;PDL=1;EPI=0;SPLITK=0;PR=32;SPW=0;PLA=0;SISM=0
minimax_m3,6144,8192,128,128,4,tile_stage,ISO,222.7520,222.2720,237.722,0.059431,1830,1.662079e-03,1,M_TILE=128;BM=64;WG=1;REG=232;STG=2;TILES=1;SUBS=1;PREPACK=1;PDL=1;EPI=0;SPLITK=0;PR=32;SPW=0;PLA=0;SISM=0
minimax_m3,6144,8192,128,128,4,tile_stage,PDL,198.4466,198.4253,266.838,0.066710,1830,1.662079e-03,1,M_TILE=128;BM=64;WG=1;REG=232;STG=2;TILES=1;SUBS=1;PREPACK=1;PDL=1;EPI=0;SPLITK=0;PR=32;SPW=0;PLA=0;SISM=0
minimax_m3,6144,8192,1,8,5,epi_overlap,B2B,18.7669,18.7154,2683.024,0.670756,1830,1.658379e-03,1,M_TILE=8;BM=56;WG=1;REG=112;STG=4;TILES=1;SUBS=2;PREPACK=1;PDL=1;EPI=1;SPLITK=0;PR=32;SPW=0;PLA=0;SISM=1
minimax_m3,6144,8192,1,8,5,epi_overlap,ISO,27.5520,26.9440,1827.531,0.456883,1830,1.658379e-03,1,M_TILE=8;BM=56;WG=1;REG=112;STG=4;TILES=1;SUBS=2;PREPACK=1;PDL=1;EPI=1;SPLITK=0;PR=32;SPW=0;PLA=0;SISM=1
minimax_m3,6144,8192,1,8,5,epi_overlap,PDL,15.8695,15.7920,3172.885,0.793221,1830,1.658379e-03,1,M_TILE=8;BM=56;WG=1;REG=112;STG=4;TILES=1;SUBS=2;PREPACK=1;PDL=1;EPI=1;SPLITK=0;PR=32;SPW=0;PLA=0;SISM=1
minimax_m3,6144,8192,2,8,5,epi_overlap,B2B,18.8533,18.8494,2671.814,0.667954,1830,1.647788e-03,1,M_TILE=8;BM=56;WG=1;REG=112;STG=4;TILES=1;SUBS=2;PREPACK=1;PDL=1;EPI=1;SPLITK=0;PR=32;SPW=0;PLA=0;SISM=1
minimax_m3,6144,8192,2,8,5,epi_overlap,ISO,27.8080,27.2320,1811.443,0.452861,1830,1.647788e-03,1,M_TILE=8;BM=56;WG=1;REG=112;STG=4;TILES=1;SUBS=2;PREPACK=1;PDL=1;EPI=1;SPLITK=0;PR=32;SPW=0;PLA=0;SISM=1
minimax_m3,6144,8192,2,8,5,epi_overlap,PDL,15.8599,15.7973,3176.096,0.794024,1830,1.647788e-03,1,M_TILE=8;BM=56;WG=1;REG=112;STG=4;TILES=1;SUBS=2;PREPACK=1;PDL=1;EPI=1;SPLITK=0;PR=32;SPW=0;PLA=0;SISM=1
minimax_m3,6144,8192,4,8,5,epi_overlap,B2B,19.0649,19.0048,2644.315,0.661079,1830,1.653507e-03,1,M_TILE=8;BM=56;WG=1;REG=112;STG=4;TILES=1;SUBS=2;PREPACK=1;PDL=1;EPI=1;SPLITK=0;PR=32;SPW=0;PLA=0;SISM=1
minimax_m3,6144,8192,4,8,5,epi_overlap,ISO,27.9040,27.3920,1806.679,0.451670,1830,1.653507e-03,1,M_TILE=8;BM=56;WG=1;REG=112;STG=4;TILES=1;SUBS=2;PREPACK=1;PDL=1;EPI=1;SPLITK=0;PR=32;SPW=0;PLA=0;SISM=1
minimax_m3,6144,8192,4,8,5,epi_overlap,PDL,16.0132,15.9854,3148.259,0.787065,1830,1.653507e-03,1,M_TILE=8;BM=56;WG=1;REG=112;STG=4;TILES=1;SUBS=2;PREPACK=1;PDL=1;EPI=1;SPLITK=0;PR=32;SPW=0;PLA=0;SISM=1
minimax_m3,6144,8192,8,8,5,epi_overlap,B2B,19.5332,19.4852,2585.117,0.646279,1830,1.652497e-03,1,M_TILE=8;BM=56;WG=1;REG=112;STG=4;TILES=1;SUBS=2;PREPACK=1;PDL=1;EPI=1;SPLITK=0;PR=32;SPW=0;PLA=0;SISM=1
minimax_m3,6144,8192,8,8,5,epi_overlap,ISO,28.5440,28.2880,1769.040,0.442260,1830,1.652497e-03,1,M_TILE=8;BM=56;WG=1;REG=112;STG=4;TILES=1;SUBS=2;PREPACK=1;PDL=1;EPI=1;SPLITK=0;PR=32;SPW=0;PLA=0;SISM=1
minimax_m3,6144,8192,8,8,5,epi_overlap,PDL,15.9865,15.9584,3158.635,0.789659,1830,1.652497e-03,1,M_TILE=8;BM=56;WG=1;REG=112;STG=4;TILES=1;SUBS=2;PREPACK=1;PDL=1;EPI=1;SPLITK=0;PR=32;SPW=0;PLA=0;SISM=1
minimax_m3,6144,8192,16,16,5,epi_overlap,B2B,29.7486,29.7070,1702.913,0.425728,1830,1.653027e-03,1,M_TILE=16;BM=64;WG=1;REG=80;STG=4;TILES=1;SUBS=2;PREPACK=1;PDL=1;EPI=1;SPLITK=0;PR=32;SPW=0;PLA=0;SISM=1
minimax_m3,6144,8192,16,16,5,epi_overlap,ISO,34.3680,33.9840,1474.026,0.368507,1830,1.653027e-03,1,M_TILE=16;BM=64;WG=1;REG=80;STG=4;TILES=1;SUBS=2;PREPACK=1;PDL=1;EPI=1;SPLITK=0;PR=32;SPW=0;PLA=0;SISM=1
minimax_m3,6144,8192,16,16,5,epi_overlap,PDL,24.8345,24.8224,2039.878,0.509969,1830,1.653027e-03,1,M_TILE=16;BM=64;WG=1;REG=80;STG=4;TILES=1;SUBS=2;PREPACK=1;PDL=1;EPI=1;SPLITK=0;PR=32;SPW=0;PLA=0;SISM=1
minimax_m3,6144,8192,32,32,5,epi_overlap,B2B,40.0540,40.0007,1272.955,0.318239,1830,1.657955e-03,1,M_TILE=32;BM=64;WG=1;REG=112;STG=4;TILES=1;SUBS=2;PREPACK=1;PDL=1;EPI=1;SPLITK=0;PR=32;SPW=0;PLA=0;SISM=0
minimax_m3,6144,8192,32,32,5,epi_overlap,ISO,44.6400,44.0960,1142.182,0.285546,1830,1.657955e-03,1,M_TILE=32;BM=64;WG=1;REG=112;STG=4;TILES=1;SUBS=2;PREPACK=1;PDL=1;EPI=1;SPLITK=0;PR=32;SPW=0;PLA=0;SISM=0
minimax_m3,6144,8192,32,32,5,epi_overlap,PDL,33.2174,33.1950,1534.948,0.383737,1830,1.657955e-03,1,M_TILE=32;BM=64;WG=1;REG=112;STG=4;TILES=1;SUBS=2;PREPACK=1;PDL=1;EPI=1;SPLITK=0;PR=32;SPW=0;PLA=0;SISM=0
minimax_m3,6144,8192,64,64,5,epi_overlap,B2B,99.3301,99.1908,519.906,0.129977,1830,1.660140e-03,1,M_TILE=64;BM=64;WG=2;REG=168;STG=3;TILES=2;SUBS=2;PREPACK=1;PDL=1;EPI=1;SPLITK=0;PR=32;SPW=0;PLA=0;SISM=0
minimax_m3,6144,8192,64,64,5,epi_overlap,ISO,108.7680,108.1280,474.794,0.118698,1830,1.660140e-03,1,M_TILE=64;BM=64;WG=2;REG=168;STG=3;TILES=2;SUBS=2;PREPACK=1;PDL=1;EPI=1;SPLITK=0;PR=32;SPW=0;PLA=0;SISM=0
minimax_m3,6144,8192,64,64,5,epi_overlap,PDL,89.5275,89.4763,576.833,0.144208,1830,1.660140e-03,1,M_TILE=64;BM=64;WG=2;REG=168;STG=3;TILES=2;SUBS=2;PREPACK=1;PDL=1;EPI=1;SPLITK=0;PR=32;SPW=0;PLA=0;SISM=0
minimax_m3,6144,8192,128,128,5,epi_overlap,B2B,208.5803,208.5685,253.874,0.063468,1830,1.662079e-03,1,M_TILE=128;BM=64;WG=1;REG=232;STG=2;TILES=1;SUBS=1;PREPACK=1;PDL=1;EPI=1;SPLITK=0;PR=32;SPW=0;PLA=0;SISM=0
minimax_m3,6144,8192,128,128,5,epi_overlap,ISO,222.6880,222.1760,237.790,0.059448,1830,1.662079e-03,1,M_TILE=128;BM=64;WG=1;REG=232;STG=2;TILES=1;SUBS=1;PREPACK=1;PDL=1;EPI=1;SPLITK=0;PR=32;SPW=0;PLA=0;SISM=0
minimax_m3,6144,8192,128,128,5,epi_overlap,PDL,197.5612,197.0844,268.034,0.067008,1830,1.662079e-03,1,M_TILE=128;BM=64;WG=1;REG=232;STG=2;TILES=1;SUBS=1;PREPACK=1;PDL=1;EPI=1;SPLITK=0;PR=32;SPW=0;PLA=0;SISM=0
minimax_m3,6144,8192,1,8,6,splitk,B2B,18.7381,18.6933,2687.147,0.671787,1830,1.658379e-03,1,M_TILE=8;BM=56;WG=1;REG=112;STG=4;TILES=1;SUBS=2;PREPACK=1;PDL=1;EPI=1;SPLITK=0;PR=32;SPW=0;PLA=0;SISM=1
minimax_m3,6144,8192,1,8,6,splitk,ISO,27.5200,27.0400,1829.656,0.457414,1830,1.658379e-03,1,M_TILE=8;BM=56;WG=1;REG=112;STG=4;TILES=1;SUBS=2;PREPACK=1;PDL=1;EPI=1;SPLITK=0;PR=32;SPW=0;PLA=0;SISM=1
minimax_m3,6144,8192,1,8,6,splitk,PDL,15.9552,15.8841,3155.844,0.788961,1830,1.658379e-03,1,M_TILE=8;BM=56;WG=1;REG=112;STG=4;TILES=1;SUBS=2;PREPACK=1;PDL=1;EPI=1;SPLITK=0;PR=32;SPW=0;PLA=0;SISM=1
minimax_m3,6144,8192,2,8,6,splitk,B2B,18.8928,18.8028,2666.233,0.666558,1830,1.647788e-03,1,M_TILE=8;BM=56;WG=1;REG=112;STG=4;TILES=1;SUBS=2;PREPACK=1;PDL=1;EPI=1;SPLITK=0;PR=32;SPW=0;PLA=0;SISM=1
minimax_m3,6144,8192,2,8,6,splitk,ISO,27.9680,27.6800,1801.080,0.450270,1830,1.647788e-03,1,M_TILE=8;BM=56;WG=1;REG=112;STG=4;TILES=1;SUBS=2;PREPACK=1;PDL=1;EPI=1;SPLITK=0;PR=32;SPW=0;PLA=0;SISM=1
minimax_m3,6144,8192,2,8,6,splitk,PDL,15.9008,15.8226,3167.929,0.791982,1830,1.647788e-03,1,M_TILE=8;BM=56;WG=1;REG=112;STG=4;TILES=1;SUBS=2;PREPACK=1;PDL=1;EPI=1;SPLITK=0;PR=32;SPW=0;PLA=0;SISM=1
minimax_m3,6144,8192,4,8,6,splitk,B2B,19.0731,19.0546,2643.181,0.660795,1830,1.653507e-03,1,M_TILE=8;BM=56;WG=1;REG=112;STG=4;TILES=1;SUBS=2;PREPACK=1;PDL=1;EPI=1;SPLITK=0;PR=32;SPW=0;PLA=0;SISM=1
minimax_m3,6144,8192,4,8,6,splitk,ISO,28.0960,27.9040,1794.333,0.448583,1830,1.653507e-03,1,M_TILE=8;BM=56;WG=1;REG=112;STG=4;TILES=1;SUBS=2;PREPACK=1;PDL=1;EPI=1;SPLITK=0;PR=32;SPW=0;PLA=0;SISM=1
minimax_m3,6144,8192,4,8,6,splitk,PDL,16.0964,15.8716,3131.986,0.782997,1830,1.653507e-03,1,M_TILE=8;BM=56;WG=1;REG=112;STG=4;TILES=1;SUBS=2;PREPACK=1;PDL=1;EPI=1;SPLITK=0;PR=32;SPW=0;PLA=0;SISM=1
minimax_m3,6144,8192,8,8,6,splitk,B2B,19.5424,19.5211,2583.894,0.645973,1830,1.652497e-03,1,M_TILE=8;BM=56;WG=1;REG=112;STG=4;TILES=1;SUBS=2;PREPACK=1;PDL=1;EPI=1;SPLITK=0;PR=32;SPW=0;PLA=0;SISM=1
minimax_m3,6144,8192,8,8,6,splitk,ISO,28.3520,28.0640,1781.020,0.445255,1830,1.652497e-03,1,M_TILE=8;BM=56;WG=1;REG=112;STG=4;TILES=1;SUBS=2;PREPACK=1;PDL=1;EPI=1;SPLITK=0;PR=32;SPW=0;PLA=0;SISM=1
minimax_m3,6144,8192,8,8,6,splitk,PDL,15.9772,15.9755,3160.463,0.790116,1830,1.652497e-03,1,M_TILE=8;BM=56;WG=1;REG=112;STG=4;TILES=1;SUBS=2;PREPACK=1;PDL=1;EPI=1;SPLITK=0;PR=32;SPW=0;PLA=0;SISM=1
minimax_m3,6144,8192,16,16,6,splitk,B2B,29.7316,29.7003,1703.891,0.425973,1830,1.653027e-03,1,M_TILE=16;BM=64;WG=1;REG=80;STG=4;TILES=1;SUBS=2;PREPACK=1;PDL=1;EPI=1;SPLITK=0;PR=32;SPW=0;PLA=0;SISM=1
minimax_m3,6144,8192,16,16,6,splitk,ISO,34.0800,33.6320,1486.483,0.371621,1830,1.653027e-03,1,M_TILE=16;BM=64;WG=1;REG=80;STG=4;TILES=1;SUBS=2;PREPACK=1;PDL=1;EPI=1;SPLITK=0;PR=32;SPW=0;PLA=0;SISM=1
minimax_m3,6144,8192,16,16,6,splitk,PDL,24.8256,24.7922,2040.608,0.510152,1830,1.653027e-03,1,M_TILE=16;BM=64;WG=1;REG=80;STG=4;TILES=1;SUBS=2;PREPACK=1;PDL=1;EPI=1;SPLITK=0;PR=32;SPW=0;PLA=0;SISM=1
minimax_m3,6144,8192,32,32,6,splitk,B2B,40.0153,40.0089,1274.188,0.318547,1830,1.657955e-03,1,M_TILE=32;BM=64;WG=1;REG=112;STG=4;TILES=1;SUBS=2;PREPACK=1;PDL=1;EPI=1;SPLITK=0;PR=32;SPW=0;PLA=0;SISM=0
minimax_m3,6144,8192,32,32,6,splitk,ISO,44.6080,44.0960,1143.001,0.285750,1830,1.657955e-03,1,M_TILE=32;BM=64;WG=1;REG=112;STG=4;TILES=1;SUBS=2;PREPACK=1;PDL=1;EPI=1;SPLITK=0;PR=32;SPW=0;PLA=0;SISM=0
minimax_m3,6144,8192,32,32,6,splitk,PDL,33.2078,33.1950,1535.392,0.383848,1830,1.657955e-03,1,M_TILE=32;BM=64;WG=1;REG=112;STG=4;TILES=1;SUBS=2;PREPACK=1;PDL=1;EPI=1;SPLITK=0;PR=32;SPW=0;PLA=0;SISM=0
minimax_m3,6144,8192,64,64,6,splitk,B2B,99.4382,99.4361,519.341,0.129835,1830,1.660140e-03,1,M_TILE=64;BM=64;WG=2;REG=168;STG=3;TILES=2;SUBS=2;PREPACK=1;PDL=1;EPI=1;SPLITK=0;PR=32;SPW=0;PLA=0;SISM=0
minimax_m3,6144,8192,64,64,6,splitk,ISO,108.9920,108.4480,473.818,0.118454,1830,1.660140e-03,1,M_TILE=64;BM=64;WG=2;REG=168;STG=3;TILES=2;SUBS=2;PREPACK=1;PDL=1;EPI=1;SPLITK=0;PR=32;SPW=0;PLA=0;SISM=0
minimax_m3,6144,8192,64,64,6,splitk,PDL,89.7952,89.7042,575.113,0.143778,1830,1.660140e-03,1,M_TILE=64;BM=64;WG=2;REG=168;STG=3;TILES=2;SUBS=2;PREPACK=1;PDL=1;EPI=1;SPLITK=0;PR=32;SPW=0;PLA=0;SISM=0
minimax_m3,6144,8192,128,128,6,splitk,B2B,208.2315,207.9442,254.299,0.063575,1830,1.662079e-03,1,M_TILE=128;BM=64;WG=1;REG=232;STG=2;TILES=1;SUBS=1;PREPACK=1;PDL=1;EPI=1;SPLITK=0;PR=32;SPW=0;PLA=0;SISM=0
minimax_m3,6144,8192,128,128,6,splitk,ISO,223.3600,222.7520,237.075,0.059269,1830,1.662079e-03,1,M_TILE=128;BM=64;WG=1;REG=232;STG=2;TILES=1;SUBS=1;PREPACK=1;PDL=1;EPI=1;SPLITK=0;PR=32;SPW=0;PLA=0;SISM=0
minimax_m3,6144,8192,128,128,6,splitk,PDL,197.5588,197.1303,268.037,0.067009,1830,1.662079e-03,1,M_TILE=128;BM=64;WG=1;REG=232;STG=2;TILES=1;SUBS=1;PREPACK=1;PDL=1;EPI=1;SPLITK=0;PR=32;SPW=0;PLA=0;SISM=0
qwen36,2048,4096,1,8,0,baseline,B2B,8.0597,8.0164,1041.821,0.260455,1830,1.653887e-03,1,M_TILE=8;BM=64;WG=4;REG=112;STG=2;TILES=1;SUBS=1;PREPACK=0;PDL=0;EPI=0;SPLITK=0;PR=32;SPW=0;PLA=0;SISM=1
qwen36,2048,4096,1,8,0,baseline,ISO,13.0240,12.6400,644.717,0.161179,1830,1.653887e-03,1,M_TILE=8;BM=64;WG=4;REG=112;STG=2;TILES=1;SUBS=1;PREPACK=0;PDL=0;EPI=0;SPLITK=0;PR=32;SPW=0;PLA=0;SISM=1
qwen36,2048,4096,1,8,0,baseline,PDL,6.6012,6.5579,1272.003,0.318001,1830,1.653887e-03,1,M_TILE=8;BM=64;WG=4;REG=112;STG=2;TILES=1;SUBS=1;PREPACK=0;PDL=0;EPI=0;SPLITK=0;PR=32;SPW=0;PLA=0;SISM=1
qwen36,2048,4096,2,8,0,baseline,B2B,8.5436,8.5323,983.771,0.245943,1830,1.656351e-03,1,M_TILE=8;BM=64;WG=4;REG=112;STG=2;TILES=1;SUBS=1;PREPACK=0;PDL=0;EPI=0;SPLITK=0;PR=32;SPW=0;PLA=0;SISM=1
qwen36,2048,4096,2,8,0,baseline,ISO,13.6640,13.3120,615.119,0.153780,1830,1.656351e-03,1,M_TILE=8;BM=64;WG=4;REG=112;STG=2;TILES=1;SUBS=1;PREPACK=0;PDL=0;EPI=0;SPLITK=0;PR=32;SPW=0;PLA=0;SISM=1
qwen36,2048,4096,2,8,0,baseline,PDL,7.0990,7.0855,1183.965,0.295991,1830,1.656351e-03,1,M_TILE=8;BM=64;WG=4;REG=112;STG=2;TILES=1;SUBS=1;PREPACK=0;PDL=0;EPI=0;SPLITK=0;PR=32;SPW=0;PLA=0;SISM=1
qwen36,2048,4096,4,8,0,baseline,B2B,8.6425,8.6169,974.416,0.243604,1830,1.666980e-03,1,M_TILE=8;BM=64;WG=4;REG=112;STG=2;TILES=1;SUBS=1;PREPACK=0;PDL=0;EPI=0;SPLITK=0;PR=32;SPW=0;PLA=0;SISM=1
qwen36,2048,4096,4,8,0,baseline,ISO,13.2800,13.1200,634.140,0.158535,1830,1.666980e-03,1,M_TILE=8;BM=64;WG=4;REG=112;STG=2;TILES=1;SUBS=1;PREPACK=0;PDL=0;EPI=0;SPLITK=0;PR=32;SPW=0;PLA=0;SISM=1
qwen36,2048,4096,4,8,0,baseline,PDL,7.1591,7.1396,1176.316,0.294079,1830,1.666980e-03,1,M_TILE=8;BM=64;WG=4;REG=112;STG=2;TILES=1;SUBS=1;PREPACK=0;PDL=0;EPI=0;SPLITK=0;PR=32;SPW=0;PLA=0;SISM=1
qwen36,2048,4096,8,8,0,baseline,B2B,8.6809,8.6773,973.880,0.243470,1830,1.677281e-03,1,M_TILE=8;BM=64;WG=4;REG=112;STG=2;TILES=1;SUBS=1;PREPACK=0;PDL=0;EPI=0;SPLITK=0;PR=32;SPW=0;PLA=0;SISM=1
qwen36,2048,4096,8,8,0,baseline,ISO,13.6000,13.3760,621.628,0.155407,1830,1.677281e-03,1,M_TILE=8;BM=64;WG=4;REG=112;STG=2;TILES=1;SUBS=1;PREPACK=0;PDL=0;EPI=0;SPLITK=0;PR=32;SPW=0;PLA=0;SISM=1
qwen36,2048,4096,8,8,0,baseline,PDL,7.2100,7.2096,1172.565,0.293141,1830,1.677281e-03,1,M_TILE=8;BM=64;WG=4;REG=112;STG=2;TILES=1;SUBS=1;PREPACK=0;PDL=0;EPI=0;SPLITK=0;PR=32;SPW=0;PLA=0;SISM=1
qwen36,2048,4096,16,16,0,baseline,B2B,18.5401,18.5344,459.527,0.114882,1830,1.679316e-03,1,M_TILE=16;BM=32;WG=2;REG=112;STG=2;TILES=2;SUBS=2;PREPACK=0;PDL=0;EPI=0;SPLITK=0;PR=32;SPW=0;PLA=0;SISM=1
qwen36,2048,4096,16,16,0,baseline,ISO,21.9840,21.8560,387.540,0.096885,1830,1.679316e-03,1,M_TILE=16;BM=32;WG=2;REG=112;STG=2;TILES=2;SUBS=2;PREPACK=0;PDL=0;EPI=0;SPLITK=0;PR=32;SPW=0;PLA=0;SISM=1
qwen36,2048,4096,16,16,0,baseline,PDL,17.0226,17.0030,500.493,0.125123,1830,1.679316e-03,1,M_TILE=16;BM=32;WG=2;REG=112;STG=2;TILES=2;SUBS=2;PREPACK=0;PDL=0;EPI=0;SPLITK=0;PR=32;SPW=0;PLA=0;SISM=1
qwen36,2048,4096,32,32,0,baseline,B2B,25.4386,25.3984,340.064,0.085016,1830,1.674518e-03,1,M_TILE=32;BM=32;WG=2;REG=168;STG=2;TILES=2;SUBS=2;PREPACK=0;PDL=0;EPI=0;SPLITK=0;PR=32;SPW=0;PLA=0;SISM=0
qwen36,2048,4096,32,32,0,baseline,ISO,29.0560,28.8960,297.727,0.074432,1830,1.674518e-03,1,M_TILE=32;BM=32;WG=2;REG=168;STG=2;TILES=2;SUBS=2;PREPACK=0;PDL=0;EPI=0;SPLITK=0;PR=32;SPW=0;PLA=0;SISM=0
qwen36,2048,4096,32,32,0,baseline,PDL,24.0793,24.0548,359.261,0.089815,1830,1.674518e-03,1,M_TILE=32;BM=32;WG=2;REG=168;STG=2;TILES=2;SUBS=2;PREPACK=0;PDL=0;EPI=0;SPLITK=0;PR=32;SPW=0;PLA=0;SISM=0
qwen36,2048,4096,64,64,0,baseline,B2B,51.8773,51.8549,171.807,0.042952,1830,1.671829e-03,1,M_TILE=64;BM=32;WG=2;REG=168;STG=2;TILES=2;SUBS=2;PREPACK=0;PDL=0;EPI=0;SPLITK=0;PR=32;SPW=0;PLA=0;SISM=0
qwen36,2048,4096,64,64,0,baseline,ISO,57.8240,57.4720,154.138,0.038535,1830,1.671829e-03,1,M_TILE=64;BM=32;WG=2;REG=168;STG=2;TILES=2;SUBS=2;PREPACK=0;PDL=0;EPI=0;SPLITK=0;PR=32;SPW=0;PLA=0;SISM=0
qwen36,2048,4096,64,64,0,baseline,PDL,50.5067,50.4516,176.470,0.044117,1830,1.671829e-03,1,M_TILE=64;BM=32;WG=2;REG=168;STG=2;TILES=2;SUBS=2;PREPACK=0;PDL=0;EPI=0;SPLITK=0;PR=32;SPW=0;PLA=0;SISM=0
qwen36,2048,4096,128,128,0,baseline,B2B,90.3417,90.2443,104.461,0.026115,1830,1.666996e-03,1,M_TILE=128;BM=32;WG=2;REG=168;STG=2;TILES=2;SUBS=1;PREPACK=0;PDL=0;EPI=0;SPLITK=0;PR=32;SPW=0;PLA=0;SISM=0
qwen36,2048,4096,128,128,0,baseline,ISO,97.9840,97.6640,96.314,0.024078,1830,1.666996e-03,1,M_TILE=128;BM=32;WG=2;REG=168;STG=2;TILES=2;SUBS=1;PREPACK=0;PDL=0;EPI=0;SPLITK=0;PR=32;SPW=0;PLA=0;SISM=0
qwen36,2048,4096,128,128,0,baseline,PDL,88.8626,88.8491,106.200,0.026550,1830,1.666996e-03,1,M_TILE=128;BM=32;WG=2;REG=168;STG=2;TILES=2;SUBS=1;PREPACK=0;PDL=0;EPI=0;SPLITK=0;PR=32;SPW=0;PLA=0;SISM=0
qwen36,2048,4096,1,8,1,pdl,B2B,8.1230,8.0960,1033.704,0.258426,1830,1.653887e-03,1,M_TILE=8;BM=64;WG=4;REG=112;STG=2;TILES=1;SUBS=1;PREPACK=0;PDL=1;EPI=0;SPLITK=0;PR=32;SPW=0;PLA=0;SISM=1
qwen36,2048,4096,1,8,1,pdl,ISO,12.5760,12.4160,667.684,0.166921,1830,1.653887e-03,1,M_TILE=8;BM=64;WG=4;REG=112;STG=2;TILES=1;SUBS=1;PREPACK=0;PDL=1;EPI=0;SPLITK=0;PR=32;SPW=0;PLA=0;SISM=1
qwen36,2048,4096,1,8,1,pdl,PDL,5.6729,5.6427,1480.163,0.370041,1830,1.653887e-03,1,M_TILE=8;BM=64;WG=4;REG=112;STG=2;TILES=1;SUBS=1;PREPACK=0;PDL=1;EPI=0;SPLITK=0;PR=32;SPW=0;PLA=0;SISM=1
qwen36,2048,4096,2,8,1,pdl,B2B,8.6418,8.6233,972.600,0.243150,1830,1.656351e-03,1,M_TILE=8;BM=64;WG=4;REG=112;STG=2;TILES=1;SUBS=1;PREPACK=0;PDL=1;EPI=0;SPLITK=0;PR=32;SPW=0;PLA=0;SISM=1
qwen36,2048,4096,2,8,1,pdl,ISO,13.2160,13.0240,635.971,0.158993,1830,1.656351e-03,1,M_TILE=8;BM=64;WG=4;REG=112;STG=2;TILES=1;SUBS=1;PREPACK=0;PDL=1;EPI=0;SPLITK=0;PR=32;SPW=0;PLA=0;SISM=1
qwen36,2048,4096,2,8,1,pdl,PDL,5.9467,5.9467,1413.396,0.353349,1830,1.656351e-03,1,M_TILE=8;BM=64;WG=4;REG=112;STG=2;TILES=1;SUBS=1;PREPACK=0;PDL=1;EPI=0;SPLITK=0;PR=32;SPW=0;PLA=0;SISM=1
qwen36,2048,4096,4,8,1,pdl,B2B,8.6905,8.6684,969.034,0.242258,1830,1.666980e-03,1,M_TILE=8;BM=64;WG=4;REG=112;STG=2;TILES=1;SUBS=1;PREPACK=0;PDL=1;EPI=0;SPLITK=0;PR=32;SPW=0;PLA=0;SISM=1
qwen36,2048,4096,4,8,1,pdl,ISO,13.3440,13.1200,631.098,0.157775,1830,1.666980e-03,1,M_TILE=8;BM=64;WG=4;REG=112;STG=2;TILES=1;SUBS=1;PREPACK=0;PDL=1;EPI=0;SPLITK=0;PR=32;SPW=0;PLA=0;SISM=1
qwen36,2048,4096,4,8,1,pdl,PDL,5.9755,5.9719,1409.325,0.352331,1830,1.666980e-03,1,M_TILE=8;BM=64;WG=4;REG=112;STG=2;TILES=1;SUBS=1;PREPACK=0;PDL=1;EPI=0;SPLITK=0;PR=32;SPW=0;PLA=0;SISM=1
qwen36,2048,4096,8,8,1,pdl,B2B,8.7641,8.7260,964.635,0.241159,1830,1.677281e-03,1,M_TILE=8;BM=64;WG=4;REG=112;STG=2;TILES=1;SUBS=1;PREPACK=0;PDL=1;EPI=0;SPLITK=0;PR=32;SPW=0;PLA=0;SISM=1
qwen36,2048,4096,8,8,1,pdl,ISO,13.8240,13.5680,611.556,0.152889,1830,1.677281e-03,1,M_TILE=8;BM=64;WG=4;REG=112;STG=2;TILES=1;SUBS=1;PREPACK=0;PDL=1;EPI=0;SPLITK=0;PR=32;SPW=0;PLA=0;SISM=1
qwen36,2048,4096,8,8,1,pdl,PDL,6.0402,6.0366,1399.652,0.349913,1830,1.677281e-03,1,M_TILE=8;BM=64;WG=4;REG=112;STG=2;TILES=1;SUBS=1;PREPACK=0;PDL=1;EPI=0;SPLITK=0;PR=32;SPW=0;PLA=0;SISM=1
qwen36,2048,4096,16,16,1,pdl,B2B,18.4732,18.4622,461.190,0.115298,1830,1.679316e-03,1,M_TILE=16;BM=32;WG=2;REG=112;STG=2;TILES=2;SUBS=2;PREPACK=0;PDL=1;EPI=0;SPLITK=0;PR=32;SPW=0;PLA=0;SISM=1
qwen36,2048,4096,16,16,1,pdl,ISO,21.9840,21.7920,387.540,0.096885,1830,1.679316e-03,1,M_TILE=16;BM=32;WG=2;REG=112;STG=2;TILES=2;SUBS=2;PREPACK=0;PDL=1;EPI=0;SPLITK=0;PR=32;SPW=0;PLA=0;SISM=1
qwen36,2048,4096,16,16,1,pdl,PDL,15.3671,15.3163,554.410,0.138603,1830,1.679316e-03,1,M_TILE=16;BM=32;WG=2;REG=112;STG=2;TILES=2;SUBS=2;PREPACK=0;PDL=1;EPI=0;SPLITK=0;PR=32;SPW=0;PLA=0;SISM=1
qwen36,2048,4096,32,32,1,pdl,B2B,25.3824,25.3788,340.817,0.085204,1830,1.674518e-03,1,M_TILE=32;BM=32;WG=2;REG=168;STG=2;TILES=2;SUBS=2;PREPACK=0;PDL=1;EPI=0;SPLITK=0;PR=32;SPW=0;PLA=0;SISM=0
qwen36,2048,4096,32,32,1,pdl,ISO,29.2160,28.9920,296.096,0.074024,1830,1.674518e-03,1,M_TILE=32;BM=32;WG=2;REG=168;STG=2;TILES=2;SUBS=2;PREPACK=0;PDL=1;EPI=0;SPLITK=0;PR=32;SPW=0;PLA=0;SISM=0
qwen36,2048,4096,32,32,1,pdl,PDL,20.9685,20.9522,412.559,0.103140,1830,1.674518e-03,1,M_TILE=32;BM=32;WG=2;REG=168;STG=2;TILES=2;SUBS=2;PREPACK=0;PDL=1;EPI=0;SPLITK=0;PR=32;SPW=0;PLA=0;SISM=0
qwen36,2048,4096,64,64,1,pdl,B2B,51.8187,51.7941,172.002,0.043000,1830,1.671829e-03,1,M_TILE=64;BM=32;WG=2;REG=168;STG=2;TILES=2;SUBS=2;PREPACK=0;PDL=1;EPI=0;SPLITK=0;PR=32;SPW=0;PLA=0;SISM=0
qwen36,2048,4096,64,64,1,pdl,ISO,58.1120,57.6320,153.374,0.038344,1830,1.671829e-03,1,M_TILE=64;BM=32;WG=2;REG=168;STG=2;TILES=2;SUBS=2;PREPACK=0;PDL=1;EPI=0;SPLITK=0;PR=32;SPW=0;PLA=0;SISM=0
qwen36,2048,4096,64,64,1,pdl,PDL,42.4309,42.4171,210.057,0.052514,1830,1.671829e-03,1,M_TILE=64;BM=32;WG=2;REG=168;STG=2;TILES=2;SUBS=2;PREPACK=0;PDL=1;EPI=0;SPLITK=0;PR=32;SPW=0;PLA=0;SISM=0
qwen36,2048,4096,128,128,1,pdl,B2B,90.8750,90.8743,103.848,0.025962,1830,1.666996e-03,1,M_TILE=128;BM=32;WG=2;REG=168;STG=2;TILES=2;SUBS=1;PREPACK=0;PDL=1;EPI=0;SPLITK=0;PR=32;SPW=0;PLA=0;SISM=0
qwen36,2048,4096,128,128,1,pdl,ISO,97.9840,97.7600,96.314,0.024078,1830,1.666996e-03,1,M_TILE=128;BM=32;WG=2;REG=168;STG=2;TILES=2;SUBS=1;PREPACK=0;PDL=1;EPI=0;SPLITK=0;PR=32;SPW=0;PLA=0;SISM=0
qwen36,2048,4096,128,128,1,pdl,PDL,82.2635,82.1479,114.719,0.028680,1830,1.666996e-03,1,M_TILE=128;BM=32;WG=2;REG=168;STG=2;TILES=2;SUBS=1;PREPACK=0;PDL=1;EPI=0;SPLITK=0;PR=32;SPW=0;PLA=0;SISM=0
qwen36,2048,4096,1,8,2,blockk,B2B,7.3600,7.3237,1140.870,0.285217,1830,1.653887e-03,1,M_TILE=8;BM=64;WG=4;REG=112;STG=2;TILES=1;SUBS=2;PREPACK=0;PDL=1;EPI=0;SPLITK=0;PR=32;SPW=0;PLA=0;SISM=1
qwen36,2048,4096,1,8,2,blockk,ISO,11.9680,11.7760,701.604,0.175401,1830,1.653887e-03,1,M_TILE=8;BM=64;WG=4;REG=112;STG=2;TILES=1;SUBS=2;PREPACK=0;PDL=1;EPI=0;SPLITK=0;PR=32;SPW=0;PLA=0;SISM=1
qwen36,2048,4096,1,8,2,blockk,PDL,4.0263,4.0164,2085.482,0.521371,1830,1.653887e-03,1,M_TILE=8;BM=64;WG=4;REG=112;STG=2;TILES=1;SUBS=2;PREPACK=0;PDL=1;EPI=0;SPLITK=0;PR=32;SPW=0;PLA=0;SISM=1
qwen36,2048,4096,2,8,2,blockk,B2B,7.9136,7.8468,1062.095,0.265524,1830,1.656351e-03,1,M_TILE=8;BM=64;WG=4;REG=112;STG=2;TILES=1;SUBS=2;PREPACK=0;PDL=1;EPI=0;SPLITK=0;PR=32;SPW=0;PLA=0;SISM=1
qwen36,2048,4096,2,8,2,blockk,ISO,12.8000,12.5440,656.640,0.164160,1830,1.656351e-03,1,M_TILE=8;BM=64;WG=4;REG=112;STG=2;TILES=1;SUBS=2;PREPACK=0;PDL=1;EPI=0;SPLITK=0;PR=32;SPW=0;PLA=0;SISM=1
qwen36,2048,4096,2,8,2,blockk,PDL,4.2588,4.2574,1973.538,0.493385,1830,1.656351e-03,1,M_TILE=8;BM=64;WG=4;REG=112;STG=2;TILES=1;SUBS=2;PREPACK=0;PDL=1;EPI=0;SPLITK=0;PR=32;SPW=0;PLA=0;SISM=1
qwen36,2048,4096,4,8,2,blockk,B2B,7.9872,7.9143,1054.359,0.263590,1830,1.666980e-03,1,M_TILE=8;BM=64;WG=4;REG=112;STG=2;TILES=1;SUBS=2;PREPACK=0;PDL=1;EPI=0;SPLITK=0;PR=32;SPW=0;PLA=0;SISM=1
qwen36,2048,4096,4,8,2,blockk,ISO,12.6080,12.3840,667.939,0.166985,1830,1.666980e-03,1,M_TILE=8;BM=64;WG=4;REG=112;STG=2;TILES=1;SUBS=2;PREPACK=0;PDL=1;EPI=0;SPLITK=0;PR=32;SPW=0;PLA=0;SISM=1
qwen36,2048,4096,4,8,2,blockk,PDL,4.3218,4.3214,1948.591,0.487148,1830,1.666980e-03,1,M_TILE=8;BM=64;WG=4;REG=112;STG=2;TILES=1;SUBS=2;PREPACK=0;PDL=1;EPI=0;SPLITK=0;PR=32;SPW=0;PLA=0;SISM=1
qwen36,2048,4096,8,8,2,blockk,B2B,8.0185,7.9929,1054.331,0.263583,1830,1.677281e-03,1,M_TILE=8;BM=64;WG=4;REG=112;STG=2;TILES=1;SUBS=2;PREPACK=0;PDL=1;EPI=0;SPLITK=0;PR=32;SPW=0;PLA=0;SISM=1
qwen36,2048,4096,8,8,2,blockk,ISO,12.8640,12.6080,657.194,0.164299,1830,1.677281e-03,1,M_TILE=8;BM=64;WG=4;REG=112;STG=2;TILES=1;SUBS=2;PREPACK=0;PDL=1;EPI=0;SPLITK=0;PR=32;SPW=0;PLA=0;SISM=1
qwen36,2048,4096,8,8,2,blockk,PDL,4.3787,4.3356,1930.758,0.482689,1830,1.677281e-03,1,M_TILE=8;BM=64;WG=4;REG=112;STG=2;TILES=1;SUBS=2;PREPACK=0;PDL=1;EPI=0;SPLITK=0;PR=32;SPW=0;PLA=0;SISM=1
qwen36,2048,4096,16,16,2,blockk,B2B,18.4832,18.4484,460.942,0.115235,1830,1.679316e-03,1,M_TILE=16;BM=32;WG=2;REG=112;STG=2;TILES=2;SUBS=2;PREPACK=0;PDL=1;EPI=0;SPLITK=0;PR=32;SPW=0;PLA=0;SISM=1
qwen36,2048,4096,16,16,2,blockk,ISO,21.9520,21.7600,388.105,0.097026,1830,1.679316e-03,1,M_TILE=16;BM=32;WG=2;REG=112;STG=2;TILES=2;SUBS=2;PREPACK=0;PDL=1;EPI=0;SPLITK=0;PR=32;SPW=0;PLA=0;SISM=1
qwen36,2048,4096,16,16,2,blockk,PDL,15.3305,15.3035,555.734,0.138934,1830,1.679316e-03,1,M_TILE=16;BM=32;WG=2;REG=112;STG=2;TILES=2;SUBS=2;PREPACK=0;PDL=1;EPI=0;SPLITK=0;PR=32;SPW=0;PLA=0;SISM=1
qwen36,2048,4096,32,32,2,blockk,B2B,25.3099,25.2914,341.794,0.085448,1830,1.674518e-03,1,M_TILE=32;BM=32;WG=2;REG=168;STG=2;TILES=2;SUBS=2;PREPACK=0;PDL=1;EPI=0;SPLITK=0;PR=32;SPW=0;PLA=0;SISM=0
qwen36,2048,4096,32,32,2,blockk,ISO,29.2160,28.9600,296.096,0.074024,1830,1.674518e-03,1,M_TILE=32;BM=32;WG=2;REG=168;STG=2;TILES=2;SUBS=2;PREPACK=0;PDL=1;EPI=0;SPLITK=0;PR=32;SPW=0;PLA=0;SISM=0
qwen36,2048,4096,32,32,2,blockk,PDL,20.9739,20.9625,412.454,0.103113,1830,1.674518e-03,1,M_TILE=32;BM=32;WG=2;REG=168;STG=2;TILES=2;SUBS=2;PREPACK=0;PDL=1;EPI=0;SPLITK=0;PR=32;SPW=0;PLA=0;SISM=0
qwen36,2048,4096,64,64,2,blockk,B2B,51.8169,51.7884,172.008,0.043002,1830,1.671829e-03,1,M_TILE=64;BM=32;WG=2;REG=168;STG=2;TILES=2;SUBS=2;PREPACK=0;PDL=1;EPI=0;SPLITK=0;PR=32;SPW=0;PLA=0;SISM=0
qwen36,2048,4096,64,64,2,blockk,ISO,57.4400,57.0240,155.169,0.038792,1830,1.671829e-03,1,M_TILE=64;BM=32;WG=2;REG=168;STG=2;TILES=2;SUBS=2;PREPACK=0;PDL=1;EPI=0;SPLITK=0;PR=32;SPW=0;PLA=0;SISM=0
qwen36,2048,4096,64,64,2,blockk,PDL,42.5095,42.4939,209.668,0.052417,1830,1.671829e-03,1,M_TILE=64;BM=32;WG=2;REG=168;STG=2;TILES=2;SUBS=2;PREPACK=0;PDL=1;EPI=0;SPLITK=0;PR=32;SPW=0;PLA=0;SISM=0
qwen36,2048,4096,128,128,2,blockk,B2B,90.9276,90.8498,103.788,0.025947,1830,1.666996e-03,1,M_TILE=128;BM=32;WG=2;REG=168;STG=2;TILES=2;SUBS=1;PREPACK=0;PDL=1;EPI=0;SPLITK=0;PR=32;SPW=0;PLA=0;SISM=0
qwen36,2048,4096,128,128,2,blockk,ISO,97.6320,97.3120,96.661,0.024165,1830,1.666996e-03,1,M_TILE=128;BM=32;WG=2;REG=168;STG=2;TILES=2;SUBS=1;PREPACK=0;PDL=1;EPI=0;SPLITK=0;PR=32;SPW=0;PLA=0;SISM=0
qwen36,2048,4096,128,128,2,blockk,PDL,82.2432,82.2087,114.747,0.028687,1830,1.666996e-03,1,M_TILE=128;BM=32;WG=2;REG=168;STG=2;TILES=2;SUBS=1;PREPACK=0;PDL=1;EPI=0;SPLITK=0;PR=32;SPW=0;PLA=0;SISM=0
qwen36,2048,4096,1,8,3,prepack,B2B,7.3721,7.3717,1138.999,0.284750,1830,1.653887e-03,1,M_TILE=8;BM=64;WG=4;REG=112;STG=2;TILES=1;SUBS=2;PREPACK=1;PDL=1;EPI=0;SPLITK=0;PR=32;SPW=0;PLA=0;SISM=1
qwen36,2048,4096,1,8,3,prepack,ISO,11.8720,11.6800,707.278,0.176819,1830,1.653887e-03,1,M_TILE=8;BM=64;WG=4;REG=112;STG=2;TILES=1;SUBS=2;PREPACK=1;PDL=1;EPI=0;SPLITK=0;PR=32;SPW=0;PLA=0;SISM=1
qwen36,2048,4096,1,8,3,prepack,PDL,4.0484,4.0220,2074.126,0.518532,1830,1.653887e-03,1,M_TILE=8;BM=64;WG=4;REG=112;STG=2;TILES=1;SUBS=2;PREPACK=1;PDL=1;EPI=0;SPLITK=0;PR=32;SPW=0;PLA=0;SISM=1
qwen36,2048,4096,2,8,3,prepack,B2B,7.8997,7.8969,1063.959,0.265990,1830,1.656351e-03,1,M_TILE=8;BM=64;WG=4;REG=112;STG=2;TILES=1;SUBS=2;PREPACK=1;PDL=1;EPI=0;SPLITK=0;PR=32;SPW=0;PLA=0;SISM=1
qwen36,2048,4096,2,8,3,prepack,ISO,12.8320,12.5440,655.002,0.163751,1830,1.656351e-03,1,M_TILE=8;BM=64;WG=4;REG=112;STG=2;TILES=1;SUBS=2;PREPACK=1;PDL=1;EPI=0;SPLITK=0;PR=32;SPW=0;PLA=0;SISM=1
qwen36,2048,4096,2,8,3,prepack,PDL,4.2834,4.2478,1962.235,0.490559,1830,1.656351e-03,1,M_TILE=8;BM=64;WG=4;REG=112;STG=2;TILES=1;SUBS=2;PREPACK=1;PDL=1;EPI=0;SPLITK=0;PR=32;SPW=0;PLA=0;SISM=1
qwen36,2048,4096,4,8,3,prepack,B2B,7.9797,7.9705,1055.346,0.263836,1830,1.666980e-03,1,M_TILE=8;BM=64;WG=4;REG=112;STG=2;TILES=1;SUBS=2;PREPACK=1;PDL=1;EPI=0;SPLITK=0;PR=32;SPW=0;PLA=0;SISM=1
qwen36,2048,4096,4,8,3,prepack,ISO,12.5760,12.3200,669.639,0.167410,1830,1.666980e-03,1,M_TILE=8;BM=64;WG=4;REG=112;STG=2;TILES=1;SUBS=2;PREPACK=1;PDL=1;EPI=0;SPLITK=0;PR=32;SPW=0;PLA=0;SISM=1
qwen36,2048,4096,4,8,3,prepack,PDL,4.3353,4.3257,1942.518,0.485629,1830,1.666980e-03,1,M_TILE=8;BM=64;WG=4;REG=112;STG=2;TILES=1;SUBS=2;PREPACK=1;PDL=1;EPI=0;SPLITK=0;PR=32;SPW=0;PLA=0;SISM=1
qwen36,2048,4096,8,8,3,prepack,B2B,8.0249,8.0196,1053.491,0.263373,1830,1.677281e-03,1,M_TILE=8;BM=64;WG=4;REG=112;STG=2;TILES=1;SUBS=2;PREPACK=1;PDL=1;EPI=0;SPLITK=0;PR=32;SPW=0;PLA=0;SISM=1
qwen36,2048,4096,8,8,3,prepack,ISO,12.9920,12.5760,650.719,0.162680,1830,1.677281e-03,1,M_TILE=8;BM=64;WG=4;REG=112;STG=2;TILES=1;SUBS=2;PREPACK=1;PDL=1;EPI=0;SPLITK=0;PR=32;SPW=0;PLA=0;SISM=1
qwen36,2048,4096,8,8,3,prepack,PDL,4.3300,4.3179,1952.478,0.488120,1830,1.677281e-03,1,M_TILE=8;BM=64;WG=4;REG=112;STG=2;TILES=1;SUBS=2;PREPACK=1;PDL=1;EPI=0;SPLITK=0;PR=32;SPW=0;PLA=0;SISM=1
qwen36,2048,4096,16,16,3,prepack,B2B,18.5614,18.5255,458.999,0.114750,1830,1.679316e-03,1,M_TILE=16;BM=32;WG=2;REG=112;STG=2;TILES=2;SUBS=2;PREPACK=1;PDL=1;EPI=0;SPLITK=0;PR=32;SPW=0;PLA=0;SISM=1
qwen36,2048,4096,16,16,3,prepack,ISO,22.3360,22.0800,381.433,0.095358,1830,1.679316e-03,1,M_TILE=16;BM=32;WG=2;REG=112;STG=2;TILES=2;SUBS=2;PREPACK=1;PDL=1;EPI=0;SPLITK=0;PR=32;SPW=0;PLA=0;SISM=1
qwen36,2048,4096,16,16,3,prepack,PDL,15.3952,15.3803,553.398,0.138350,1830,1.679316e-03,1,M_TILE=16;BM=32;WG=2;REG=112;STG=2;TILES=2;SUBS=2;PREPACK=1;PDL=1;EPI=0;SPLITK=0;PR=32;SPW=0;PLA=0;SISM=1
qwen36,2048,4096,32,32,3,prepack,B2B,25.1417,25.1374,344.080,0.086020,1830,1.674518e-03,1,M_TILE=32;BM=32;WG=2;REG=168;STG=2;TILES=2;SUBS=2;PREPACK=1;PDL=1;EPI=0;SPLITK=0;PR=32;SPW=0;PLA=0;SISM=0
qwen36,2048,4096,32,32,3,prepack,ISO,28.9920,28.7040,298.384,0.074596,1830,1.674518e-03,1,M_TILE=32;BM=32;WG=2;REG=168;STG=2;TILES=2;SUBS=2;PREPACK=1;PDL=1;EPI=0;SPLITK=0;PR=32;SPW=0;PLA=0;SISM=0
qwen36,2048,4096,32,32,3,prepack,PDL,20.7644,20.6770,416.614,0.104153,1830,1.674518e-03,1,M_TILE=32;BM=32;WG=2;REG=168;STG=2;TILES=2;SUBS=2;PREPACK=1;PDL=1;EPI=0;SPLITK=0;PR=32;SPW=0;PLA=0;SISM=0
qwen36,2048,4096,64,64,3,prepack,B2B,51.7575,51.7572,172.205,0.043051,1830,1.671829e-03,1,M_TILE=64;BM=32;WG=2;REG=168;STG=2;TILES=2;SUBS=2;PREPACK=1;PDL=1;EPI=0;SPLITK=0;PR=32;SPW=0;PLA=0;SISM=0
qwen36,2048,4096,64,64,3,prepack,ISO,57.3440,57.0560,155.429,0.038857,1830,1.671829e-03,1,M_TILE=64;BM=32;WG=2;REG=168;STG=2;TILES=2;SUBS=2;PREPACK=1;PDL=1;EPI=0;SPLITK=0;PR=32;SPW=0;PLA=0;SISM=0
qwen36,2048,4096,64,64,3,prepack,PDL,42.2987,42.2905,210.713,0.052678,1830,1.671829e-03,1,M_TILE=64;BM=32;WG=2;REG=168;STG=2;TILES=2;SUBS=2;PREPACK=1;PDL=1;EPI=0;SPLITK=0;PR=32;SPW=0;PLA=0;SISM=0
qwen36,2048,4096,128,128,3,prepack,B2B,88.6414,88.5988,106.465,0.026616,1830,1.666996e-03,1,M_TILE=128;BM=32;WG=2;REG=168;STG=2;TILES=2;SUBS=1;PREPACK=1;PDL=1;EPI=0;SPLITK=0;PR=32;SPW=0;PLA=0;SISM=0
qwen36,2048,4096,128,128,3,prepack,ISO,94.8800,94.4000,99.464,0.024866,1830,1.666996e-03,1,M_TILE=128;BM=32;WG=2;REG=168;STG=2;TILES=2;SUBS=1;PREPACK=1;PDL=1;EPI=0;SPLITK=0;PR=32;SPW=0;PLA=0;SISM=0
qwen36,2048,4096,128,128,3,prepack,PDL,79.3973,79.0453,118.860,0.029715,1830,1.666996e-03,1,M_TILE=128;BM=32;WG=2;REG=168;STG=2;TILES=2;SUBS=1;PREPACK=1;PDL=1;EPI=0;SPLITK=0;PR=32;SPW=0;PLA=0;SISM=0
qwen36,2048,4096,1,8,4,tile_stage,B2B,7.2206,7.1794,1162.892,0.290723,1830,1.653887e-03,1,M_TILE=8;BM=56;WG=4;REG=96;STG=3;TILES=1;SUBS=2;PREPACK=1;PDL=1;EPI=0;SPLITK=0;PR=32;SPW=0;PLA=0;SISM=1
qwen36,2048,4096,1,8,4,tile_stage,ISO,11.8400,11.4560,709.189,0.177297,1830,1.653887e-03,1,M_TILE=8;BM=56;WG=4;REG=96;STG=3;TILES=1;SUBS=2;PREPACK=1;PDL=1;EPI=0;SPLITK=0;PR=32;SPW=0;PLA=0;SISM=1
qwen36,2048,4096,1,8,4,tile_stage,PDL,3.6747,3.6622,2285.051,0.571263,1830,1.653887e-03,1,M_TILE=8;BM=56;WG=4;REG=96;STG=3;TILES=1;SUBS=2;PREPACK=1;PDL=1;EPI=0;SPLITK=0;PR=32;SPW=0;PLA=0;SISM=1
qwen36,2048,4096,2,8,4,tile_stage,B2B,7.8560,7.8364,1069.882,0.267470,1830,1.656351e-03,1,M_TILE=8;BM=56;WG=4;REG=96;STG=3;TILES=1;SUBS=2;PREPACK=1;PDL=1;EPI=0;SPLITK=0;PR=32;SPW=0;PLA=0;SISM=1
qwen36,2048,4096,2,8,4,tile_stage,ISO,12.3520,12.0000,680.456,0.170114,1830,1.656351e-03,1,M_TILE=8;BM=56;WG=4;REG=96;STG=3;TILES=1;SUBS=2;PREPACK=1;PDL=1;EPI=0;SPLITK=0;PR=32;SPW=0;PLA=0;SISM=1
qwen36,2048,4096,2,8,4,tile_stage,PDL,3.8212,3.7796,2199.594,0.549899,1830,1.656351e-03,1,M_TILE=8;BM=56;WG=4;REG=96;STG=3;TILES=1;SUBS=2;PREPACK=1;PDL=1;EPI=0;SPLITK=0;PR=32;SPW=0;PLA=0;SISM=1
qwen36,2048,4096,4,8,4,tile_stage,B2B,8.0103,7.9840,1051.317,0.262829,1830,1.666980e-03,1,M_TILE=8;BM=56;WG=4;REG=96;STG=3;TILES=1;SUBS=2;PREPACK=1;PDL=1;EPI=0;SPLITK=0;PR=32;SPW=0;PLA=0;SISM=1
qwen36,2048,4096,4,8,4,tile_stage,ISO,12.2560,12.0000,687.123,0.171781,1830,1.666980e-03,1,M_TILE=8;BM=56;WG=4;REG=96;STG=3;TILES=1;SUBS=2;PREPACK=1;PDL=1;EPI=0;SPLITK=0;PR=32;SPW=0;PLA=0;SISM=1
qwen36,2048,4096,4,8,4,tile_stage,PDL,3.8738,3.8318,2173.944,0.543486,1830,1.666980e-03,1,M_TILE=8;BM=56;WG=4;REG=96;STG=3;TILES=1;SUBS=2;PREPACK=1;PDL=1;EPI=0;SPLITK=0;PR=32;SPW=0;PLA=0;SISM=1
qwen36,2048,4096,8,8,4,tile_stage,B2B,8.0185,8.0075,1054.331,0.263583,1830,1.677281e-03,1,M_TILE=8;BM=56;WG=4;REG=96;STG=3;TILES=1;SUBS=2;PREPACK=1;PDL=1;EPI=0;SPLITK=0;PR=32;SPW=0;PLA=0;SISM=1
qwen36,2048,4096,8,8,4,tile_stage,ISO,12.7040,12.3840,665.471,0.166368,1830,1.677281e-03,1,M_TILE=8;BM=56;WG=4;REG=96;STG=3;TILES=1;SUBS=2;PREPACK=1;PDL=1;EPI=0;SPLITK=0;PR=32;SPW=0;PLA=0;SISM=1
qwen36,2048,4096,8,8,4,tile_stage,PDL,3.8716,3.8492,2183.605,0.545901,1830,1.677281e-03,1,M_TILE=8;BM=56;WG=4;REG=96;STG=3;TILES=1;SUBS=2;PREPACK=1;PDL=1;EPI=0;SPLITK=0;PR=32;SPW=0;PLA=0;SISM=1
qwen36,2048,4096,16,16,4,tile_stage,B2B,11.1598,11.1584,763.424,0.190856,1830,1.679316e-03,1,M_TILE=16;BM=64;WG=1;REG=232;STG=4;TILES=1;SUBS=2;PREPACK=1;PDL=1;EPI=0;SPLITK=0;PR=32;SPW=0;PLA=0;SISM=1
qwen36,2048,4096,16,16,4,tile_stage,ISO,15.2320,14.9760,559.328,0.139832,1830,1.679316e-03,1,M_TILE=16;BM=64;WG=1;REG=232;STG=4;TILES=1;SUBS=2;PREPACK=1;PDL=1;EPI=0;SPLITK=0;PR=32;SPW=0;PLA=0;SISM=1
qwen36,2048,4096,16,16,4,tile_stage,PDL,6.7388,6.7214,1264.264,0.316066,1830,1.679316e-03,1,M_TILE=16;BM=64;WG=1;REG=232;STG=4;TILES=1;SUBS=2;PREPACK=1;PDL=1;EPI=0;SPLITK=0;PR=32;SPW=0;PLA=0;SISM=1
qwen36,2048,4096,32,32,4,tile_stage,B2B,14.9657,14.9337,578.039,0.144510,1830,1.674518e-03,1,M_TILE=32;BM=56;WG=1;REG=80;STG=4;TILES=1;SUBS=2;PREPACK=1;PDL=1;EPI=0;SPLITK=0;PR=32;SPW=0;PLA=0;SISM=0
qwen36,2048,4096,32,32,4,tile_stage,ISO,19.5520,19.2960,442.448,0.110612,1830,1.674518e-03,1,M_TILE=32;BM=56;WG=1;REG=80;STG=4;TILES=1;SUBS=2;PREPACK=1;PDL=1;EPI=0;SPLITK=0;PR=32;SPW=0;PLA=0;SISM=0
qwen36,2048,4096,32,32,4,tile_stage,PDL,8.6766,8.6756,997.018,0.249255,1830,1.674518e-03,1,M_TILE=32;BM=56;WG=1;REG=80;STG=4;TILES=1;SUBS=2;PREPACK=1;PDL=1;EPI=0;SPLITK=0;PR=32;SPW=0;PLA=0;SISM=0
qwen36,2048,4096,64,64,4,tile_stage,B2B,37.3358,37.3273,238.722,0.059681,1830,1.671829e-03,1,M_TILE=64;BM=64;WG=1;REG=232;STG=4;TILES=1;SUBS=2;PREPACK=1;PDL=1;EPI=0;SPLITK=0;PR=32;SPW=0;PLA=0;SISM=0
qwen36,2048,4096,64,64,4,tile_stage,ISO,43.9360,43.6800,202.861,0.050715,1830,1.671829e-03,1,M_TILE=64;BM=64;WG=1;REG=232;STG=4;TILES=1;SUBS=2;PREPACK=1;PDL=1;EPI=0;SPLITK=0;PR=32;SPW=0;PLA=0;SISM=0
qwen36,2048,4096,64,64,4,tile_stage,PDL,22.2322,22.2290,400.901,0.100225,1830,1.671829e-03,1,M_TILE=64;BM=64;WG=1;REG=232;STG=4;TILES=1;SUBS=2;PREPACK=1;PDL=1;EPI=0;SPLITK=0;PR=32;SPW=0;PLA=0;SISM=0
qwen36,2048,4096,128,128,4,tile_stage,B2B,57.8524,57.8514,163.125,0.040781,1830,1.666996e-03,1,M_TILE=128;BM=64;WG=1;REG=232;STG=2;TILES=1;SUBS=1;PREPACK=1;PDL=1;EPI=0;SPLITK=0;PR=32;SPW=0;PLA=0;SISM=0
qwen36,2048,4096,128,128,4,tile_stage,ISO,64.8320,64.6400,145.564,0.036391,1830,1.666996e-03,1,M_TILE=128;BM=64;WG=1;REG=232;STG=2;TILES=1;SUBS=1;PREPACK=1;PDL=1;EPI=0;SPLITK=0;PR=32;SPW=0;PLA=0;SISM=0
qwen36,2048,4096,128,128,4,tile_stage,PDL,50.6318,50.4953,186.388,0.046597,1830,1.666996e-03,1,M_TILE=128;BM=64;WG=1;REG=232;STG=2;TILES=1;SUBS=1;PREPACK=1;PDL=1;EPI=0;SPLITK=0;PR=32;SPW=0;PLA=0;SISM=0
qwen36,2048,4096,1,8,5,epi_overlap,B2B,7.1790,7.1755,1169.630,0.292407,1830,1.653887e-03,1,M_TILE=8;BM=56;WG=4;REG=96;STG=3;TILES=1;SUBS=2;PREPACK=1;PDL=1;EPI=1;SPLITK=0;PR=32;SPW=0;PLA=0;SISM=1
qwen36,2048,4096,1,8,5,epi_overlap,ISO,11.4560,11.2640,732.961,0.183240,1830,1.653887e-03,1,M_TILE=8;BM=56;WG=4;REG=96;STG=3;TILES=1;SUBS=2;PREPACK=1;PDL=1;EPI=1;SPLITK=0;PR=32;SPW=0;PLA=0;SISM=1
qwen36,2048,4096,1,8,5,epi_overlap,PDL,3.6508,3.6462,2299.961,0.574990,1830,1.653887e-03,1,M_TILE=8;BM=56;WG=4;REG=96;STG=3;TILES=1;SUBS=2;PREPACK=1;PDL=1;EPI=1;SPLITK=0;PR=32;SPW=0;PLA=0;SISM=1
qwen36,2048,4096,2,8,5,epi_overlap,B2B,7.8578,7.8400,1069.640,0.267410,1830,1.656351e-03,1,M_TILE=8;BM=56;WG=4;REG=96;STG=3;TILES=1;SUBS=2;PREPACK=1;PDL=1;EPI=1;SPLITK=0;PR=32;SPW=0;PLA=0;SISM=1
qwen36,2048,4096,2,8,5,epi_overlap,ISO,12.5760,12.1920,668.336,0.167084,1830,1.656351e-03,1,M_TILE=8;BM=56;WG=4;REG=96;STG=3;TILES=1;SUBS=2;PREPACK=1;PDL=1;EPI=1;SPLITK=0;PR=32;SPW=0;PLA=0;SISM=1
qwen36,2048,4096,2,8,5,epi_overlap,PDL,3.8116,3.7856,2205.134,0.551284,1830,1.656351e-03,1,M_TILE=8;BM=56;WG=4;REG=96;STG=3;TILES=1;SUBS=2;PREPACK=1;PDL=1;EPI=1;SPLITK=0;PR=32;SPW=0;PLA=0;SISM=1
qwen36,2048,4096,4,8,5,epi_overlap,B2B,7.9876,7.9172,1054.312,0.263578,1830,1.666980e-03,1,M_TILE=8;BM=56;WG=4;REG=96;STG=3;TILES=1;SUBS=2;PREPACK=1;PDL=1;EPI=1;SPLITK=0;PR=32;SPW=0;PLA=0;SISM=1
qwen36,2048,4096,4,8,5,epi_overlap,ISO,12.4480,12.1280,676.524,0.169131,1830,1.666980e-03,1,M_TILE=8;BM=56;WG=4;REG=96;STG=3;TILES=1;SUBS=2;PREPACK=1;PDL=1;EPI=1;SPLITK=0;PR=32;SPW=0;PLA=0;SISM=1
qwen36,2048,4096,4,8,5,epi_overlap,PDL,3.8400,3.8194,2193.067,0.548267,1830,1.666980e-03,1,M_TILE=8;BM=56;WG=4;REG=96;STG=3;TILES=1;SUBS=2;PREPACK=1;PDL=1;EPI=1;SPLITK=0;PR=32;SPW=0;PLA=0;SISM=1
qwen36,2048,4096,8,8,5,epi_overlap,B2B,7.9687,7.9659,1060.917,0.265229,1830,1.677281e-03,1,M_TILE=8;BM=56;WG=4;REG=96;STG=3;TILES=1;SUBS=2;PREPACK=1;PDL=1;EPI=1;SPLITK=0;PR=32;SPW=0;PLA=0;SISM=1
qwen36,2048,4096,8,8,5,epi_overlap,ISO,12.3840,12.1920,682.667,0.170667,1830,1.677281e-03,1,M_TILE=8;BM=56;WG=4;REG=96;STG=3;TILES=1;SUBS=2;PREPACK=1;PDL=1;EPI=1;SPLITK=0;PR=32;SPW=0;PLA=0;SISM=1
qwen36,2048,4096,8,8,5,epi_overlap,PDL,3.8436,3.8240,2199.563,0.549891,1830,1.677281e-03,1,M_TILE=8;BM=56;WG=4;REG=96;STG=3;TILES=1;SUBS=2;PREPACK=1;PDL=1;EPI=1;SPLITK=0;PR=32;SPW=0;PLA=0;SISM=1
qwen36,2048,4096,16,16,5,epi_overlap,B2B,11.1925,11.1858,761.193,0.190298,1830,1.679316e-03,1,M_TILE=16;BM=64;WG=1;REG=232;STG=4;TILES=1;SUBS=2;PREPACK=1;PDL=1;EPI=1;SPLITK=0;PR=32;SPW=0;PLA=0;SISM=1
qwen36,2048,4096,16,16,5,epi_overlap,ISO,15.8080,15.3600,538.947,0.134737,1830,1.679316e-03,1,M_TILE=16;BM=64;WG=1;REG=232;STG=4;TILES=1;SUBS=2;PREPACK=1;PDL=1;EPI=1;SPLITK=0;PR=32;SPW=0;PLA=0;SISM=1
qwen36,2048,4096,16,16,5,epi_overlap,PDL,6.7225,6.7040,1267.340,0.316835,1830,1.679316e-03,1,M_TILE=16;BM=64;WG=1;REG=232;STG=4;TILES=1;SUBS=2;PREPACK=1;PDL=1;EPI=1;SPLITK=0;PR=32;SPW=0;PLA=0;SISM=1
qwen36,2048,4096,32,32,5,epi_overlap,B2B,14.9401,14.8761,579.030,0.144757,1830,1.674518e-03,1,M_TILE=32;BM=56;WG=1;REG=80;STG=4;TILES=1;SUBS=2;PREPACK=1;PDL=1;EPI=1;SPLITK=0;PR=32;SPW=0;PLA=0;SISM=0
qwen36,2048,4096,32,32,5,epi_overlap,ISO,19.5200,19.2640,443.174,0.110793,1830,1.674518e-03,1,M_TILE=32;BM=56;WG=1;REG=80;STG=4;TILES=1;SUBS=2;PREPACK=1;PDL=1;EPI=1;SPLITK=0;PR=32;SPW=0;PLA=0;SISM=0
qwen36,2048,4096,32,32,5,epi_overlap,PDL,8.6681,8.6571,998.000,0.249500,1830,1.674518e-03,1,M_TILE=32;BM=56;WG=1;REG=80;STG=4;TILES=1;SUBS=2;PREPACK=1;PDL=1;EPI=1;SPLITK=0;PR=32;SPW=0;PLA=0;SISM=0
qwen36,2048,4096,64,64,5,epi_overlap,B2B,37.3660,37.3365,238.529,0.059632,1830,1.671829e-03,1,M_TILE=64;BM=64;WG=1;REG=232;STG=4;TILES=1;SUBS=2;PREPACK=1;PDL=1;EPI=1;SPLITK=0;PR=32;SPW=0;PLA=0;SISM=0
qwen36,2048,4096,64,64,5,epi_overlap,ISO,43.8080,43.5520,203.454,0.050863,1830,1.671829e-03,1,M_TILE=64;BM=64;WG=1;REG=232;STG=4;TILES=1;SUBS=2;PREPACK=1;PDL=1;EPI=1;SPLITK=0;PR=32;SPW=0;PLA=0;SISM=0
qwen36,2048,4096,64,64,5,epi_overlap,PDL,22.2596,22.2596,400.408,0.100102,1830,1.671829e-03,1,M_TILE=64;BM=64;WG=1;REG=232;STG=4;TILES=1;SUBS=2;PREPACK=1;PDL=1;EPI=1;SPLITK=0;PR=32;SPW=0;PLA=0;SISM=0
qwen36,2048,4096,128,128,5,epi_overlap,B2B,57.9257,57.7778,162.919,0.040730,1830,1.666996e-03,1,M_TILE=128;BM=64;WG=1;REG=232;STG=2;TILES=1;SUBS=1;PREPACK=1;PDL=1;EPI=1;SPLITK=0;PR=32;SPW=0;PLA=0;SISM=0
qwen36,2048,4096,128,128,5,epi_overlap,ISO,64.9600,64.6400,145.277,0.036319,1830,1.666996e-03,1,M_TILE=128;BM=64;WG=1;REG=232;STG=2;TILES=1;SUBS=1;PREPACK=1;PDL=1;EPI=1;SPLITK=0;PR=32;SPW=0;PLA=0;SISM=0
qwen36,2048,4096,128,128,5,epi_overlap,PDL,50.6347,50.5906,186.378,0.046594,1830,1.666996e-03,1,M_TILE=128;BM=64;WG=1;REG=232;STG=2;TILES=1;SUBS=1;PREPACK=1;PDL=1;EPI=1;SPLITK=0;PR=32;SPW=0;PLA=0;SISM=0
qwen36,2048,4096,1,8,6,splitk,B2B,7.0119,6.9870,1197.505,0.299376,1830,1.653887e-03,1,M_TILE=8;BM=56;WG=4;REG=96;STG=3;TILES=1;SUBS=2;PREPACK=1;PDL=1;EPI=1;SPLITK=0;PR=32;SPW=0;PLA=0;SISM=1
qwen36,2048,4096,1,8,6,splitk,ISO,11.2000,11.0400,749.714,0.187429,1830,1.653887e-03,1,M_TILE=8;BM=56;WG=4;REG=96;STG=3;TILES=1;SUBS=2;PREPACK=1;PDL=1;EPI=1;SPLITK=0;PR=32;SPW=0;PLA=0;SISM=1
qwen36,2048,4096,1,8,6,splitk,PDL,3.6444,3.6430,2304.000,0.576000,1830,1.653887e-03,1,M_TILE=8;BM=56;WG=4;REG=96;STG=3;TILES=1;SUBS=2;PREPACK=1;PDL=1;EPI=1;SPLITK=0;PR=32;SPW=0;PLA=0;SISM=1
qwen36,2048,4096,2,8,6,splitk,B2B,7.7209,7.6885,1088.604,0.272151,1830,1.656351e-03,1,M_TILE=8;BM=56;WG=4;REG=96;STG=3;TILES=1;SUBS=2;PREPACK=1;PDL=1;EPI=1;SPLITK=0;PR=32;SPW=0;PLA=0;SISM=1
qwen36,2048,4096,2,8,6,splitk,ISO,11.7440,11.5840,715.684,0.178921,1830,1.656351e-03,1,M_TILE=8;BM=56;WG=4;REG=96;STG=3;TILES=1;SUBS=2;PREPACK=1;PDL=1;EPI=1;SPLITK=0;PR=32;SPW=0;PLA=0;SISM=1
qwen36,2048,4096,2,8,6,splitk,PDL,3.8023,3.8023,2210.496,0.552624,1830,1.656351e-03,1,M_TILE=8;BM=56;WG=4;REG=96;STG=3;TILES=1;SUBS=2;PREPACK=1;PDL=1;EPI=1;SPLITK=0;PR=32;SPW=0;PLA=0;SISM=1
qwen36,2048,4096,4,8,6,splitk,B2B,7.8226,7.8012,1076.547,0.269137,1830,1.666980e-03,1,M_TILE=8;BM=56;WG=4;REG=96;STG=3;TILES=1;SUBS=2;PREPACK=1;PDL=1;EPI=1;SPLITK=0;PR=32;SPW=0;PLA=0;SISM=1
qwen36,2048,4096,4,8,6,splitk,ISO,11.7120,11.6160,719.038,0.179760,1830,1.666980e-03,1,M_TILE=8;BM=56;WG=4;REG=96;STG=3;TILES=1;SUBS=2;PREPACK=1;PDL=1;EPI=1;SPLITK=0;PR=32;SPW=0;PLA=0;SISM=1
qwen36,2048,4096,4,8,6,splitk,PDL,3.8347,3.8148,2196.117,0.549029,1830,1.666980e-03,1,M_TILE=8;BM=56;WG=4;REG=96;STG=3;TILES=1;SUBS=2;PREPACK=1;PDL=1;EPI=1;SPLITK=0;PR=32;SPW=0;PLA=0;SISM=1
qwen36,2048,4096,8,8,6,splitk,B2B,7.9108,7.9076,1068.690,0.267172,1830,1.677281e-03,1,M_TILE=8;BM=56;WG=4;REG=96;STG=3;TILES=1;SUBS=2;PREPACK=1;PDL=1;EPI=1;SPLITK=0;PR=32;SPW=0;PLA=0;SISM=1
qwen36,2048,4096,8,8,6,splitk,ISO,11.8080,11.7440,715.968,0.178992,1830,1.677281e-03,1,M_TILE=8;BM=56;WG=4;REG=96;STG=3;TILES=1;SUBS=2;PREPACK=1;PDL=1;EPI=1;SPLITK=0;PR=32;SPW=0;PLA=0;SISM=1
qwen36,2048,4096,8,8,6,splitk,PDL,3.8311,3.8133,2206.708,0.551677,1830,1.677281e-03,1,M_TILE=8;BM=56;WG=4;REG=96;STG=3;TILES=1;SUBS=2;PREPACK=1;PDL=1;EPI=1;SPLITK=0;PR=32;SPW=0;PLA=0;SISM=1
qwen36,2048,4096,16,16,6,splitk,B2B,10.9141,10.8804,780.610,0.195152,1830,1.679316e-03,1,M_TILE=16;BM=64;WG=1;REG=232;STG=4;TILES=1;SUBS=2;PREPACK=1;PDL=1;EPI=1;SPLITK=0;PR=32;SPW=0;PLA=0;SISM=1
qwen36,2048,4096,16,16,6,splitk,ISO,14.9120,14.8160,571.330,0.142833,1830,1.679316e-03,1,M_TILE=16;BM=64;WG=1;REG=232;STG=4;TILES=1;SUBS=2;PREPACK=1;PDL=1;EPI=1;SPLITK=0;PR=32;SPW=0;PLA=0;SISM=1
qwen36,2048,4096,16,16,6,splitk,PDL,6.6709,6.6478,1277.135,0.319284,1830,1.679316e-03,1,M_TILE=16;BM=64;WG=1;REG=232;STG=4;TILES=1;SUBS=2;PREPACK=1;PDL=1;EPI=1;SPLITK=0;PR=32;SPW=0;PLA=0;SISM=1
qwen36,2048,4096,32,32,6,splitk,B2B,14.7488,14.7360,586.539,0.146635,1830,1.674518e-03,1,M_TILE=32;BM=56;WG=1;REG=80;STG=4;TILES=1;SUBS=2;PREPACK=1;PDL=1;EPI=1;SPLITK=0;PR=32;SPW=0;PLA=0;SISM=0
qwen36,2048,4096,32,32,6,splitk,ISO,19.2000,19.0080,450.560,0.112640,1830,1.674518e-03,1,M_TILE=32;BM=56;WG=1;REG=80;STG=4;TILES=1;SUBS=2;PREPACK=1;PDL=1;EPI=1;SPLITK=0;PR=32;SPW=0;PLA=0;SISM=0
qwen36,2048,4096,32,32,6,splitk,PDL,8.8452,8.8039,978.021,0.244505,1830,1.674518e-03,1,M_TILE=32;BM=56;WG=1;REG=80;STG=4;TILES=1;SUBS=2;PREPACK=1;PDL=1;EPI=1;SPLITK=0;PR=32;SPW=0;PLA=0;SISM=0
qwen36,2048,4096,64,64,6,splitk,B2B,37.8027,37.8027,235.774,0.058944,1830,1.671829e-03,1,M_TILE=64;BM=64;WG=1;REG=232;STG=4;TILES=1;SUBS=2;PREPACK=1;PDL=1;EPI=1;SPLITK=0;PR=32;SPW=0;PLA=0;SISM=0
qwen36,2048,4096,64,64,6,splitk,ISO,43.9040,43.7440,203.009,0.050752,1830,1.671829e-03,1,M_TILE=64;BM=64;WG=1;REG=232;STG=4;TILES=1;SUBS=2;PREPACK=1;PDL=1;EPI=1;SPLITK=0;PR=32;SPW=0;PLA=0;SISM=0
qwen36,2048,4096,64,64,6,splitk,PDL,22.5472,22.4715,395.299,0.098825,1830,1.671829e-03,1,M_TILE=64;BM=64;WG=1;REG=232;STG=4;TILES=1;SUBS=2;PREPACK=1;PDL=1;EPI=1;SPLITK=0;PR=32;SPW=0;PLA=0;SISM=0
qwen36,2048,4096,128,128,6,splitk,B2B,50.2990,50.2233,187.622,0.046905,1830,1.666999e-03,1,M_TILE=128;BM=64;WG=1;REG=232;STG=2;TILES=1;SUBS=1;PREPACK=1;PDL=1;EPI=1;SPLITK=1;PR=32;SPW=0;PLA=0;SISM=0
qwen36,2048,4096,128,128,6,splitk,ISO,56.5760,56.3840,166.805,0.041701,1830,1.666999e-03,1,M_TILE=128;BM=64;WG=1;REG=232;STG=2;TILES=1;SUBS=1;PREPACK=1;PDL=1;EPI=1;SPLITK=1;PR=32;SPW=0;PLA=0;SISM=0
qwen36,2048,4096,128,128,6,splitk,PDL,39.5602,39.5314,238.553,0.059638,1830,1.666999e-03,1,M_TILE=128;BM=64;WG=1;REG=232;STG=2;TILES=1;SUBS=1;PREPACK=1;PDL=1;EPI=1;SPLITK=1;PR=32;SPW=0;PLA=0;SISM=0
