model,N,K,M,m_tile,step,step_name,protocol,latency_us_p50,latency_us_p30,bandwidth_gbps,pct_of_spec_peak,clocks_sm_mhz,rel_l2,pass,config
deepseek_v4_pro,7168,16384,1,8,0,baseline,B2B,45.2096,45.2006,2598.369,0.649592,1830,1.682975e-03,1,M_TILE=8;BM=64;WG=4;REG=112;STG=2;TILES=1;SUBS=1;PREPACK=0;PDL=0;EPI=0;SPLITK=0;PR=32;SPW=0;PLA=0;SISM=1
deepseek_v4_pro,7168,16384,1,8,0,baseline,ISO,57.2800,56.7680,2050.825,0.512706,1830,1.682975e-03,1,M_TILE=8;BM=64;WG=4;REG=112;STG=2;TILES=1;SUBS=1;PREPACK=0;PDL=0;EPI=0;SPLITK=0;PR=32;SPW=0;PLA=0;SISM=1
deepseek_v4_pro,7168,16384,1,8,0,baseline,PDL,43.6365,43.6013,2692.042,0.673010,1830,1.682975e-03,1,M_TILE=8;BM=64;WG=4;REG=112;STG=2;TILES=1;SUBS=1;PREPACK=0;PDL=0;EPI=0;SPLITK=0;PR=32;SPW=0;PLA=0;SISM=1
deepseek_v4_pro,7168,16384,2,8,0,baseline,B2B,47.1475,47.1238,2492.219,0.623055,1830,1.681628e-03,1,M_TILE=8;BM=64;WG=4;REG=112;STG=2;TILES=1;SUBS=1;PREPACK=0;PDL=0;EPI=0;SPLITK=0;PR=32;SPW=0;PLA=0;SISM=1
deepseek_v4_pro,7168,16384,2,8,0,baseline,ISO,58.9760,58.4960,1992.369,0.498092,1830,1.681628e-03,1,M_TILE=8;BM=64;WG=4;REG=112;STG=2;TILES=1;SUBS=1;PREPACK=0;PDL=0;EPI=0;SPLITK=0;PR=32;SPW=0;PLA=0;SISM=1
deepseek_v4_pro,7168,16384,2,8,0,baseline,PDL,45.5949,45.5520,2577.087,0.644272,1830,1.681628e-03,1,M_TILE=8;BM=64;WG=4;REG=112;STG=2;TILES=1;SUBS=1;PREPACK=0;PDL=0;EPI=0;SPLITK=0;PR=32;SPW=0;PLA=0;SISM=1
deepseek_v4_pro,7168,16384,4,8,0,baseline,B2B,47.5469,47.4854,2472.579,0.618145,1830,1.670621e-03,1,M_TILE=8;BM=64;WG=4;REG=112;STG=2;TILES=1;SUBS=1;PREPACK=0;PDL=0;EPI=0;SPLITK=0;PR=32;SPW=0;PLA=0;SISM=1
deepseek_v4_pro,7168,16384,4,8,0,baseline,ISO,59.1360,58.5600,1988.017,0.497004,1830,1.670621e-03,1,M_TILE=8;BM=64;WG=4;REG=112;STG=2;TILES=1;SUBS=1;PREPACK=0;PDL=0;EPI=0;SPLITK=0;PR=32;SPW=0;PLA=0;SISM=1
deepseek_v4_pro,7168,16384,4,8,0,baseline,PDL,45.9552,45.9258,2558.217,0.639554,1830,1.670621e-03,1,M_TILE=8;BM=64;WG=4;REG=112;STG=2;TILES=1;SUBS=1;PREPACK=0;PDL=0;EPI=0;SPLITK=0;PR=32;SPW=0;PLA=0;SISM=1
deepseek_v4_pro,7168,16384,8,8,0,baseline,B2B,48.0000,47.9910,2451.797,0.612949,1830,1.670905e-03,1,M_TILE=8;BM=64;WG=4;REG=112;STG=2;TILES=1;SUBS=1;PREPACK=0;PDL=0;EPI=0;SPLITK=0;PR=32;SPW=0;PLA=0;SISM=1
deepseek_v4_pro,7168,16384,8,8,0,baseline,ISO,60.0640,59.6480,1959.348,0.489837,1830,1.670905e-03,1,M_TILE=8;BM=64;WG=4;REG=112;STG=2;TILES=1;SUBS=1;PREPACK=0;PDL=0;EPI=0;SPLITK=0;PR=32;SPW=0;PLA=0;SISM=1
deepseek_v4_pro,7168,16384,8,8,0,baseline,PDL,46.3712,46.3187,2537.917,0.634479,1830,1.670905e-03,1,M_TILE=8;BM=64;WG=4;REG=112;STG=2;TILES=1;SUBS=1;PREPACK=0;PDL=0;EPI=0;SPLITK=0;PR=32;SPW=0;PLA=0;SISM=1
deepseek_v4_pro,7168,16384,16,16,0,baseline,B2B,56.4262,56.3168,2090.021,0.522505,1830,1.669845e-03,1,M_TILE=16;BM=56;WG=2;REG=112;STG=2;TILES=2;SUBS=2;PREPACK=0;PDL=0;EPI=0;SPLITK=0;PR=32;SPW=0;PLA=0;SISM=1
deepseek_v4_pro,7168,16384,16,16,0,baseline,ISO,67.7760,67.2960,1740.026,0.435007,1830,1.669845e-03,1,M_TILE=16;BM=56;WG=2;REG=112;STG=2;TILES=2;SUBS=2;PREPACK=0;PDL=0;EPI=0;SPLITK=0;PR=32;SPW=0;PLA=0;SISM=1
deepseek_v4_pro,7168,16384,16,16,0,baseline,PDL,54.7379,54.7341,2154.485,0.538621,1830,1.669845e-03,1,M_TILE=16;BM=56;WG=2;REG=112;STG=2;TILES=2;SUBS=2;PREPACK=0;PDL=0;EPI=0;SPLITK=0;PR=32;SPW=0;PLA=0;SISM=1
deepseek_v4_pro,7168,16384,32,32,0,baseline,B2B,87.9162,87.7696,1347.005,0.336751,1830,1.670198e-03,1,M_TILE=32;BM=56;WG=2;REG=168;STG=2;TILES=2;SUBS=2;PREPACK=0;PDL=0;EPI=0;SPLITK=0;PR=32;SPW=0;PLA=0;SISM=0
deepseek_v4_pro,7168,16384,32,32,0,baseline,ISO,92.3840,91.9360,1281.862,0.320466,1830,1.670198e-03,1,M_TILE=32;BM=56;WG=2;REG=168;STG=2;TILES=2;SUBS=2;PREPACK=0;PDL=0;EPI=0;SPLITK=0;PR=32;SPW=0;PLA=0;SISM=0
deepseek_v4_pro,7168,16384,32,32,0,baseline,PDL,86.3283,86.3213,1371.781,0.342945,1830,1.670198e-03,1,M_TILE=32;BM=56;WG=2;REG=168;STG=2;TILES=2;SUBS=2;PREPACK=0;PDL=0;EPI=0;SPLITK=0;PR=32;SPW=0;PLA=0;SISM=0
deepseek_v4_pro,7168,16384,64,64,0,baseline,B2B,201.5552,201.5277,592.426,0.148107,1830,1.670279e-03,1,M_TILE=64;BM=56;WG=2;REG=168;STG=2;TILES=2;SUBS=2;PREPACK=0;PDL=0;EPI=0;SPLITK=0;PR=32;SPW=0;PLA=0;SISM=0
deepseek_v4_pro,7168,16384,64,64,0,baseline,ISO,207.4560,206.9440,575.576,0.143894,1830,1.670279e-03,1,M_TILE=64;BM=56;WG=2;REG=168;STG=2;TILES=2;SUBS=2;PREPACK=0;PDL=0;EPI=0;SPLITK=0;PR=32;SPW=0;PLA=0;SISM=0
deepseek_v4_pro,7168,16384,64,64,0,baseline,PDL,200.1626,199.8598,596.548,0.149137,1830,1.670279e-03,1,M_TILE=64;BM=56;WG=2;REG=168;STG=2;TILES=2;SUBS=2;PREPACK=0;PDL=0;EPI=0;SPLITK=0;PR=32;SPW=0;PLA=0;SISM=0
deepseek_v4_pro,7168,16384,128,128,0,baseline,B2B,349.9270,349.8150,346.851,0.086713,1830,1.668760e-03,1,M_TILE=128;BM=56;WG=2;REG=168;STG=2;TILES=2;SUBS=1;PREPACK=0;PDL=0;EPI=0;SPLITK=0;PR=32;SPW=0;PLA=0;SISM=0
deepseek_v4_pro,7168,16384,128,128,0,baseline,ISO,355.8080,354.9760,341.118,0.085280,1830,1.668760e-03,1,M_TILE=128;BM=56;WG=2;REG=168;STG=2;TILES=2;SUBS=1;PREPACK=0;PDL=0;EPI=0;SPLITK=0;PR=32;SPW=0;PLA=0;SISM=0
deepseek_v4_pro,7168,16384,128,128,0,baseline,PDL,349.6135,349.1341,347.162,0.086791,1830,1.668760e-03,1,M_TILE=128;BM=56;WG=2;REG=168;STG=2;TILES=2;SUBS=1;PREPACK=0;PDL=0;EPI=0;SPLITK=0;PR=32;SPW=0;PLA=0;SISM=0
deepseek_v4_pro,7168,16384,1,8,1,pdl,B2B,45.2403,45.2070,2596.605,0.649151,1830,1.682975e-03,1,M_TILE=8;BM=64;WG=4;REG=112;STG=2;TILES=1;SUBS=1;PREPACK=0;PDL=1;EPI=0;SPLITK=0;PR=32;SPW=0;PLA=0;SISM=1
deepseek_v4_pro,7168,16384,1,8,1,pdl,ISO,57.1200,56.8000,2056.569,0.514142,1830,1.682975e-03,1,M_TILE=8;BM=64;WG=4;REG=112;STG=2;TILES=1;SUBS=1;PREPACK=0;PDL=1;EPI=0;SPLITK=0;PR=32;SPW=0;PLA=0;SISM=1
deepseek_v4_pro,7168,16384,1,8,1,pdl,PDL,42.5376,42.5318,2761.586,0.690396,1830,1.682975e-03,1,M_TILE=8;BM=64;WG=4;REG=112;STG=2;TILES=1;SUBS=1;PREPACK=0;PDL=1;EPI=0;SPLITK=0;PR=32;SPW=0;PLA=0;SISM=1
deepseek_v4_pro,7168,16384,2,8,1,pdl,B2B,47.5386,47.5360,2471.719,0.617930,1830,1.681628e-03,1,M_TILE=8;BM=64;WG=4;REG=112;STG=2;TILES=1;SUBS=1;PREPACK=0;PDL=1;EPI=0;SPLITK=0;PR=32;SPW=0;PLA=0;SISM=1
deepseek_v4_pro,7168,16384,2,8,1,pdl,ISO,59.2320,58.7200,1983.758,0.495939,1830,1.681628e-03,1,M_TILE=8;BM=64;WG=4;REG=112;STG=2;TILES=1;SUBS=1;PREPACK=0;PDL=1;EPI=0;SPLITK=0;PR=32;SPW=0;PLA=0;SISM=1
deepseek_v4_pro,7168,16384,2,8,1,pdl,PDL,44.0806,44.0627,2665.614,0.666403,1830,1.681628e-03,1,M_TILE=8;BM=64;WG=4;REG=112;STG=2;TILES=1;SUBS=1;PREPACK=0;PDL=1;EPI=0;SPLITK=0;PR=32;SPW=0;PLA=0;SISM=1
deepseek_v4_pro,7168,16384,4,8,1,pdl,B2B,47.8682,47.8573,2455.983,0.613996,1830,1.670621e-03,1,M_TILE=8;BM=64;WG=4;REG=112;STG=2;TILES=1;SUBS=1;PREPACK=0;PDL=1;EPI=0;SPLITK=0;PR=32;SPW=0;PLA=0;SISM=1
deepseek_v4_pro,7168,16384,4,8,1,pdl,ISO,59.4880,59.1360,1976.254,0.494063,1830,1.670621e-03,1,M_TILE=8;BM=64;WG=4;REG=112;STG=2;TILES=1;SUBS=1;PREPACK=0;PDL=1;EPI=0;SPLITK=0;PR=32;SPW=0;PLA=0;SISM=1
deepseek_v4_pro,7168,16384,4,8,1,pdl,PDL,44.3462,44.3155,2651.034,0.662758,1830,1.670621e-03,1,M_TILE=8;BM=64;WG=4;REG=112;STG=2;TILES=1;SUBS=1;PREPACK=0;PDL=1;EPI=0;SPLITK=0;PR=32;SPW=0;PLA=0;SISM=1
deepseek_v4_pro,7168,16384,8,8,1,pdl,B2B,48.2195,48.1286,2440.636,0.610159,1830,1.670905e-03,1,M_TILE=8;BM=64;WG=4;REG=112;STG=2;TILES=1;SUBS=1;PREPACK=0;PDL=1;EPI=0;SPLITK=0;PR=32;SPW=0;PLA=0;SISM=1
deepseek_v4_pro,7168,16384,8,8,1,pdl,ISO,60.2880,59.4560,1952.068,0.488017,1830,1.670905e-03,1,M_TILE=8;BM=64;WG=4;REG=112;STG=2;TILES=1;SUBS=1;PREPACK=0;PDL=1;EPI=0;SPLITK=0;PR=32;SPW=0;PLA=0;SISM=1
deepseek_v4_pro,7168,16384,8,8,1,pdl,PDL,44.7098,44.5997,2632.228,0.658057,1830,1.670905e-03,1,M_TILE=8;BM=64;WG=4;REG=112;STG=2;TILES=1;SUBS=1;PREPACK=0;PDL=1;EPI=0;SPLITK=0;PR=32;SPW=0;PLA=0;SISM=1
deepseek_v4_pro,7168,16384,16,16,1,pdl,B2B,56.1261,56.1011,2101.198,0.525300,1830,1.669845e-03,1,M_TILE=16;BM=56;WG=2;REG=112;STG=2;TILES=2;SUBS=2;PREPACK=0;PDL=1;EPI=0;SPLITK=0;PR=32;SPW=0;PLA=0;SISM=1
deepseek_v4_pro,7168,16384,16,16,1,pdl,ISO,67.8080,67.4880,1739.205,0.434801,1830,1.669845e-03,1,M_TILE=16;BM=56;WG=2;REG=112;STG=2;TILES=2;SUBS=2;PREPACK=0;PDL=1;EPI=0;SPLITK=0;PR=32;SPW=0;PLA=0;SISM=1
deepseek_v4_pro,7168,16384,16,16,1,pdl,PDL,54.0928,54.0915,2180.180,0.545045,1830,1.669845e-03,1,M_TILE=16;BM=56;WG=2;REG=112;STG=2;TILES=2;SUBS=2;PREPACK=0;PDL=1;EPI=0;SPLITK=0;PR=32;SPW=0;PLA=0;SISM=1
deepseek_v4_pro,7168,16384,32,32,1,pdl,B2B,88.0218,87.9366,1345.389,0.336347,1830,1.670198e-03,1,M_TILE=32;BM=56;WG=2;REG=168;STG=2;TILES=2;SUBS=2;PREPACK=0;PDL=1;EPI=0;SPLITK=0;PR=32;SPW=0;PLA=0;SISM=0
deepseek_v4_pro,7168,16384,32,32,1,pdl,ISO,92.7680,92.4480,1276.556,0.319139,1830,1.670198e-03,1,M_TILE=32;BM=56;WG=2;REG=168;STG=2;TILES=2;SUBS=2;PREPACK=0;PDL=1;EPI=0;SPLITK=0;PR=32;SPW=0;PLA=0;SISM=0
deepseek_v4_pro,7168,16384,32,32,1,pdl,PDL,85.4739,85.4618,1385.493,0.346373,1830,1.670198e-03,1,M_TILE=32;BM=56;WG=2;REG=168;STG=2;TILES=2;SUBS=2;PREPACK=0;PDL=1;EPI=0;SPLITK=0;PR=32;SPW=0;PLA=0;SISM=0
deepseek_v4_pro,7168,16384,64,64,1,pdl,B2B,200.6566,200.3258,595.079,0.148770,1830,1.670279e-03,1,M_TILE=64;BM=56;WG=2;REG=168;STG=2;TILES=2;SUBS=2;PREPACK=0;PDL=1;EPI=0;SPLITK=0;PR=32;SPW=0;PLA=0;SISM=0
deepseek_v4_pro,7168,16384,64,64,1,pdl,ISO,206.1760,205.2480,579.149,0.144787,1830,1.670279e-03,1,M_TILE=64;BM=56;WG=2;REG=168;STG=2;TILES=2;SUBS=2;PREPACK=0;PDL=1;EPI=0;SPLITK=0;PR=32;SPW=0;PLA=0;SISM=0
deepseek_v4_pro,7168,16384,64,64,1,pdl,PDL,189.2589,189.0304,630.917,0.157729,1830,1.670279e-03,1,M_TILE=64;BM=56;WG=2;REG=168;STG=2;TILES=2;SUBS=2;PREPACK=0;PDL=1;EPI=0;SPLITK=0;PR=32;SPW=0;PLA=0;SISM=0
deepseek_v4_pro,7168,16384,128,128,1,pdl,B2B,349.0150,348.5254,347.758,0.086939,1830,1.668760e-03,1,M_TILE=128;BM=56;WG=2;REG=168;STG=2;TILES=2;SUBS=1;PREPACK=0;PDL=1;EPI=0;SPLITK=0;PR=32;SPW=0;PLA=0;SISM=0
deepseek_v4_pro,7168,16384,128,128,1,pdl,ISO,355.0400,352.9920,341.856,0.085464,1830,1.668760e-03,1,M_TILE=128;BM=56;WG=2;REG=168;STG=2;TILES=2;SUBS=1;PREPACK=0;PDL=1;EPI=0;SPLITK=0;PR=32;SPW=0;PLA=0;SISM=0
deepseek_v4_pro,7168,16384,128,128,1,pdl,PDL,341.5520,341.5008,355.356,0.088839,1830,1.668760e-03,1,M_TILE=128;BM=56;WG=2;REG=168;STG=2;TILES=2;SUBS=1;PREPACK=0;PDL=1;EPI=0;SPLITK=0;PR=32;SPW=0;PLA=0;SISM=0
deepseek_v4_pro,7168,16384,1,8,2,blockk,B2B,40.3578,40.3098,2910.747,0.727687,1830,1.682975e-03,1,M_TILE=8;BM=64;WG=4;REG=112;STG=2;TILES=1;SUBS=2;PREPACK=0;PDL=1;EPI=0;SPLITK=0;PR=32;SPW=0;PLA=0;SISM=1
deepseek_v4_pro,7168,16384,1,8,2,blockk,ISO,50.8160,50.3680,2311.698,0.577924,1830,1.682975e-03,1,M_TILE=8;BM=64;WG=4;REG=112;STG=2;TILES=1;SUBS=2;PREPACK=0;PDL=1;EPI=0;SPLITK=0;PR=32;SPW=0;PLA=0;SISM=1
deepseek_v4_pro,7168,16384,1,8,2,blockk,PDL,36.6835,36.6643,3202.289,0.800572,1830,1.682975e-03,1,M_TILE=8;BM=64;WG=4;REG=112;STG=2;TILES=1;SUBS=2;PREPACK=0;PDL=1;EPI=0;SPLITK=0;PR=32;SPW=0;PLA=0;SISM=1
deepseek_v4_pro,7168,16384,2,8,2,blockk,B2B,41.9718,41.8765,2799.542,0.699886,1830,1.681628e-03,1,M_TILE=8;BM=64;WG=4;REG=112;STG=2;TILES=1;SUBS=2;PREPACK=0;PDL=1;EPI=0;SPLITK=0;PR=32;SPW=0;PLA=0;SISM=1
deepseek_v4_pro,7168,16384,2,8,2,blockk,ISO,52.7360,51.9680,2228.117,0.557029,1830,1.681628e-03,1,M_TILE=8;BM=64;WG=4;REG=112;STG=2;TILES=1;SUBS=2;PREPACK=0;PDL=1;EPI=0;SPLITK=0;PR=32;SPW=0;PLA=0;SISM=1
deepseek_v4_pro,7168,16384,2,8,2,blockk,PDL,37.4208,37.4093,3140.017,0.785004,1830,1.681628e-03,1,M_TILE=8;BM=64;WG=4;REG=112;STG=2;TILES=1;SUBS=2;PREPACK=0;PDL=1;EPI=0;SPLITK=0;PR=32;SPW=0;PLA=0;SISM=1
deepseek_v4_pro,7168,16384,4,8,2,blockk,B2B,42.3392,42.3078,2776.703,0.694176,1830,1.670615e-03,1,M_TILE=8;BM=64;WG=4;REG=112;STG=2;TILES=1;SUBS=2;PREPACK=0;PDL=1;EPI=0;SPLITK=0;PR=32;SPW=0;PLA=0;SISM=1
deepseek_v4_pro,7168,16384,4,8,2,blockk,ISO,52.7680,52.5120,2227.930,0.556982,1830,1.670615e-03,1,M_TILE=8;BM=64;WG=4;REG=112;STG=2;TILES=1;SUBS=2;PREPACK=0;PDL=1;EPI=0;SPLITK=0;PR=32;SPW=0;PLA=0;SISM=1
deepseek_v4_pro,7168,16384,4,8,2,blockk,PDL,37.5859,37.5578,3127.857,0.781964,1830,1.670615e-03,1,M_TILE=8;BM=64;WG=4;REG=112;STG=2;TILES=1;SUBS=2;PREPACK=0;PDL=1;EPI=0;SPLITK=0;PR=32;SPW=0;PLA=0;SISM=1
deepseek_v4_pro,7168,16384,8,8,2,blockk,B2B,42.6541,42.6182,2759.086,0.689771,1830,1.670902e-03,1,M_TILE=8;BM=64;WG=4;REG=112;STG=2;TILES=1;SUBS=2;PREPACK=0;PDL=1;EPI=0;SPLITK=0;PR=32;SPW=0;PLA=0;SISM=1
deepseek_v4_pro,7168,16384,8,8,2,blockk,ISO,53.1200,52.9920,2215.480,0.553870,1830,1.670902e-03,1,M_TILE=8;BM=64;WG=4;REG=112;STG=2;TILES=1;SUBS=2;PREPACK=0;PDL=1;EPI=0;SPLITK=0;PR=32;SPW=0;PLA=0;SISM=1
deepseek_v4_pro,7168,16384,8,8,2,blockk,PDL,38.2054,38.1754,3080.354,0.770088,1830,1.670902e-03,1,M_TILE=8;BM=64;WG=4;REG=112;STG=2;TILES=1;SUBS=2;PREPACK=0;PDL=1;EPI=0;SPLITK=0;PR=32;SPW=0;PLA=0;SISM=1
deepseek_v4_pro,7168,16384,16,16,2,blockk,B2B,56.1050,56.0806,2101.989,0.525497,1830,1.669845e-03,1,M_TILE=16;BM=56;WG=2;REG=112;STG=2;TILES=2;SUBS=2;PREPACK=0;PDL=1;EPI=0;SPLITK=0;PR=32;SPW=0;PLA=0;SISM=1
deepseek_v4_pro,7168,16384,16,16,2,blockk,ISO,67.7760,67.5520,1740.026,0.435007,1830,1.669845e-03,1,M_TILE=16;BM=56;WG=2;REG=112;STG=2;TILES=2;SUBS=2;PREPACK=0;PDL=1;EPI=0;SPLITK=0;PR=32;SPW=0;PLA=0;SISM=1
deepseek_v4_pro,7168,16384,16,16,2,blockk,PDL,54.0941,54.0710,2180.128,0.545032,1830,1.669845e-03,1,M_TILE=16;BM=56;WG=2;REG=112;STG=2;TILES=2;SUBS=2;PREPACK=0;PDL=1;EPI=0;SPLITK=0;PR=32;SPW=0;PLA=0;SISM=1
deepseek_v4_pro,7168,16384,32,32,2,blockk,B2B,87.9309,87.9264,1346.780,0.336695,1830,1.670198e-03,1,M_TILE=32;BM=56;WG=2;REG=168;STG=2;TILES=2;SUBS=2;PREPACK=0;PDL=1;EPI=0;SPLITK=0;PR=32;SPW=0;PLA=0;SISM=0
deepseek_v4_pro,7168,16384,32,32,2,blockk,ISO,92.8640,92.3520,1275.236,0.318809,1830,1.670198e-03,1,M_TILE=32;BM=56;WG=2;REG=168;STG=2;TILES=2;SUBS=2;PREPACK=0;PDL=1;EPI=0;SPLITK=0;PR=32;SPW=0;PLA=0;SISM=0
deepseek_v4_pro,7168,16384,32,32,2,blockk,PDL,85.4362,85.4067,1386.106,0.346526,1830,1.670198e-03,1,M_TILE=32;BM=56;WG=2;REG=168;STG=2;TILES=2;SUBS=2;PREPACK=0;PDL=1;EPI=0;SPLITK=0;PR=32;SPW=0;PLA=0;SISM=0
deepseek_v4_pro,7168,16384,64,64,2,blockk,B2B,199.9686,199.9565,597.127,0.149282,1830,1.670279e-03,1,M_TILE=64;BM=56;WG=2;REG=168;STG=2;TILES=2;SUBS=2;PREPACK=0;PDL=1;EPI=0;SPLITK=0;PR=32;SPW=0;PLA=0;SISM=0
deepseek_v4_pro,7168,16384,64,64,2,blockk,ISO,205.8560,204.8960,580.049,0.145012,1830,1.670279e-03,1,M_TILE=64;BM=56;WG=2;REG=168;STG=2;TILES=2;SUBS=2;PREPACK=0;PDL=1;EPI=0;SPLITK=0;PR=32;SPW=0;PLA=0;SISM=0
deepseek_v4_pro,7168,16384,64,64,2,blockk,PDL,188.2694,187.9936,634.232,0.158558,1830,1.670279e-03,1,M_TILE=64;BM=56;WG=2;REG=168;STG=2;TILES=2;SUBS=2;PREPACK=0;PDL=1;EPI=0;SPLITK=0;PR=32;SPW=0;PLA=0;SISM=0
deepseek_v4_pro,7168,16384,128,128,2,blockk,B2B,348.6599,348.6394,348.112,0.087028,1830,1.668760e-03,1,M_TILE=128;BM=56;WG=2;REG=168;STG=2;TILES=2;SUBS=1;PREPACK=0;PDL=1;EPI=0;SPLITK=0;PR=32;SPW=0;PLA=0;SISM=0
deepseek_v4_pro,7168,16384,128,128,2,blockk,ISO,354.8800,352.8960,342.010,0.085503,1830,1.668760e-03,1,M_TILE=128;BM=56;WG=2;REG=168;STG=2;TILES=2;SUBS=1;PREPACK=0;PDL=1;EPI=0;SPLITK=0;PR=32;SPW=0;PLA=0;SISM=0
deepseek_v4_pro,7168,16384,128,128,2,blockk,PDL,341.7735,341.2333,355.126,0.088782,1830,1.668760e-03,1,M_TILE=128;BM=56;WG=2;REG=168;STG=2;TILES=2;SUBS=1;PREPACK=0;PDL=1;EPI=0;SPLITK=0;PR=32;SPW=0;PLA=0;SISM=0
deepseek_v4_pro,7168,16384,1,8,3,prepack,B2B,40.3763,40.3181,2909.409,0.727352,1830,1.682975e-03,1,M_TILE=8;BM=64;WG=4;REG=112;STG=2;TILES=1;SUBS=2;PREPACK=1;PDL=1;EPI=0;SPLITK=0;PR=32;SPW=0;PLA=0;SISM=1
deepseek_v4_pro,7168,16384,1,8,3,prepack,ISO,51.1360,50.5280,2297.232,0.574308,1830,1.682975e-03,1,M_TILE=8;BM=64;WG=4;REG=112;STG=2;TILES=1;SUBS=2;PREPACK=1;PDL=1;EPI=0;SPLITK=0;PR=32;SPW=0;PLA=0;SISM=1
deepseek_v4_pro,7168,16384,1,8,3,prepack,PDL,36.8614,36.7450,3186.832,0.796708,1830,1.682975e-03,1,M_TILE=8;BM=64;WG=4;REG=112;STG=2;TILES=1;SUBS=2;PREPACK=1;PDL=1;EPI=0;SPLITK=0;PR=32;SPW=0;PLA=0;SISM=1
deepseek_v4_pro,7168,16384,2,8,3,prepack,B2B,41.5814,41.5315,2825.827,0.706457,1830,1.681628e-03,1,M_TILE=8;BM=64;WG=4;REG=112;STG=2;TILES=1;SUBS=2;PREPACK=1;PDL=1;EPI=0;SPLITK=0;PR=32;SPW=0;PLA=0;SISM=1
deepseek_v4_pro,7168,16384,2,8,3,prepack,ISO,52.1600,51.7440,2252.722,0.563180,1830,1.681628e-03,1,M_TILE=8;BM=64;WG=4;REG=112;STG=2;TILES=1;SUBS=2;PREPACK=1;PDL=1;EPI=0;SPLITK=0;PR=32;SPW=0;PLA=0;SISM=1
deepseek_v4_pro,7168,16384,2,8,3,prepack,PDL,37.2173,37.1334,3157.188,0.789297,1830,1.681628e-03,1,M_TILE=8;BM=64;WG=4;REG=112;STG=2;TILES=1;SUBS=2;PREPACK=1;PDL=1;EPI=0;SPLITK=0;PR=32;SPW=0;PLA=0;SISM=1
deepseek_v4_pro,7168,16384,4,8,3,prepack,B2B,42.0870,42.0467,2793.340,0.698335,1830,1.670615e-03,1,M_TILE=8;BM=64;WG=4;REG=112;STG=2;TILES=1;SUBS=2;PREPACK=1;PDL=1;EPI=0;SPLITK=0;PR=32;SPW=0;PLA=0;SISM=1
deepseek_v4_pro,7168,16384,4,8,3,prepack,ISO,52.7040,52.4480,2230.635,0.557659,1830,1.670615e-03,1,M_TILE=8;BM=64;WG=4;REG=112;STG=2;TILES=1;SUBS=2;PREPACK=1;PDL=1;EPI=0;SPLITK=0;PR=32;SPW=0;PLA=0;SISM=1
deepseek_v4_pro,7168,16384,4,8,3,prepack,PDL,37.2493,37.1814,3156.125,0.789031,1830,1.670615e-03,1,M_TILE=8;BM=64;WG=4;REG=112;STG=2;TILES=1;SUBS=2;PREPACK=1;PDL=1;EPI=0;SPLITK=0;PR=32;SPW=0;PLA=0;SISM=1
deepseek_v4_pro,7168,16384,8,8,3,prepack,B2B,42.9331,42.9222,2741.153,0.685288,1830,1.670902e-03,1,M_TILE=8;BM=64;WG=4;REG=112;STG=2;TILES=1;SUBS=2;PREPACK=1;PDL=1;EPI=0;SPLITK=0;PR=32;SPW=0;PLA=0;SISM=1
deepseek_v4_pro,7168,16384,8,8,3,prepack,ISO,53.0880,52.7040,2216.815,0.554204,1830,1.670902e-03,1,M_TILE=8;BM=64;WG=4;REG=112;STG=2;TILES=1;SUBS=2;PREPACK=1;PDL=1;EPI=0;SPLITK=0;PR=32;SPW=0;PLA=0;SISM=1
deepseek_v4_pro,7168,16384,8,8,3,prepack,PDL,38.1651,38.1363,3083.608,0.770902,1830,1.670902e-03,1,M_TILE=8;BM=64;WG=4;REG=112;STG=2;TILES=1;SUBS=2;PREPACK=1;PDL=1;EPI=0;SPLITK=0;PR=32;SPW=0;PLA=0;SISM=1
deepseek_v4_pro,7168,16384,16,16,3,prepack,B2B,56.3968,56.3322,2091.112,0.522778,1830,1.669845e-03,1,M_TILE=16;BM=56;WG=2;REG=112;STG=2;TILES=2;SUBS=2;PREPACK=1;PDL=1;EPI=0;SPLITK=0;PR=32;SPW=0;PLA=0;SISM=1
deepseek_v4_pro,7168,16384,16,16,3,prepack,ISO,67.2960,66.8800,1752.438,0.438109,1830,1.669845e-03,1,M_TILE=16;BM=56;WG=2;REG=112;STG=2;TILES=2;SUBS=2;PREPACK=1;PDL=1;EPI=0;SPLITK=0;PR=32;SPW=0;PLA=0;SISM=1
deepseek_v4_pro,7168,16384,16,16,3,prepack,PDL,54.3302,54.3136,2170.652,0.542663,1830,1.669845e-03,1,M_TILE=16;BM=56;WG=2;REG=112;STG=2;TILES=2;SUBS=2;PREPACK=1;PDL=1;EPI=0;SPLITK=0;PR=32;SPW=0;PLA=0;SISM=1
deepseek_v4_pro,7168,16384,32,32,3,prepack,B2B,87.8477,87.7722,1348.056,0.337014,1830,1.670198e-03,1,M_TILE=32;BM=56;WG=2;REG=168;STG=2;TILES=2;SUBS=2;PREPACK=1;PDL=1;EPI=0;SPLITK=0;PR=32;SPW=0;PLA=0;SISM=0
deepseek_v4_pro,7168,16384,32,32,3,prepack,ISO,92.5120,92.1600,1280.089,0.320022,1830,1.670198e-03,1,M_TILE=32;BM=56;WG=2;REG=168;STG=2;TILES=2;SUBS=2;PREPACK=1;PDL=1;EPI=0;SPLITK=0;PR=32;SPW=0;PLA=0;SISM=0
deepseek_v4_pro,7168,16384,32,32,3,prepack,PDL,85.3357,85.3331,1387.738,0.346934,1830,1.670198e-03,1,M_TILE=32;BM=56;WG=2;REG=168;STG=2;TILES=2;SUBS=2;PREPACK=1;PDL=1;EPI=0;SPLITK=0;PR=32;SPW=0;PLA=0;SISM=0
deepseek_v4_pro,7168,16384,64,64,3,prepack,B2B,200.8614,200.5658,594.472,0.148618,1830,1.670279e-03,1,M_TILE=64;BM=56;WG=2;REG=168;STG=2;TILES=2;SUBS=2;PREPACK=1;PDL=1;EPI=0;SPLITK=0;PR=32;SPW=0;PLA=0;SISM=0
deepseek_v4_pro,7168,16384,64,64,3,prepack,ISO,206.4960,205.8240,578.251,0.144563,1830,1.670279e-03,1,M_TILE=64;BM=56;WG=2;REG=168;STG=2;TILES=2;SUBS=2;PREPACK=1;PDL=1;EPI=0;SPLITK=0;PR=32;SPW=0;PLA=0;SISM=0
deepseek_v4_pro,7168,16384,64,64,3,prepack,PDL,188.7603,188.2829,632.583,0.158146,1830,1.670279e-03,1,M_TILE=64;BM=56;WG=2;REG=168;STG=2;TILES=2;SUBS=2;PREPACK=1;PDL=1;EPI=0;SPLITK=0;PR=32;SPW=0;PLA=0;SISM=0
deepseek_v4_pro,7168,16384,128,128,3,prepack,B2B,334.5498,334.5069,362.794,0.090699,1830,1.668760e-03,1,M_TILE=128;BM=56;WG=2;REG=168;STG=2;TILES=2;SUBS=1;PREPACK=1;PDL=1;EPI=0;SPLITK=0;PR=32;SPW=0;PLA=0;SISM=0
deepseek_v4_pro,7168,16384,128,128,3,prepack,ISO,339.7120,338.9440,357.281,0.089320,1830,1.668760e-03,1,M_TILE=128;BM=56;WG=2;REG=168;STG=2;TILES=2;SUBS=1;PREPACK=1;PDL=1;EPI=0;SPLITK=0;PR=32;SPW=0;PLA=0;SISM=0
deepseek_v4_pro,7168,16384,128,128,3,prepack,PDL,329.5763,329.1539,368.269,0.092067,1830,1.668760e-03,1,M_TILE=128;BM=56;WG=2;REG=168;STG=2;TILES=2;SUBS=1;PREPACK=1;PDL=1;EPI=0;SPLITK=0;PR=32;SPW=0;PLA=0;SISM=0
deepseek_v4_pro,7168,16384,1,8,4,tile_stage,B2B,37.4534,37.3894,3136.460,0.784115,1830,1.682975e-03,1,M_TILE=8;BM=56;WG=4;REG=96;STG=3;TILES=1;SUBS=2;PREPACK=1;PDL=1;EPI=0;SPLITK=0;PR=32;SPW=0;PLA=0;SISM=1
deepseek_v4_pro,7168,16384,1,8,4,tile_stage,ISO,49.4720,49.1520,2374.499,0.593625,1830,1.682975e-03,1,M_TILE=8;BM=56;WG=4;REG=96;STG=3;TILES=1;SUBS=2;PREPACK=1;PDL=1;EPI=0;SPLITK=0;PR=32;SPW=0;PLA=0;SISM=1
deepseek_v4_pro,7168,16384,1,8,4,tile_stage,PDL,33.9334,33.8758,3461.813,0.865453,1830,1.682975e-03,1,M_TILE=8;BM=56;WG=4;REG=96;STG=3;TILES=1;SUBS=2;PREPACK=1;PDL=1;EPI=0;SPLITK=0;PR=32;SPW=0;PLA=0;SISM=1
deepseek_v4_pro,7168,16384,2,8,4,tile_stage,B2B,38.4000,38.3418,3059.947,0.764987,1830,1.681628e-03,1,M_TILE=8;BM=56;WG=4;REG=96;STG=3;TILES=1;SUBS=2;PREPACK=1;PDL=1;EPI=0;SPLITK=0;PR=32;SPW=0;PLA=0;SISM=1
deepseek_v4_pro,7168,16384,2,8,4,tile_stage,ISO,50.3040,49.8240,2335.837,0.583959,1830,1.681628e-03,1,M_TILE=8;BM=56;WG=4;REG=96;STG=3;TILES=1;SUBS=2;PREPACK=1;PDL=1;EPI=0;SPLITK=0;PR=32;SPW=0;PLA=0;SISM=1
deepseek_v4_pro,7168,16384,2,8,4,tile_stage,PDL,34.2054,34.1229,3435.183,0.858796,1830,1.681628e-03,1,M_TILE=8;BM=56;WG=4;REG=96;STG=3;TILES=1;SUBS=2;PREPACK=1;PDL=1;EPI=0;SPLITK=0;PR=32;SPW=0;PLA=0;SISM=1
deepseek_v4_pro,7168,16384,4,8,4,tile_stage,B2B,38.6560,38.5587,3041.271,0.760318,1830,1.670615e-03,1,M_TILE=8;BM=56;WG=4;REG=96;STG=3;TILES=1;SUBS=2;PREPACK=1;PDL=1;EPI=0;SPLITK=0;PR=32;SPW=0;PLA=0;SISM=1
deepseek_v4_pro,7168,16384,4,8,4,tile_stage,ISO,50.2400,49.9520,2340.036,0.585009,1830,1.670615e-03,1,M_TILE=8;BM=56;WG=4;REG=96;STG=3;TILES=1;SUBS=2;PREPACK=1;PDL=1;EPI=0;SPLITK=0;PR=32;SPW=0;PLA=0;SISM=1
deepseek_v4_pro,7168,16384,4,8,4,tile_stage,PDL,34.3475,34.3456,3422.762,0.855691,1830,1.670615e-03,1,M_TILE=8;BM=56;WG=4;REG=96;STG=3;TILES=1;SUBS=2;PREPACK=1;PDL=1;EPI=0;SPLITK=0;PR=32;SPW=0;PLA=0;SISM=1
deepseek_v4_pro,7168,16384,8,8,4,tile_stage,B2B,39.0931,39.0413,3010.409,0.752602,1830,1.670902e-03,1,M_TILE=8;BM=56;WG=4;REG=96;STG=3;TILES=1;SUBS=2;PREPACK=1;PDL=1;EPI=0;SPLITK=0;PR=32;SPW=0;PLA=0;SISM=1
deepseek_v4_pro,7168,16384,8,8,4,tile_stage,ISO,50.5280,49.9840,2329.130,0.582282,1830,1.670902e-03,1,M_TILE=8;BM=56;WG=4;REG=96;STG=3;TILES=1;SUBS=2;PREPACK=1;PDL=1;EPI=0;SPLITK=0;PR=32;SPW=0;PLA=0;SISM=1
deepseek_v4_pro,7168,16384,8,8,4,tile_stage,PDL,34.4838,34.4493,3412.795,0.853199,1830,1.670902e-03,1,M_TILE=8;BM=56;WG=4;REG=96;STG=3;TILES=1;SUBS=2;PREPACK=1;PDL=1;EPI=0;SPLITK=0;PR=32;SPW=0;PLA=0;SISM=1
deepseek_v4_pro,7168,16384,16,16,4,tile_stage,B2B,54.4218,54.4096,2167.001,0.541750,1830,1.669845e-03,1,M_TILE=16;BM=64;WG=1;REG=80;STG=4;TILES=1;SUBS=2;PREPACK=1;PDL=1;EPI=0;SPLITK=0;PR=32;SPW=0;PLA=0;SISM=1
deepseek_v4_pro,7168,16384,16,16,4,tile_stage,ISO,59.9040,59.6160,1968.684,0.492171,1830,1.669845e-03,1,M_TILE=16;BM=64;WG=1;REG=80;STG=4;TILES=1;SUBS=2;PREPACK=1;PDL=1;EPI=0;SPLITK=0;PR=32;SPW=0;PLA=0;SISM=1
deepseek_v4_pro,7168,16384,16,16,4,tile_stage,PDL,49.9494,49.8637,2361.028,0.590257,1830,1.669845e-03,1,M_TILE=16;BM=64;WG=1;REG=80;STG=4;TILES=1;SUBS=2;PREPACK=1;PDL=1;EPI=0;SPLITK=0;PR=32;SPW=0;PLA=0;SISM=1
deepseek_v4_pro,7168,16384,32,32,4,tile_stage,B2B,74.8275,74.7533,1582.620,0.395655,1830,1.670198e-03,1,M_TILE=32;BM=64;WG=1;REG=112;STG=4;TILES=1;SUBS=2;PREPACK=1;PDL=1;EPI=0;SPLITK=0;PR=32;SPW=0;PLA=0;SISM=0
deepseek_v4_pro,7168,16384,32,32,4,tile_stage,ISO,79.5200,79.2320,1489.230,0.372307,1830,1.670198e-03,1,M_TILE=32;BM=64;WG=1;REG=112;STG=4;TILES=1;SUBS=2;PREPACK=1;PDL=1;EPI=0;SPLITK=0;PR=32;SPW=0;PLA=0;SISM=0
deepseek_v4_pro,7168,16384,32,32,4,tile_stage,PDL,68.4365,68.4205,1730.416,0.432604,1830,1.670198e-03,1,M_TILE=32;BM=64;WG=1;REG=112;STG=4;TILES=1;SUBS=2;PREPACK=1;PDL=1;EPI=0;SPLITK=0;PR=32;SPW=0;PLA=0;SISM=0
deepseek_v4_pro,7168,16384,64,64,4,tile_stage,B2B,199.6608,199.6173,598.047,0.149512,1830,1.670279e-03,1,M_TILE=64;BM=64;WG=1;REG=112;STG=2;TILES=1;SUBS=2;PREPACK=1;PDL=1;EPI=0;SPLITK=0;PR=32;SPW=0;PLA=0;SISM=0
deepseek_v4_pro,7168,16384,64,64,4,tile_stage,ISO,204.8000,203.3600,583.040,0.145760,1830,1.670279e-03,1,M_TILE=64;BM=64;WG=1;REG=112;STG=2;TILES=1;SUBS=2;PREPACK=1;PDL=1;EPI=0;SPLITK=0;PR=32;SPW=0;PLA=0;SISM=0
deepseek_v4_pro,7168,16384,64,64,4,tile_stage,PDL,188.6803,188.5952,632.851,0.158213,1830,1.670279e-03,1,M_TILE=64;BM=64;WG=1;REG=112;STG=2;TILES=1;SUBS=2;PREPACK=1;PDL=1;EPI=0;SPLITK=0;PR=32;SPW=0;PLA=0;SISM=0
deepseek_v4_pro,7168,16384,128,128,4,tile_stage,B2B,437.4560,437.3402,277.451,0.069363,1830,1.668760e-03,1,M_TILE=128;BM=64;WG=1;REG=232;STG=2;TILES=1;SUBS=1;PREPACK=1;PDL=1;EPI=0;SPLITK=0;PR=32;SPW=0;PLA=0;SISM=0
deepseek_v4_pro,7168,16384,128,128,4,tile_stage,ISO,442.8480,442.5280,274.073,0.068518,1830,1.668760e-03,1,M_TILE=128;BM=64;WG=1;REG=232;STG=2;TILES=1;SUBS=1;PREPACK=1;PDL=1;EPI=0;SPLITK=0;PR=32;SPW=0;PLA=0;SISM=0
deepseek_v4_pro,7168,16384,128,128,4,tile_stage,PDL,411.2103,410.6713,295.160,0.073790,1830,1.668760e-03,1,M_TILE=128;BM=64;WG=1;REG=232;STG=2;TILES=1;SUBS=1;PREPACK=1;PDL=1;EPI=0;SPLITK=0;PR=32;SPW=0;PLA=0;SISM=0
deepseek_v4_pro,7168,16384,1,8,5,splitk,B2B,37.7331,37.7190,3113.213,0.778303,1830,1.682975e-03,1,M_TILE=8;BM=56;WG=4;REG=96;STG=3;TILES=1;SUBS=2;PREPACK=1;PDL=1;EPI=1;SPLITK=0;SK=1;PR=32;SPW=0;PLA=0;SISM=1
deepseek_v4_pro,7168,16384,1,8,5,splitk,ISO,48.6720,48.4160,2413.528,0.603382,1830,1.682975e-03,1,M_TILE=8;BM=56;WG=4;REG=96;STG=3;TILES=1;SUBS=2;PREPACK=1;PDL=1;EPI=1;SPLITK=0;SK=1;PR=32;SPW=0;PLA=0;SISM=1
deepseek_v4_pro,7168,16384,1,8,5,splitk,PDL,34.0109,33.9565,3453.931,0.863483,1830,1.682975e-03,1,M_TILE=8;BM=56;WG=4;REG=96;STG=3;TILES=1;SUBS=2;PREPACK=1;PDL=1;EPI=1;SPLITK=0;SK=1;PR=32;SPW=0;PLA=0;SISM=1
deepseek_v4_pro,7168,16384,2,8,5,splitk,B2B,38.7091,38.6893,3035.511,0.758878,1830,1.681628e-03,1,M_TILE=8;BM=56;WG=4;REG=96;STG=3;TILES=1;SUBS=2;PREPACK=1;PDL=1;EPI=1;SPLITK=0;SK=1;PR=32;SPW=0;PLA=0;SISM=1
deepseek_v4_pro,7168,16384,2,8,5,splitk,ISO,49.8880,49.3120,2355.315,0.588829,1830,1.681628e-03,1,M_TILE=8;BM=56;WG=4;REG=96;STG=3;TILES=1;SUBS=2;PREPACK=1;PDL=1;EPI=1;SPLITK=0;SK=1;PR=32;SPW=0;PLA=0;SISM=1
deepseek_v4_pro,7168,16384,2,8,5,splitk,PDL,34.3462,34.3014,3421.101,0.855275,1830,1.681628e-03,1,M_TILE=8;BM=56;WG=4;REG=96;STG=3;TILES=1;SUBS=2;PREPACK=1;PDL=1;EPI=1;SPLITK=0;SK=1;PR=32;SPW=0;PLA=0;SISM=1
deepseek_v4_pro,7168,16384,4,8,5,splitk,B2B,38.9203,38.8998,3020.617,0.755154,1830,1.670615e-03,1,M_TILE=8;BM=56;WG=4;REG=96;STG=3;TILES=1;SUBS=2;PREPACK=1;PDL=1;EPI=1;SPLITK=0;SK=1;PR=32;SPW=0;PLA=0;SISM=1
deepseek_v4_pro,7168,16384,4,8,5,splitk,ISO,49.6960,49.3760,2365.651,0.591413,1830,1.670615e-03,1,M_TILE=8;BM=56;WG=4;REG=96;STG=3;TILES=1;SUBS=2;PREPACK=1;PDL=1;EPI=1;SPLITK=0;SK=1;PR=32;SPW=0;PLA=0;SISM=1
deepseek_v4_pro,7168,16384,4,8,5,splitk,PDL,34.3398,34.2957,3423.528,0.855882,1830,1.670615e-03,1,M_TILE=8;BM=56;WG=4;REG=96;STG=3;TILES=1;SUBS=2;PREPACK=1;PDL=1;EPI=1;SPLITK=0;SK=1;PR=32;SPW=0;PLA=0;SISM=1
deepseek_v4_pro,7168,16384,8,8,5,splitk,B2B,39.4003,39.3914,2986.937,0.746734,1830,1.670902e-03,1,M_TILE=8;BM=56;WG=4;REG=96;STG=3;TILES=1;SUBS=2;PREPACK=1;PDL=1;EPI=1;SPLITK=0;SK=1;PR=32;SPW=0;PLA=0;SISM=1
deepseek_v4_pro,7168,16384,8,8,5,splitk,ISO,50.0800,49.5680,2349.965,0.587491,1830,1.670902e-03,1,M_TILE=8;BM=56;WG=4;REG=96;STG=3;TILES=1;SUBS=2;PREPACK=1;PDL=1;EPI=1;SPLITK=0;SK=1;PR=32;SPW=0;PLA=0;SISM=1
deepseek_v4_pro,7168,16384,8,8,5,splitk,PDL,34.5427,34.5357,3406.978,0.851744,1830,1.670902e-03,1,M_TILE=8;BM=56;WG=4;REG=96;STG=3;TILES=1;SUBS=2;PREPACK=1;PDL=1;EPI=1;SPLITK=0;SK=1;PR=32;SPW=0;PLA=0;SISM=1
deepseek_v4_pro,7168,16384,16,16,5,splitk,B2B,54.4474,54.4346,2165.983,0.541496,1830,1.669845e-03,1,M_TILE=16;BM=64;WG=1;REG=80;STG=4;TILES=1;SUBS=2;PREPACK=1;PDL=1;EPI=1;SPLITK=0;SK=1;PR=32;SPW=0;PLA=0;SISM=1
deepseek_v4_pro,7168,16384,16,16,5,splitk,ISO,59.8400,59.3920,1970.789,0.492697,1830,1.669845e-03,1,M_TILE=16;BM=64;WG=1;REG=80;STG=4;TILES=1;SUBS=2;PREPACK=1;PDL=1;EPI=1;SPLITK=0;SK=1;PR=32;SPW=0;PLA=0;SISM=1
deepseek_v4_pro,7168,16384,16,16,5,splitk,PDL,49.8349,49.8010,2366.456,0.591614,1830,1.669845e-03,1,M_TILE=16;BM=64;WG=1;REG=80;STG=4;TILES=1;SUBS=2;PREPACK=1;PDL=1;EPI=1;SPLITK=0;SK=1;PR=32;SPW=0;PLA=0;SISM=1
deepseek_v4_pro,7168,16384,32,32,5,splitk,B2B,74.9734,74.9344,1579.540,0.394885,1830,1.670198e-03,1,M_TILE=32;BM=64;WG=1;REG=112;STG=4;TILES=1;SUBS=2;PREPACK=1;PDL=1;EPI=1;SPLITK=0;SK=1;PR=32;SPW=0;PLA=0;SISM=0
deepseek_v4_pro,7168,16384,32,32,5,splitk,ISO,79.0080,78.8480,1498.881,0.374720,1830,1.670198e-03,1,M_TILE=32;BM=64;WG=1;REG=112;STG=4;TILES=1;SUBS=2;PREPACK=1;PDL=1;EPI=1;SPLITK=0;SK=1;PR=32;SPW=0;PLA=0;SISM=0
deepseek_v4_pro,7168,16384,32,32,5,splitk,PDL,68.4026,68.3942,1731.274,0.432818,1830,1.670198e-03,1,M_TILE=32;BM=64;WG=1;REG=112;STG=4;TILES=1;SUBS=2;PREPACK=1;PDL=1;EPI=1;SPLITK=0;SK=1;PR=32;SPW=0;PLA=0;SISM=0
deepseek_v4_pro,7168,16384,64,64,5,splitk,B2B,197.9936,197.8067,603.083,0.150771,1830,1.670279e-03,1,M_TILE=64;BM=64;WG=1;REG=112;STG=2;TILES=1;SUBS=2;PREPACK=1;PDL=1;EPI=1;SPLITK=0;SK=1;PR=32;SPW=0;PLA=0;SISM=0
deepseek_v4_pro,7168,16384,64,64,5,splitk,ISO,202.5280,202.0480,589.581,0.147395,1830,1.670279e-03,1,M_TILE=64;BM=64;WG=1;REG=112;STG=2;TILES=1;SUBS=2;PREPACK=1;PDL=1;EPI=1;SPLITK=0;SK=1;PR=32;SPW=0;PLA=0;SISM=0
deepseek_v4_pro,7168,16384,64,64,5,splitk,PDL,188.5491,188.2918,633.292,0.158323,1830,1.670279e-03,1,M_TILE=64;BM=64;WG=1;REG=112;STG=2;TILES=1;SUBS=2;PREPACK=1;PDL=1;EPI=1;SPLITK=0;SK=1;PR=32;SPW=0;PLA=0;SISM=0
deepseek_v4_pro,7168,16384,128,128,5,splitk,B2B,437.0823,436.8960,277.688,0.069422,1830,1.668760e-03,1,M_TILE=128;BM=64;WG=1;REG=232;STG=2;TILES=1;SUBS=1;PREPACK=1;PDL=1;EPI=1;SPLITK=0;PR=32;SPW=0;PLA=0;SISM=0
deepseek_v4_pro,7168,16384,128,128,5,splitk,ISO,441.2160,440.6400,275.087,0.068772,1830,1.668760e-03,1,M_TILE=128;BM=64;WG=1;REG=232;STG=2;TILES=1;SUBS=1;PREPACK=1;PDL=1;EPI=1;SPLITK=0;PR=32;SPW=0;PLA=0;SISM=0
deepseek_v4_pro,7168,16384,128,128,5,splitk,PDL,412.0602,411.8650,294.551,0.073638,1830,1.668760e-03,1,M_TILE=128;BM=64;WG=1;REG=232;STG=2;TILES=1;SUBS=1;PREPACK=1;PDL=1;EPI=1;SPLITK=0;PR=32;SPW=0;PLA=0;SISM=0
glm52,6144,16384,1,8,0,baseline,B2B,43.7536,43.7344,2301.341,0.575335,1830,1.671419e-03,1,M_TILE=8;BM=64;WG=4;REG=112;STG=2;TILES=1;SUBS=1;PREPACK=0;PDL=0;EPI=0;SPLITK=0;PR=32;SPW=0;PLA=0;SISM=1
glm52,6144,16384,1,8,0,baseline,ISO,55.6480,55.2320,1809.445,0.452361,1830,1.671419e-03,1,M_TILE=8;BM=64;WG=4;REG=112;STG=2;TILES=1;SUBS=1;PREPACK=0;PDL=0;EPI=0;SPLITK=0;PR=32;SPW=0;PLA=0;SISM=1
glm52,6144,16384,1,8,0,baseline,PDL,42.1926,42.1190,2386.482,0.596620,1830,1.671419e-03,1,M_TILE=8;BM=64;WG=4;REG=112;STG=2;TILES=1;SUBS=1;PREPACK=0;PDL=0;EPI=0;SPLITK=0;PR=32;SPW=0;PLA=0;SISM=1
glm52,6144,16384,2,8,0,baseline,B2B,45.6557,45.6192,2206.092,0.551523,1830,1.679703e-03,1,M_TILE=8;BM=64;WG=4;REG=112;STG=2;TILES=1;SUBS=1;PREPACK=0;PDL=0;EPI=0;SPLITK=0;PR=32;SPW=0;PLA=0;SISM=1
glm52,6144,16384,2,8,0,baseline,ISO,57.8880,57.4400,1739.923,0.434981,1830,1.679703e-03,1,M_TILE=8;BM=64;WG=4;REG=112;STG=2;TILES=1;SUBS=1;PREPACK=0;PDL=0;EPI=0;SPLITK=0;PR=32;SPW=0;PLA=0;SISM=1
glm52,6144,16384,2,8,0,baseline,PDL,44.0915,44.0915,2284.354,0.571088,1830,1.679703e-03,1,M_TILE=8;BM=64;WG=4;REG=112;STG=2;TILES=1;SUBS=1;PREPACK=0;PDL=0;EPI=0;SPLITK=0;PR=32;SPW=0;PLA=0;SISM=1
glm52,6144,16384,4,8,0,baseline,B2B,46.1818,46.0998,2182.203,0.545551,1830,1.666145e-03,1,M_TILE=8;BM=64;WG=4;REG=112;STG=2;TILES=1;SUBS=1;PREPACK=0;PDL=0;EPI=0;SPLITK=0;PR=32;SPW=0;PLA=0;SISM=1
glm52,6144,16384,4,8,0,baseline,ISO,58.4960,57.6960,1722.818,0.430705,1830,1.666145e-03,1,M_TILE=8;BM=64;WG=4;REG=112;STG=2;TILES=1;SUBS=1;PREPACK=0;PDL=0;EPI=0;SPLITK=0;PR=32;SPW=0;PLA=0;SISM=1
glm52,6144,16384,4,8,0,baseline,PDL,44.6234,44.5792,2258.413,0.564603,1830,1.666145e-03,1,M_TILE=8;BM=64;WG=4;REG=112;STG=2;TILES=1;SUBS=1;PREPACK=0;PDL=0;EPI=0;SPLITK=0;PR=32;SPW=0;PLA=0;SISM=1
glm52,6144,16384,8,8,0,baseline,B2B,46.6560,46.6554,2162.480,0.540620,1830,1.665706e-03,1,M_TILE=8;BM=64;WG=4;REG=112;STG=2;TILES=1;SUBS=1;PREPACK=0;PDL=0;EPI=0;SPLITK=0;PR=32;SPW=0;PLA=0;SISM=1
glm52,6144,16384,8,8,0,baseline,ISO,58.4960,58.0160,1724.779,0.431195,1830,1.665706e-03,1,M_TILE=8;BM=64;WG=4;REG=112;STG=2;TILES=1;SUBS=1;PREPACK=0;PDL=0;EPI=0;SPLITK=0;PR=32;SPW=0;PLA=0;SISM=1
glm52,6144,16384,8,8,0,baseline,PDL,45.1136,45.0886,2236.414,0.559103,1830,1.665706e-03,1,M_TILE=8;BM=64;WG=4;REG=112;STG=2;TILES=1;SUBS=1;PREPACK=0;PDL=0;EPI=0;SPLITK=0;PR=32;SPW=0;PLA=0;SISM=1
glm52,6144,16384,16,16,0,baseline,B2B,56.0838,55.9955,1803.051,0.450763,1830,1.667226e-03,1,M_TILE=16;BM=48;WG=2;REG=112;STG=2;TILES=2;SUBS=2;PREPACK=0;PDL=0;EPI=0;SPLITK=0;PR=32;SPW=0;PLA=0;SISM=1
glm52,6144,16384,16,16,0,baseline,ISO,65.7280,65.2800,1538.493,0.384623,1830,1.667226e-03,1,M_TILE=16;BM=48;WG=2;REG=112;STG=2;TILES=2;SUBS=2;PREPACK=0;PDL=0;EPI=0;SPLITK=0;PR=32;SPW=0;PLA=0;SISM=1
glm52,6144,16384,16,16,0,baseline,PDL,54.5235,54.4819,1854.650,0.463663,1830,1.667226e-03,1,M_TILE=16;BM=48;WG=2;REG=112;STG=2;TILES=2;SUBS=2;PREPACK=0;PDL=0;EPI=0;SPLITK=0;PR=32;SPW=0;PLA=0;SISM=1
glm52,6144,16384,32,32,0,baseline,B2B,87.7229,87.6858,1157.974,0.289493,1830,1.668254e-03,1,M_TILE=32;BM=48;WG=2;REG=168;STG=2;TILES=2;SUBS=2;PREPACK=0;PDL=0;EPI=0;SPLITK=0;PR=32;SPW=0;PLA=0;SISM=0
glm52,6144,16384,32,32,0,baseline,ISO,92.2240,91.7120,1101.457,0.275364,1830,1.668254e-03,1,M_TILE=32;BM=48;WG=2;REG=168;STG=2;TILES=2;SUBS=2;PREPACK=0;PDL=0;EPI=0;SPLITK=0;PR=32;SPW=0;PLA=0;SISM=0
glm52,6144,16384,32,32,0,baseline,PDL,86.2758,86.2554,1177.396,0.294349,1830,1.668254e-03,1,M_TILE=32;BM=48;WG=2;REG=168;STG=2;TILES=2;SUBS=2;PREPACK=0;PDL=0;EPI=0;SPLITK=0;PR=32;SPW=0;PLA=0;SISM=0
glm52,6144,16384,64,64,0,baseline,B2B,200.1222,200.0838,512.178,0.128045,1830,1.670176e-03,1,M_TILE=64;BM=48;WG=2;REG=168;STG=2;TILES=2;SUBS=2;PREPACK=0;PDL=0;EPI=0;SPLITK=0;PR=32;SPW=0;PLA=0;SISM=0
glm52,6144,16384,64,64,0,baseline,ISO,206.9440,206.4960,495.295,0.123824,1830,1.670176e-03,1,M_TILE=64;BM=48;WG=2;REG=168;STG=2;TILES=2;SUBS=2;PREPACK=0;PDL=0;EPI=0;SPLITK=0;PR=32;SPW=0;PLA=0;SISM=0
glm52,6144,16384,64,64,0,baseline,PDL,198.5805,198.5453,516.155,0.129039,1830,1.670176e-03,1,M_TILE=64;BM=48;WG=2;REG=168;STG=2;TILES=2;SUBS=2;PREPACK=0;PDL=0;EPI=0;SPLITK=0;PR=32;SPW=0;PLA=0;SISM=0
glm52,6144,16384,128,128,0,baseline,B2B,351.5129,350.0710,296.812,0.074203,1830,1.668914e-03,1,M_TILE=128;BM=48;WG=2;REG=168;STG=2;TILES=2;SUBS=1;PREPACK=0;PDL=0;EPI=0;SPLITK=0;PR=32;SPW=0;PLA=0;SISM=0
glm52,6144,16384,128,128,0,baseline,ISO,354.6240,353.1840,294.208,0.073552,1830,1.668914e-03,1,M_TILE=128;BM=48;WG=2;REG=168;STG=2;TILES=2;SUBS=1;PREPACK=0;PDL=0;EPI=0;SPLITK=0;PR=32;SPW=0;PLA=0;SISM=0
glm52,6144,16384,128,128,0,baseline,PDL,349.5981,347.7562,298.438,0.074609,1830,1.668914e-03,1,M_TILE=128;BM=48;WG=2;REG=168;STG=2;TILES=2;SUBS=1;PREPACK=0;PDL=0;EPI=0;SPLITK=0;PR=32;SPW=0;PLA=0;SISM=0
glm52,6144,16384,1,8,1,pdl,B2B,43.7702,43.6819,2300.466,0.575117,1830,1.671419e-03,1,M_TILE=8;BM=64;WG=4;REG=112;STG=2;TILES=1;SUBS=1;PREPACK=0;PDL=1;EPI=0;SPLITK=0;PR=32;SPW=0;PLA=0;SISM=1
glm52,6144,16384,1,8,1,pdl,ISO,55.6480,55.1680,1809.445,0.452361,1830,1.671419e-03,1,M_TILE=8;BM=64;WG=4;REG=112;STG=2;TILES=1;SUBS=1;PREPACK=0;PDL=1;EPI=0;SPLITK=0;PR=32;SPW=0;PLA=0;SISM=1
glm52,6144,16384,1,8,1,pdl,PDL,41.0829,41.0784,2450.947,0.612737,1830,1.671419e-03,1,M_TILE=8;BM=64;WG=4;REG=112;STG=2;TILES=1;SUBS=1;PREPACK=0;PDL=1;EPI=0;SPLITK=0;PR=32;SPW=0;PLA=0;SISM=1
glm52,6144,16384,2,8,1,pdl,B2B,45.9315,45.9098,2192.844,0.548211,1830,1.679703e-03,1,M_TILE=8;BM=64;WG=4;REG=112;STG=2;TILES=1;SUBS=1;PREPACK=0;PDL=1;EPI=0;SPLITK=0;PR=32;SPW=0;PLA=0;SISM=1
glm52,6144,16384,2,8,1,pdl,ISO,57.8560,57.3760,1740.885,0.435221,1830,1.679703e-03,1,M_TILE=8;BM=64;WG=4;REG=112;STG=2;TILES=1;SUBS=1;PREPACK=0;PDL=1;EPI=0;SPLITK=0;PR=32;SPW=0;PLA=0;SISM=1
glm52,6144,16384,2,8,1,pdl,PDL,42.6906,42.6310,2359.319,0.589830,1830,1.679703e-03,1,M_TILE=8;BM=64;WG=4;REG=112;STG=2;TILES=1;SUBS=1;PREPACK=0;PDL=1;EPI=0;SPLITK=0;PR=32;SPW=0;PLA=0;SISM=1
glm52,6144,16384,4,8,1,pdl,B2B,46.3962,46.3680,2172.119,0.543030,1830,1.666145e-03,1,M_TILE=8;BM=64;WG=4;REG=112;STG=2;TILES=1;SUBS=1;PREPACK=0;PDL=1;EPI=0;SPLITK=0;PR=32;SPW=0;PLA=0;SISM=1
glm52,6144,16384,4,8,1,pdl,ISO,58.3360,57.9200,1727.544,0.431886,1830,1.666145e-03,1,M_TILE=8;BM=64;WG=4;REG=112;STG=2;TILES=1;SUBS=1;PREPACK=0;PDL=1;EPI=0;SPLITK=0;PR=32;SPW=0;PLA=0;SISM=1
glm52,6144,16384,4,8,1,pdl,PDL,42.9536,42.9293,2346.206,0.586551,1830,1.666145e-03,1,M_TILE=8;BM=64;WG=4;REG=112;STG=2;TILES=1;SUBS=1;PREPACK=0;PDL=1;EPI=0;SPLITK=0;PR=32;SPW=0;PLA=0;SISM=1
glm52,6144,16384,8,8,1,pdl,B2B,46.8416,46.8326,2153.912,0.538478,1830,1.665706e-03,1,M_TILE=8;BM=64;WG=4;REG=112;STG=2;TILES=1;SUBS=1;PREPACK=0;PDL=1;EPI=0;SPLITK=0;PR=32;SPW=0;PLA=0;SISM=1
glm52,6144,16384,8,8,1,pdl,ISO,58.7200,58.2720,1718.199,0.429550,1830,1.665706e-03,1,M_TILE=8;BM=64;WG=4;REG=112;STG=2;TILES=1;SUBS=1;PREPACK=0;PDL=1;EPI=0;SPLITK=0;PR=32;SPW=0;PLA=0;SISM=1
glm52,6144,16384,8,8,1,pdl,PDL,43.2915,43.2845,2330.541,0.582635,1830,1.665706e-03,1,M_TILE=8;BM=64;WG=4;REG=112;STG=2;TILES=1;SUBS=1;PREPACK=0;PDL=1;EPI=0;SPLITK=0;PR=32;SPW=0;PLA=0;SISM=1
glm52,6144,16384,16,16,1,pdl,B2B,56.0877,56.0794,1802.928,0.450732,1830,1.667226e-03,1,M_TILE=16;BM=48;WG=2;REG=112;STG=2;TILES=2;SUBS=2;PREPACK=0;PDL=1;EPI=0;SPLITK=0;PR=32;SPW=0;PLA=0;SISM=1
glm52,6144,16384,16,16,1,pdl,ISO,66.5920,66.2080,1518.531,0.379633,1830,1.667226e-03,1,M_TILE=16;BM=48;WG=2;REG=112;STG=2;TILES=2;SUBS=2;PREPACK=0;PDL=1;EPI=0;SPLITK=0;PR=32;SPW=0;PLA=0;SISM=1
glm52,6144,16384,16,16,1,pdl,PDL,54.0365,54.0346,1871.366,0.467842,1830,1.667226e-03,1,M_TILE=16;BM=48;WG=2;REG=112;STG=2;TILES=2;SUBS=2;PREPACK=0;PDL=1;EPI=0;SPLITK=0;PR=32;SPW=0;PLA=0;SISM=1
glm52,6144,16384,32,32,1,pdl,B2B,87.8534,87.7952,1156.253,0.289063,1830,1.668254e-03,1,M_TILE=32;BM=48;WG=2;REG=168;STG=2;TILES=2;SUBS=2;PREPACK=0;PDL=1;EPI=0;SPLITK=0;PR=32;SPW=0;PLA=0;SISM=0
glm52,6144,16384,32,32,1,pdl,ISO,92.5120,91.7440,1098.028,0.274507,1830,1.668254e-03,1,M_TILE=32;BM=48;WG=2;REG=168;STG=2;TILES=2;SUBS=2;PREPACK=0;PDL=1;EPI=0;SPLITK=0;PR=32;SPW=0;PLA=0;SISM=0
glm52,6144,16384,32,32,1,pdl,PDL,85.5104,85.4259,1187.935,0.296984,1830,1.668254e-03,1,M_TILE=32;BM=48;WG=2;REG=168;STG=2;TILES=2;SUBS=2;PREPACK=0;PDL=1;EPI=0;SPLITK=0;PR=32;SPW=0;PLA=0;SISM=0
glm52,6144,16384,64,64,1,pdl,B2B,199.6493,199.6019,513.392,0.128348,1830,1.670176e-03,1,M_TILE=64;BM=48;WG=2;REG=168;STG=2;TILES=2;SUBS=2;PREPACK=0;PDL=1;EPI=0;SPLITK=0;PR=32;SPW=0;PLA=0;SISM=0
glm52,6144,16384,64,64,1,pdl,ISO,206.0800,205.2480,497.371,0.124343,1830,1.670176e-03,1,M_TILE=64;BM=48;WG=2;REG=168;STG=2;TILES=2;SUBS=2;PREPACK=0;PDL=1;EPI=0;SPLITK=0;PR=32;SPW=0;PLA=0;SISM=0
glm52,6144,16384,64,64,1,pdl,PDL,188.7040,188.5741,543.170,0.135792,1830,1.670176e-03,1,M_TILE=64;BM=48;WG=2;REG=168;STG=2;TILES=2;SUBS=2;PREPACK=0;PDL=1;EPI=0;SPLITK=0;PR=32;SPW=0;PLA=0;SISM=0
glm52,6144,16384,128,128,1,pdl,B2B,347.5104,347.3952,300.231,0.075058,1830,1.668914e-03,1,M_TILE=128;BM=48;WG=2;REG=168;STG=2;TILES=2;SUBS=1;PREPACK=0;PDL=1;EPI=0;SPLITK=0;PR=32;SPW=0;PLA=0;SISM=0
glm52,6144,16384,128,128,1,pdl,ISO,354.1760,352.7680,294.580,0.073645,1830,1.668914e-03,1,M_TILE=128;BM=48;WG=2;REG=168;STG=2;TILES=2;SUBS=1;PREPACK=0;PDL=1;EPI=0;SPLITK=0;PR=32;SPW=0;PLA=0;SISM=0
glm52,6144,16384,128,128,1,pdl,PDL,340.3482,340.2630,306.549,0.076637,1830,1.668914e-03,1,M_TILE=128;BM=48;WG=2;REG=168;STG=2;TILES=2;SUBS=1;PREPACK=0;PDL=1;EPI=0;SPLITK=0;PR=32;SPW=0;PLA=0;SISM=0
glm52,6144,16384,1,8,2,blockk,B2B,36.8301,36.8141,2733.960,0.683490,1830,1.671420e-03,1,M_TILE=8;BM=64;WG=4;REG=112;STG=2;TILES=1;SUBS=2;PREPACK=0;PDL=1;EPI=0;SPLITK=0;PR=32;SPW=0;PLA=0;SISM=1
glm52,6144,16384,1,8,2,blockk,ISO,47.9360,47.3920,2100.550,0.525138,1830,1.671420e-03,1,M_TILE=8;BM=64;WG=4;REG=112;STG=2;TILES=1;SUBS=2;PREPACK=0;PDL=1;EPI=0;SPLITK=0;PR=32;SPW=0;PLA=0;SISM=1
glm52,6144,16384,1,8,2,blockk,PDL,33.4080,33.3184,3014.008,0.753502,1830,1.671420e-03,1,M_TILE=8;BM=64;WG=4;REG=112;STG=2;TILES=1;SUBS=2;PREPACK=0;PDL=1;EPI=0;SPLITK=0;PR=32;SPW=0;PLA=0;SISM=1
glm52,6144,16384,2,8,2,blockk,B2B,39.3862,39.3267,2557.255,0.639314,1830,1.679704e-03,1,M_TILE=8;BM=64;WG=4;REG=112;STG=2;TILES=1;SUBS=2;PREPACK=0;PDL=1;EPI=0;SPLITK=0;PR=32;SPW=0;PLA=0;SISM=1
glm52,6144,16384,2,8,2,blockk,ISO,50.2720,49.5680,2003.514,0.500878,1830,1.679704e-03,1,M_TILE=8;BM=64;WG=4;REG=112;STG=2;TILES=1;SUBS=2;PREPACK=0;PDL=1;EPI=0;SPLITK=0;PR=32;SPW=0;PLA=0;SISM=1
glm52,6144,16384,2,8,2,blockk,PDL,35.1674,35.1462,2864.038,0.716009,1830,1.679704e-03,1,M_TILE=8;BM=64;WG=4;REG=112;STG=2;TILES=1;SUBS=2;PREPACK=0;PDL=1;EPI=0;SPLITK=0;PR=32;SPW=0;PLA=0;SISM=1
glm52,6144,16384,4,8,2,blockk,B2B,39.9578,39.9181,2522.113,0.630528,1830,1.666138e-03,1,M_TILE=8;BM=64;WG=4;REG=112;STG=2;TILES=1;SUBS=2;PREPACK=0;PDL=1;EPI=0;SPLITK=0;PR=32;SPW=0;PLA=0;SISM=1
glm52,6144,16384,4,8,2,blockk,ISO,50.9120,50.2720,1979.454,0.494864,1830,1.666138e-03,1,M_TILE=8;BM=64;WG=4;REG=112;STG=2;TILES=1;SUBS=2;PREPACK=0;PDL=1;EPI=0;SPLITK=0;PR=32;SPW=0;PLA=0;SISM=1
glm52,6144,16384,4,8,2,blockk,PDL,35.5405,35.5213,2835.583,0.708896,1830,1.666138e-03,1,M_TILE=8;BM=64;WG=4;REG=112;STG=2;TILES=1;SUBS=2;PREPACK=0;PDL=1;EPI=0;SPLITK=0;PR=32;SPW=0;PLA=0;SISM=1
glm52,6144,16384,8,8,2,blockk,B2B,40.6509,40.6458,2481.931,0.620483,1830,1.665702e-03,1,M_TILE=8;BM=64;WG=4;REG=112;STG=2;TILES=1;SUBS=2;PREPACK=0;PDL=1;EPI=0;SPLITK=0;PR=32;SPW=0;PLA=0;SISM=1
glm52,6144,16384,8,8,2,blockk,ISO,51.6160,51.1680,1954.678,0.488670,1830,1.665702e-03,1,M_TILE=8;BM=64;WG=4;REG=112;STG=2;TILES=1;SUBS=2;PREPACK=0;PDL=1;EPI=0;SPLITK=0;PR=32;SPW=0;PLA=0;SISM=1
glm52,6144,16384,8,8,2,blockk,PDL,36.0960,36.0237,2795.121,0.698780,1830,1.665702e-03,1,M_TILE=8;BM=64;WG=4;REG=112;STG=2;TILES=1;SUBS=2;PREPACK=0;PDL=1;EPI=0;SPLITK=0;PR=32;SPW=0;PLA=0;SISM=1
glm52,6144,16384,16,16,2,blockk,B2B,56.1242,56.1082,1801.756,0.450439,1830,1.667226e-03,1,M_TILE=16;BM=48;WG=2;REG=112;STG=2;TILES=2;SUBS=2;PREPACK=0;PDL=1;EPI=0;SPLITK=0;PR=32;SPW=0;PLA=0;SISM=1
glm52,6144,16384,16,16,2,blockk,ISO,66.5280,66.0160,1519.992,0.379998,1830,1.667226e-03,1,M_TILE=16;BM=48;WG=2;REG=112;STG=2;TILES=2;SUBS=2;PREPACK=0;PDL=1;EPI=0;SPLITK=0;PR=32;SPW=0;PLA=0;SISM=1
glm52,6144,16384,16,16,2,blockk,PDL,54.0378,54.0134,1871.322,0.467830,1830,1.667226e-03,1,M_TILE=16;BM=48;WG=2;REG=112;STG=2;TILES=2;SUBS=2;PREPACK=0;PDL=1;EPI=0;SPLITK=0;PR=32;SPW=0;PLA=0;SISM=1
glm52,6144,16384,32,32,2,blockk,B2B,87.9770,87.9712,1154.630,0.288657,1830,1.668254e-03,1,M_TILE=32;BM=48;WG=2;REG=168;STG=2;TILES=2;SUBS=2;PREPACK=0;PDL=1;EPI=0;SPLITK=0;PR=32;SPW=0;PLA=0;SISM=0
glm52,6144,16384,32,32,2,blockk,ISO,92.4480,92.1280,1098.788,0.274697,1830,1.668254e-03,1,M_TILE=32;BM=48;WG=2;REG=168;STG=2;TILES=2;SUBS=2;PREPACK=0;PDL=1;EPI=0;SPLITK=0;PR=32;SPW=0;PLA=0;SISM=0
glm52,6144,16384,32,32,2,blockk,PDL,85.6749,85.6141,1185.654,0.296414,1830,1.668254e-03,1,M_TILE=32;BM=48;WG=2;REG=168;STG=2;TILES=2;SUBS=2;PREPACK=0;PDL=1;EPI=0;SPLITK=0;PR=32;SPW=0;PLA=0;SISM=0
glm52,6144,16384,64,64,2,blockk,B2B,200.0090,199.9469,512.469,0.128117,1830,1.670176e-03,1,M_TILE=64;BM=48;WG=2;REG=168;STG=2;TILES=2;SUBS=2;PREPACK=0;PDL=1;EPI=0;SPLITK=0;PR=32;SPW=0;PLA=0;SISM=0
glm52,6144,16384,64,64,2,blockk,ISO,206.6240,206.0480,496.062,0.124015,1830,1.670176e-03,1,M_TILE=64;BM=48;WG=2;REG=168;STG=2;TILES=2;SUBS=2;PREPACK=0;PDL=1;EPI=0;SPLITK=0;PR=32;SPW=0;PLA=0;SISM=0
glm52,6144,16384,64,64,2,blockk,PDL,188.8390,188.7552,542.781,0.135695,1830,1.670176e-03,1,M_TILE=64;BM=48;WG=2;REG=168;STG=2;TILES=2;SUBS=2;PREPACK=0;PDL=1;EPI=0;SPLITK=0;PR=32;SPW=0;PLA=0;SISM=0
glm52,6144,16384,128,128,2,blockk,B2B,348.1223,347.8867,299.703,0.074926,1830,1.668914e-03,1,M_TILE=128;BM=48;WG=2;REG=168;STG=2;TILES=2;SUBS=1;PREPACK=0;PDL=1;EPI=0;SPLITK=0;PR=32;SPW=0;PLA=0;SISM=0
glm52,6144,16384,128,128,2,blockk,ISO,354.0480,352.9920,294.687,0.073672,1830,1.668914e-03,1,M_TILE=128;BM=48;WG=2;REG=168;STG=2;TILES=2;SUBS=1;PREPACK=0;PDL=1;EPI=0;SPLITK=0;PR=32;SPW=0;PLA=0;SISM=0
glm52,6144,16384,128,128,2,blockk,PDL,340.4243,340.2342,306.480,0.076620,1830,1.668914e-03,1,M_TILE=128;BM=48;WG=2;REG=168;STG=2;TILES=2;SUBS=1;PREPACK=0;PDL=1;EPI=0;SPLITK=0;PR=32;SPW=0;PLA=0;SISM=0
glm52,6144,16384,1,8,3,prepack,B2B,36.8333,36.7808,2733.723,0.683431,1830,1.671420e-03,1,M_TILE=8;BM=64;WG=4;REG=112;STG=2;TILES=1;SUBS=2;PREPACK=1;PDL=1;EPI=0;SPLITK=0;PR=32;SPW=0;PLA=0;SISM=1
glm52,6144,16384,1,8,3,prepack,ISO,48.6080,48.0640,2071.510,0.517878,1830,1.671420e-03,1,M_TILE=8;BM=64;WG=4;REG=112;STG=2;TILES=1;SUBS=2;PREPACK=1;PDL=1;EPI=0;SPLITK=0;PR=32;SPW=0;PLA=0;SISM=1
glm52,6144,16384,1,8,3,prepack,PDL,33.1725,33.0310,3035.407,0.758852,1830,1.671420e-03,1,M_TILE=8;BM=64;WG=4;REG=112;STG=2;TILES=1;SUBS=2;PREPACK=1;PDL=1;EPI=0;SPLITK=0;PR=32;SPW=0;PLA=0;SISM=1
glm52,6144,16384,2,8,3,prepack,B2B,38.8288,38.7994,2593.967,0.648492,1830,1.679704e-03,1,M_TILE=8;BM=64;WG=4;REG=112;STG=2;TILES=1;SUBS=2;PREPACK=1;PDL=1;EPI=0;SPLITK=0;PR=32;SPW=0;PLA=0;SISM=1
glm52,6144,16384,2,8,3,prepack,ISO,50.0800,49.7600,2011.195,0.502799,1830,1.679704e-03,1,M_TILE=8;BM=64;WG=4;REG=112;STG=2;TILES=1;SUBS=2;PREPACK=1;PDL=1;EPI=0;SPLITK=0;PR=32;SPW=0;PLA=0;SISM=1
glm52,6144,16384,2,8,3,prepack,PDL,34.6490,34.6464,2906.888,0.726722,1830,1.679704e-03,1,M_TILE=8;BM=64;WG=4;REG=112;STG=2;TILES=1;SUBS=2;PREPACK=1;PDL=1;EPI=0;SPLITK=0;PR=32;SPW=0;PLA=0;SISM=1
glm52,6144,16384,4,8,3,prepack,B2B,39.3920,39.3824,2558.336,0.639584,1830,1.666138e-03,1,M_TILE=8;BM=64;WG=4;REG=112;STG=2;TILES=1;SUBS=2;PREPACK=1;PDL=1;EPI=0;SPLITK=0;PR=32;SPW=0;PLA=0;SISM=1
glm52,6144,16384,4,8,3,prepack,ISO,50.6880,50.2400,1988.202,0.497051,1830,1.666138e-03,1,M_TILE=8;BM=64;WG=4;REG=112;STG=2;TILES=1;SUBS=2;PREPACK=1;PDL=1;EPI=0;SPLITK=0;PR=32;SPW=0;PLA=0;SISM=1
glm52,6144,16384,4,8,3,prepack,PDL,35.0349,35.0304,2876.504,0.719126,1830,1.666138e-03,1,M_TILE=8;BM=64;WG=4;REG=112;STG=2;TILES=1;SUBS=2;PREPACK=1;PDL=1;EPI=0;SPLITK=0;PR=32;SPW=0;PLA=0;SISM=1
glm52,6144,16384,8,8,3,prepack,B2B,40.3590,40.3430,2499.878,0.624969,1830,1.665702e-03,1,M_TILE=8;BM=64;WG=4;REG=112;STG=2;TILES=1;SUBS=2;PREPACK=1;PDL=1;EPI=0;SPLITK=0;PR=32;SPW=0;PLA=0;SISM=1
glm52,6144,16384,8,8,3,prepack,ISO,51.2000,50.6560,1970.560,0.492640,1830,1.665702e-03,1,M_TILE=8;BM=64;WG=4;REG=112;STG=2;TILES=1;SUBS=2;PREPACK=1;PDL=1;EPI=0;SPLITK=0;PR=32;SPW=0;PLA=0;SISM=1
glm52,6144,16384,8,8,3,prepack,PDL,35.6384,35.5680,2831.010,0.707753,1830,1.665702e-03,1,M_TILE=8;BM=64;WG=4;REG=112;STG=2;TILES=1;SUBS=2;PREPACK=1;PDL=1;EPI=0;SPLITK=0;PR=32;SPW=0;PLA=0;SISM=1
glm52,6144,16384,16,16,3,prepack,B2B,57.2653,57.2595,1765.853,0.441463,1830,1.667226e-03,1,M_TILE=16;BM=48;WG=2;REG=112;STG=2;TILES=2;SUBS=2;PREPACK=1;PDL=1;EPI=0;SPLITK=0;PR=32;SPW=0;PLA=0;SISM=1
glm52,6144,16384,16,16,3,prepack,ISO,71.8400,71.4240,1407.601,0.351900,1830,1.667226e-03,1,M_TILE=16;BM=48;WG=2;REG=112;STG=2;TILES=2;SUBS=2;PREPACK=1;PDL=1;EPI=0;SPLITK=0;PR=32;SPW=0;PLA=0;SISM=1
glm52,6144,16384,16,16,3,prepack,PDL,55.3389,55.2128,1827.324,0.456831,1830,1.667226e-03,1,M_TILE=16;BM=48;WG=2;REG=112;STG=2;TILES=2;SUBS=2;PREPACK=1;PDL=1;EPI=0;SPLITK=0;PR=32;SPW=0;PLA=0;SISM=1
glm52,6144,16384,32,32,3,prepack,B2B,87.9693,87.9309,1154.730,0.288683,1830,1.668254e-03,1,M_TILE=32;BM=48;WG=2;REG=168;STG=2;TILES=2;SUBS=2;PREPACK=1;PDL=1;EPI=0;SPLITK=0;PR=32;SPW=0;PLA=0;SISM=0
glm52,6144,16384,32,32,3,prepack,ISO,93.8560,93.4080,1082.305,0.270576,1830,1.668254e-03,1,M_TILE=32;BM=48;WG=2;REG=168;STG=2;TILES=2;SUBS=2;PREPACK=1;PDL=1;EPI=0;SPLITK=0;PR=32;SPW=0;PLA=0;SISM=0
glm52,6144,16384,32,32,3,prepack,PDL,85.5469,85.4829,1187.428,0.296857,1830,1.668254e-03,1,M_TILE=32;BM=48;WG=2;REG=168;STG=2;TILES=2;SUBS=2;PREPACK=1;PDL=1;EPI=0;SPLITK=0;PR=32;SPW=0;PLA=0;SISM=0
glm52,6144,16384,64,64,3,prepack,B2B,200.9331,200.7834,510.112,0.127528,1830,1.670176e-03,1,M_TILE=64;BM=48;WG=2;REG=168;STG=2;TILES=2;SUBS=2;PREPACK=1;PDL=1;EPI=0;SPLITK=0;PR=32;SPW=0;PLA=0;SISM=0
glm52,6144,16384,64,64,3,prepack,ISO,207.5200,206.8160,493.920,0.123480,1830,1.670176e-03,1,M_TILE=64;BM=48;WG=2;REG=168;STG=2;TILES=2;SUBS=2;PREPACK=1;PDL=1;EPI=0;SPLITK=0;PR=32;SPW=0;PLA=0;SISM=0
glm52,6144,16384,64,64,3,prepack,PDL,188.7046,187.9488,543.168,0.135792,1830,1.670176e-03,1,M_TILE=64;BM=48;WG=2;REG=168;STG=2;TILES=2;SUBS=2;PREPACK=1;PDL=1;EPI=0;SPLITK=0;PR=32;SPW=0;PLA=0;SISM=0
glm52,6144,16384,128,128,3,prepack,B2B,333.6998,333.6493,312.656,0.078164,1830,1.668914e-03,1,M_TILE=128;BM=48;WG=2;REG=168;STG=2;TILES=2;SUBS=1;PREPACK=1;PDL=1;EPI=0;SPLITK=0;PR=32;SPW=0;PLA=0;SISM=0
glm52,6144,16384,128,128,3,prepack,ISO,339.5520,338.6880,307.268,0.076817,1830,1.668914e-03,1,M_TILE=128;BM=48;WG=2;REG=168;STG=2;TILES=2;SUBS=1;PREPACK=1;PDL=1;EPI=0;SPLITK=0;PR=32;SPW=0;PLA=0;SISM=0
glm52,6144,16384,128,128,3,prepack,PDL,328.8883,328.8237,317.230,0.079308,1830,1.668914e-03,1,M_TILE=128;BM=48;WG=2;REG=168;STG=2;TILES=2;SUBS=1;PREPACK=1;PDL=1;EPI=0;SPLITK=0;PR=32;SPW=0;PLA=0;SISM=0
glm52,6144,16384,1,8,4,tile_stage,B2B,32.1318,32.0672,3133.713,0.783428,1830,1.671420e-03,1,M_TILE=8;BM=56;WG=2;REG=80;STG=2;TILES=1;SUBS=2;PREPACK=1;PDL=1;EPI=0;SPLITK=0;PR=32;SPW=0;PLA=0;SISM=1
glm52,6144,16384,1,8,4,tile_stage,ISO,44.0320,43.6800,2286.791,0.571698,1830,1.671420e-03,1,M_TILE=8;BM=56;WG=2;REG=80;STG=2;TILES=1;SUBS=2;PREPACK=1;PDL=1;EPI=0;SPLITK=0;PR=32;SPW=0;PLA=0;SISM=1
glm52,6144,16384,1,8,4,tile_stage,PDL,30.1805,29.8291,3336.328,0.834082,1830,1.671420e-03,1,M_TILE=8;BM=56;WG=2;REG=80;STG=2;TILES=1;SUBS=2;PREPACK=1;PDL=1;EPI=0;SPLITK=0;PR=32;SPW=0;PLA=0;SISM=1
glm52,6144,16384,2,8,4,tile_stage,B2B,32.6067,32.5754,3088.953,0.772238,1830,1.679704e-03,1,M_TILE=8;BM=56;WG=2;REG=80;STG=2;TILES=1;SUBS=2;PREPACK=1;PDL=1;EPI=0;SPLITK=0;PR=32;SPW=0;PLA=0;SISM=1
glm52,6144,16384,2,8,4,tile_stage,ISO,44.3520,44.1600,2270.938,0.567735,1830,1.679704e-03,1,M_TILE=8;BM=56;WG=2;REG=80;STG=2;TILES=1;SUBS=2;PREPACK=1;PDL=1;EPI=0;SPLITK=0;PR=32;SPW=0;PLA=0;SISM=1
glm52,6144,16384,2,8,4,tile_stage,PDL,31.2218,31.0950,3225.976,0.806494,1830,1.679704e-03,1,M_TILE=8;BM=56;WG=2;REG=80;STG=2;TILES=1;SUBS=2;PREPACK=1;PDL=1;EPI=0;SPLITK=0;PR=32;SPW=0;PLA=0;SISM=1
glm52,6144,16384,4,8,4,tile_stage,B2B,32.9875,32.9107,3055.034,0.763758,1830,1.666145e-03,1,M_TILE=8;BM=56;WG=2;REG=80;STG=2;TILES=1;SUBS=2;PREPACK=1;PDL=1;EPI=0;SPLITK=0;PR=32;SPW=0;PLA=0;SISM=1
glm52,6144,16384,4,8,4,tile_stage,ISO,44.6720,44.4800,2255.954,0.563989,1830,1.666145e-03,1,M_TILE=8;BM=56;WG=2;REG=80;STG=2;TILES=1;SUBS=2;PREPACK=1;PDL=1;EPI=0;SPLITK=0;PR=32;SPW=0;PLA=0;SISM=1
glm52,6144,16384,4,8,4,tile_stage,PDL,31.2454,31.0061,3225.366,0.806342,1830,1.666145e-03,1,M_TILE=8;BM=56;WG=2;REG=80;STG=2;TILES=1;SUBS=2;PREPACK=1;PDL=1;EPI=0;SPLITK=0;PR=32;SPW=0;PLA=0;SISM=1
glm52,6144,16384,8,8,4,tile_stage,B2B,33.7107,33.5686,2992.896,0.748224,1830,1.665705e-03,1,M_TILE=8;BM=56;WG=2;REG=80;STG=2;TILES=1;SUBS=2;PREPACK=1;PDL=1;EPI=0;SPLITK=0;PR=32;SPW=0;PLA=0;SISM=1
glm52,6144,16384,8,8,4,tile_stage,ISO,45.6960,45.3760,2207.910,0.551978,1830,1.665705e-03,1,M_TILE=8;BM=56;WG=2;REG=80;STG=2;TILES=1;SUBS=2;PREPACK=1;PDL=1;EPI=0;SPLITK=0;PR=32;SPW=0;PLA=0;SISM=1
glm52,6144,16384,8,8,4,tile_stage,PDL,31.7235,31.6544,3180.374,0.795094,1830,1.665705e-03,1,M_TILE=8;BM=56;WG=2;REG=80;STG=2;TILES=1;SUBS=2;PREPACK=1;PDL=1;EPI=0;SPLITK=0;PR=32;SPW=0;PLA=0;SISM=1
glm52,6144,16384,16,16,4,tile_stage,B2B,54.1350,54.1312,1867.959,0.466990,1830,1.667226e-03,1,M_TILE=16;BM=64;WG=1;REG=80;STG=4;TILES=1;SUBS=2;PREPACK=1;PDL=1;EPI=0;SPLITK=0;PR=32;SPW=0;PLA=0;SISM=1
glm52,6144,16384,16,16,4,tile_stage,ISO,59.0400,58.6560,1712.772,0.428193,1830,1.667226e-03,1,M_TILE=16;BM=64;WG=1;REG=80;STG=4;TILES=1;SUBS=2;PREPACK=1;PDL=1;EPI=0;SPLITK=0;PR=32;SPW=0;PLA=0;SISM=1
glm52,6144,16384,16,16,4,tile_stage,PDL,49.5002,49.4810,2042.863,0.510716,1830,1.667226e-03,1,M_TILE=16;BM=64;WG=1;REG=80;STG=4;TILES=1;SUBS=2;PREPACK=1;PDL=1;EPI=0;SPLITK=0;PR=32;SPW=0;PLA=0;SISM=1
glm52,6144,16384,32,32,4,tile_stage,B2B,74.7770,74.7270,1358.451,0.339613,1830,1.668254e-03,1,M_TILE=32;BM=64;WG=1;REG=112;STG=4;TILES=1;SUBS=2;PREPACK=1;PDL=1;EPI=0;SPLITK=0;PR=32;SPW=0;PLA=0;SISM=0
glm52,6144,16384,32,32,4,tile_stage,ISO,78.9440,78.4960,1286.745,0.321686,1830,1.668254e-03,1,M_TILE=32;BM=64;WG=1;REG=112;STG=4;TILES=1;SUBS=2;PREPACK=1;PDL=1;EPI=0;SPLITK=0;PR=32;SPW=0;PLA=0;SISM=0
glm52,6144,16384,32,32,4,tile_stage,PDL,67.7037,67.6435,1500.373,0.375093,1830,1.668254e-03,1,M_TILE=32;BM=64;WG=1;REG=112;STG=4;TILES=1;SUBS=2;PREPACK=1;PDL=1;EPI=0;SPLITK=0;PR=32;SPW=0;PLA=0;SISM=0
glm52,6144,16384,64,64,4,tile_stage,B2B,198.9139,198.7174,515.290,0.128822,1830,1.670176e-03,1,M_TILE=64;BM=48;WG=2;REG=168;STG=3;TILES=2;SUBS=2;PREPACK=1;PDL=1;EPI=0;SPLITK=0;PR=32;SPW=0;PLA=0;SISM=0
glm52,6144,16384,64,64,4,tile_stage,ISO,207.5200,206.2080,493.920,0.123480,1830,1.670176e-03,1,M_TILE=64;BM=48;WG=2;REG=168;STG=3;TILES=2;SUBS=2;PREPACK=1;PDL=1;EPI=0;SPLITK=0;PR=32;SPW=0;PLA=0;SISM=0
glm52,6144,16384,64,64,4,tile_stage,PDL,189.6723,189.2205,540.397,0.135099,1830,1.670176e-03,1,M_TILE=64;BM=48;WG=2;REG=168;STG=3;TILES=2;SUBS=2;PREPACK=1;PDL=1;EPI=0;SPLITK=0;PR=32;SPW=0;PLA=0;SISM=0
glm52,6144,16384,128,128,4,tile_stage,B2B,438.4147,438.3610,237.979,0.059495,1830,1.668914e-03,1,M_TILE=128;BM=64;WG=1;REG=232;STG=2;TILES=1;SUBS=1;PREPACK=1;PDL=1;EPI=0;SPLITK=0;PR=32;SPW=0;PLA=0;SISM=0
glm52,6144,16384,128,128,4,tile_stage,ISO,442.2400,441.7600,235.920,0.058980,1830,1.668914e-03,1,M_TILE=128;BM=64;WG=1;REG=232;STG=2;TILES=1;SUBS=1;PREPACK=1;PDL=1;EPI=0;SPLITK=0;PR=32;SPW=0;PLA=0;SISM=0
glm52,6144,16384,128,128,4,tile_stage,PDL,410.0634,407.9226,254.432,0.063608,1830,1.668914e-03,1,M_TILE=128;BM=64;WG=1;REG=232;STG=2;TILES=1;SUBS=1;PREPACK=1;PDL=1;EPI=0;SPLITK=0;PR=32;SPW=0;PLA=0;SISM=0
glm52,6144,16384,1,8,5,splitk,B2B,32.3565,32.2925,3111.957,0.777989,1830,1.671420e-03,1,M_TILE=8;BM=56;WG=2;REG=80;STG=2;TILES=1;SUBS=2;PREPACK=1;PDL=1;EPI=1;SPLITK=0;SK=1;PR=32;SPW=0;PLA=0;SISM=1
glm52,6144,16384,1,8,5,splitk,ISO,44.0000,43.4560,2288.454,0.572113,1830,1.671420e-03,1,M_TILE=8;BM=56;WG=2;REG=80;STG=2;TILES=1;SUBS=2;PREPACK=1;PDL=1;EPI=1;SPLITK=0;SK=1;PR=32;SPW=0;PLA=0;SISM=1
glm52,6144,16384,1,8,5,splitk,PDL,30.5338,30.2246,3297.726,0.824431,1830,1.671420e-03,1,M_TILE=8;BM=56;WG=2;REG=80;STG=2;TILES=1;SUBS=2;PREPACK=1;PDL=1;EPI=1;SPLITK=0;SK=1;PR=32;SPW=0;PLA=0;SISM=1
glm52,6144,16384,2,8,5,splitk,B2B,32.8627,32.7942,3064.891,0.766223,1830,1.679704e-03,1,M_TILE=8;BM=56;WG=2;REG=80;STG=2;TILES=1;SUBS=2;PREPACK=1;PDL=1;EPI=1;SPLITK=0;SK=1;PR=32;SPW=0;PLA=0;SISM=1
glm52,6144,16384,2,8,5,splitk,ISO,44.3840,43.9040,2269.301,0.567325,1830,1.679704e-03,1,M_TILE=8;BM=56;WG=2;REG=80;STG=2;TILES=1;SUBS=2;PREPACK=1;PDL=1;EPI=1;SPLITK=0;SK=1;PR=32;SPW=0;PLA=0;SISM=1
glm52,6144,16384,2,8,5,splitk,PDL,31.0950,30.8858,3239.122,0.809781,1830,1.679704e-03,1,M_TILE=8;BM=56;WG=2;REG=80;STG=2;TILES=1;SUBS=2;PREPACK=1;PDL=1;EPI=1;SPLITK=0;SK=1;PR=32;SPW=0;PLA=0;SISM=1
glm52,6144,16384,4,8,5,splitk,B2B,33.2422,33.1853,3031.624,0.757906,1830,1.666145e-03,1,M_TILE=8;BM=56;WG=2;REG=80;STG=2;TILES=1;SUBS=2;PREPACK=1;PDL=1;EPI=1;SPLITK=0;SK=1;PR=32;SPW=0;PLA=0;SISM=1
glm52,6144,16384,4,8,5,splitk,ISO,44.7040,44.2240,2254.339,0.563585,1830,1.666145e-03,1,M_TILE=8;BM=56;WG=2;REG=80;STG=2;TILES=1;SUBS=2;PREPACK=1;PDL=1;EPI=1;SPLITK=0;SK=1;PR=32;SPW=0;PLA=0;SISM=1
glm52,6144,16384,4,8,5,splitk,PDL,31.4003,31.1462,3209.457,0.802364,1830,1.666145e-03,1,M_TILE=8;BM=56;WG=2;REG=80;STG=2;TILES=1;SUBS=2;PREPACK=1;PDL=1;EPI=1;SPLITK=0;SK=1;PR=32;SPW=0;PLA=0;SISM=1
glm52,6144,16384,8,8,5,splitk,B2B,33.8573,33.8118,2979.940,0.744985,1830,1.665705e-03,1,M_TILE=8;BM=56;WG=2;REG=80;STG=2;TILES=1;SUBS=2;PREPACK=1;PDL=1;EPI=1;SPLITK=0;SK=1;PR=32;SPW=0;PLA=0;SISM=1
glm52,6144,16384,8,8,5,splitk,ISO,45.1520,44.8000,2234.512,0.558628,1830,1.665705e-03,1,M_TILE=8;BM=56;WG=2;REG=80;STG=2;TILES=1;SUBS=2;PREPACK=1;PDL=1;EPI=1;SPLITK=0;SK=1;PR=32;SPW=0;PLA=0;SISM=1
glm52,6144,16384,8,8,5,splitk,PDL,31.5661,31.5635,3196.237,0.799059,1830,1.665705e-03,1,M_TILE=8;BM=56;WG=2;REG=80;STG=2;TILES=1;SUBS=2;PREPACK=1;PDL=1;EPI=1;SPLITK=0;SK=1;PR=32;SPW=0;PLA=0;SISM=1
glm52,6144,16384,16,16,5,splitk,B2B,54.3674,54.3629,1859.977,0.464994,1830,1.667226e-03,1,M_TILE=16;BM=64;WG=1;REG=80;STG=4;TILES=1;SUBS=2;PREPACK=1;PDL=1;EPI=1;SPLITK=0;SK=1;PR=32;SPW=0;PLA=0;SISM=1
glm52,6144,16384,16,16,5,splitk,ISO,58.5280,58.2720,1727.755,0.431939,1830,1.667226e-03,1,M_TILE=16;BM=64;WG=1;REG=80;STG=4;TILES=1;SUBS=2;PREPACK=1;PDL=1;EPI=1;SPLITK=0;SK=1;PR=32;SPW=0;PLA=0;SISM=1
glm52,6144,16384,16,16,5,splitk,PDL,49.4771,49.4637,2043.814,0.510954,1830,1.667226e-03,1,M_TILE=16;BM=64;WG=1;REG=80;STG=4;TILES=1;SUBS=2;PREPACK=1;PDL=1;EPI=1;SPLITK=0;SK=1;PR=32;SPW=0;PLA=0;SISM=1
glm52,6144,16384,32,32,5,splitk,B2B,74.9715,74.8544,1354.925,0.338731,1830,1.668254e-03,1,M_TILE=32;BM=64;WG=1;REG=112;STG=4;TILES=1;SUBS=2;PREPACK=1;PDL=1;EPI=1;SPLITK=0;SK=1;PR=32;SPW=0;PLA=0;SISM=0
glm52,6144,16384,32,32,5,splitk,ISO,78.8480,78.5600,1288.312,0.322078,1830,1.668254e-03,1,M_TILE=32;BM=64;WG=1;REG=112;STG=4;TILES=1;SUBS=2;PREPACK=1;PDL=1;EPI=1;SPLITK=0;SK=1;PR=32;SPW=0;PLA=0;SISM=0
glm52,6144,16384,32,32,5,splitk,PDL,67.7274,67.6870,1499.849,0.374962,1830,1.668254e-03,1,M_TILE=32;BM=64;WG=1;REG=112;STG=4;TILES=1;SUBS=2;PREPACK=1;PDL=1;EPI=1;SPLITK=0;SK=1;PR=32;SPW=0;PLA=0;SISM=0
glm52,6144,16384,64,64,5,splitk,B2B,199.9251,199.8406,512.683,0.128171,1830,1.670176e-03,1,M_TILE=64;BM=48;WG=2;REG=168;STG=3;TILES=2;SUBS=2;PREPACK=1;PDL=1;EPI=1;SPLITK=0;SK=1;PR=32;SPW=0;PLA=0;SISM=0
glm52,6144,16384,64,64,5,splitk,ISO,207.3600,206.2720,494.301,0.123575,1830,1.670176e-03,1,M_TILE=64;BM=48;WG=2;REG=168;STG=3;TILES=2;SUBS=2;PREPACK=1;PDL=1;EPI=1;SPLITK=0;SK=1;PR=32;SPW=0;PLA=0;SISM=0
glm52,6144,16384,64,64,5,splitk,PDL,188.7322,188.2662,543.089,0.135772,1830,1.670176e-03,1,M_TILE=64;BM=48;WG=2;REG=168;STG=3;TILES=2;SUBS=2;PREPACK=1;PDL=1;EPI=1;SPLITK=0;SK=1;PR=32;SPW=0;PLA=0;SISM=0
glm52,6144,16384,128,128,5,splitk,B2B,438.3104,437.5782,238.035,0.059509,1830,1.668914e-03,1,M_TILE=128;BM=64;WG=1;REG=232;STG=2;TILES=1;SUBS=1;PREPACK=1;PDL=1;EPI=1;SPLITK=0;PR=32;SPW=0;PLA=0;SISM=0
glm52,6144,16384,128,128,5,splitk,ISO,441.5680,441.1200,236.279,0.059070,1830,1.668914e-03,1,M_TILE=128;BM=64;WG=1;REG=232;STG=2;TILES=1;SUBS=1;PREPACK=1;PDL=1;EPI=1;SPLITK=0;PR=32;SPW=0;PLA=0;SISM=0
glm52,6144,16384,128,128,5,splitk,PDL,410.3405,407.4976,254.260,0.063565,1830,1.668914e-03,1,M_TILE=128;BM=64;WG=1;REG=232;STG=2;TILES=1;SUBS=1;PREPACK=1;PDL=1;EPI=1;SPLITK=0;PR=32;SPW=0;PLA=0;SISM=0
kimi_k3,7168,12288,1,8,0,baseline,B2B,36.1838,36.1063,2434.983,0.608746,1830,1.657344e-03,1,M_TILE=8;BM=64;WG=4;REG=112;STG=2;TILES=1;SUBS=1;PREPACK=0;PDL=0;EPI=0;SPLITK=0;PR=32;SPW=0;PLA=0;SISM=1
kimi_k3,7168,12288,1,8,0,baseline,ISO,48.1600,47.6800,1829.464,0.457366,1830,1.657344e-03,1,M_TILE=8;BM=64;WG=4;REG=112;STG=2;TILES=1;SUBS=1;PREPACK=0;PDL=0;EPI=0;SPLITK=0;PR=32;SPW=0;PLA=0;SISM=1
kimi_k3,7168,12288,1,8,0,baseline,PDL,34.5145,34.4562,2552.754,0.638189,1830,1.657344e-03,1,M_TILE=8;BM=64;WG=4;REG=112;STG=2;TILES=1;SUBS=1;PREPACK=0;PDL=0;EPI=0;SPLITK=0;PR=32;SPW=0;PLA=0;SISM=1
kimi_k3,7168,12288,2,8,0,baseline,B2B,37.6199,37.5669,2342.739,0.585685,1830,1.644477e-03,1,M_TILE=8;BM=64;WG=4;REG=112;STG=2;TILES=1;SUBS=1;PREPACK=0;PDL=0;EPI=0;SPLITK=0;PR=32;SPW=0;PLA=0;SISM=1
kimi_k3,7168,12288,2,8,0,baseline,ISO,49.2160,48.8320,1790.752,0.447688,1830,1.644477e-03,1,M_TILE=8;BM=64;WG=4;REG=112;STG=2;TILES=1;SUBS=1;PREPACK=0;PDL=0;EPI=0;SPLITK=0;PR=32;SPW=0;PLA=0;SISM=1
kimi_k3,7168,12288,2,8,0,baseline,PDL,35.9748,35.9730,2449.874,0.612469,1830,1.644477e-03,1,M_TILE=8;BM=64;WG=4;REG=112;STG=2;TILES=1;SUBS=1;PREPACK=0;PDL=0;EPI=0;SPLITK=0;PR=32;SPW=0;PLA=0;SISM=1
kimi_k3,7168,12288,4,8,0,baseline,B2B,38.2471,38.2190,2305.713,0.576428,1830,1.656548e-03,1,M_TILE=8;BM=64;WG=4;REG=112;STG=2;TILES=1;SUBS=1;PREPACK=0;PDL=0;EPI=0;SPLITK=0;PR=32;SPW=0;PLA=0;SISM=1
kimi_k3,7168,12288,4,8,0,baseline,ISO,49.7600,49.4080,1772.244,0.443061,1830,1.656548e-03,1,M_TILE=8;BM=64;WG=4;REG=112;STG=2;TILES=1;SUBS=1;PREPACK=0;PDL=0;EPI=0;SPLITK=0;PR=32;SPW=0;PLA=0;SISM=1
kimi_k3,7168,12288,4,8,0,baseline,PDL,36.6197,36.6087,2408.179,0.602045,1830,1.656548e-03,1,M_TILE=8;BM=64;WG=4;REG=112;STG=2;TILES=1;SUBS=1;PREPACK=0;PDL=0;EPI=0;SPLITK=0;PR=32;SPW=0;PLA=0;SISM=1
kimi_k3,7168,12288,8,8,0,baseline,B2B,38.7182,38.7022,2280.409,0.570102,1830,1.664362e-03,1,M_TILE=8;BM=64;WG=4;REG=112;STG=2;TILES=1;SUBS=1;PREPACK=0;PDL=0;EPI=0;SPLITK=0;PR=32;SPW=0;PLA=0;SISM=1
kimi_k3,7168,12288,8,8,0,baseline,ISO,50.5600,50.1760,1746.309,0.436577,1830,1.664362e-03,1,M_TILE=8;BM=64;WG=4;REG=112;STG=2;TILES=1;SUBS=1;PREPACK=0;PDL=0;EPI=0;SPLITK=0;PR=32;SPW=0;PLA=0;SISM=1
kimi_k3,7168,12288,8,8,0,baseline,PDL,37.1225,37.0869,2378.434,0.594608,1830,1.664362e-03,1,M_TILE=8;BM=64;WG=4;REG=112;STG=2;TILES=1;SUBS=1;PREPACK=0;PDL=0;EPI=0;SPLITK=0;PR=32;SPW=0;PLA=0;SISM=1
kimi_k3,7168,12288,16,16,0,baseline,B2B,43.1676,43.1602,2050.294,0.512574,1830,1.668278e-03,1,M_TILE=16;BM=56;WG=2;REG=112;STG=2;TILES=2;SUBS=2;PREPACK=0;PDL=0;EPI=0;SPLITK=0;PR=32;SPW=0;PLA=0;SISM=1
kimi_k3,7168,12288,16,16,0,baseline,ISO,54.1440,53.7600,1634.648,0.408662,1830,1.668278e-03,1,M_TILE=16;BM=56;WG=2;REG=112;STG=2;TILES=2;SUBS=2;PREPACK=0;PDL=0;EPI=0;SPLITK=0;PR=32;SPW=0;PLA=0;SISM=1
kimi_k3,7168,12288,16,16,0,baseline,PDL,41.5652,41.5630,2129.340,0.532335,1830,1.668278e-03,1,M_TILE=16;BM=56;WG=2;REG=112;STG=2;TILES=2;SUBS=2;PREPACK=0;PDL=0;EPI=0;SPLITK=0;PR=32;SPW=0;PLA=0;SISM=1
kimi_k3,7168,12288,32,32,0,baseline,B2B,67.0759,66.9255,1325.846,0.331462,1830,1.666304e-03,1,M_TILE=32;BM=56;WG=2;REG=168;STG=2;TILES=2;SUBS=2;PREPACK=0;PDL=0;EPI=0;SPLITK=0;PR=32;SPW=0;PLA=0;SISM=0
kimi_k3,7168,12288,32,32,0,baseline,ISO,71.7120,71.3280,1240.132,0.310033,1830,1.666304e-03,1,M_TILE=32;BM=56;WG=2;REG=168;STG=2;TILES=2;SUBS=2;PREPACK=0;PDL=0;EPI=0;SPLITK=0;PR=32;SPW=0;PLA=0;SISM=0
kimi_k3,7168,12288,32,32,0,baseline,PDL,65.5346,65.5054,1357.029,0.339257,1830,1.666304e-03,1,M_TILE=32;BM=56;WG=2;REG=168;STG=2;TILES=2;SUBS=2;PREPACK=0;PDL=0;EPI=0;SPLITK=0;PR=32;SPW=0;PLA=0;SISM=0
kimi_k3,7168,12288,64,64,0,baseline,B2B,151.9975,151.9317,590.696,0.147674,1830,1.665388e-03,1,M_TILE=64;BM=56;WG=2;REG=168;STG=2;TILES=2;SUBS=2;PREPACK=0;PDL=0;EPI=0;SPLITK=0;PR=32;SPW=0;PLA=0;SISM=0
kimi_k3,7168,12288,64,64,0,baseline,ISO,155.3600,153.9200,577.911,0.144478,1830,1.665388e-03,1,M_TILE=64;BM=56;WG=2;REG=168;STG=2;TILES=2;SUBS=2;PREPACK=0;PDL=0;EPI=0;SPLITK=0;PR=32;SPW=0;PLA=0;SISM=0
kimi_k3,7168,12288,64,64,0,baseline,PDL,150.4868,150.3797,596.626,0.149157,1830,1.665388e-03,1,M_TILE=64;BM=56;WG=2;REG=168;STG=2;TILES=2;SUBS=2;PREPACK=0;PDL=0;EPI=0;SPLITK=0;PR=32;SPW=0;PLA=0;SISM=0
kimi_k3,7168,12288,128,128,0,baseline,B2B,264.4196,264.4142,345.997,0.086499,1830,1.665457e-03,1,M_TILE=128;BM=56;WG=2;REG=168;STG=2;TILES=2;SUBS=1;PREPACK=0;PDL=0;EPI=0;SPLITK=0;PR=32;SPW=0;PLA=0;SISM=0
kimi_k3,7168,12288,128,128,0,baseline,ISO,270.5280,268.6720,338.184,0.084546,1830,1.665457e-03,1,M_TILE=128;BM=56;WG=2;REG=168;STG=2;TILES=2;SUBS=1;PREPACK=0;PDL=0;EPI=0;SPLITK=0;PR=32;SPW=0;PLA=0;SISM=0
kimi_k3,7168,12288,128,128,0,baseline,PDL,262.6830,262.2791,348.284,0.087071,1830,1.665457e-03,1,M_TILE=128;BM=56;WG=2;REG=168;STG=2;TILES=2;SUBS=1;PREPACK=0;PDL=0;EPI=0;SPLITK=0;PR=32;SPW=0;PLA=0;SISM=0
kimi_k3,7168,12288,1,8,1,pdl,B2B,36.2869,36.2510,2428.064,0.607016,1830,1.657344e-03,1,M_TILE=8;BM=64;WG=4;REG=112;STG=2;TILES=1;SUBS=1;PREPACK=0;PDL=1;EPI=0;SPLITK=0;PR=32;SPW=0;PLA=0;SISM=1
kimi_k3,7168,12288,1,8,1,pdl,ISO,48.2880,47.8720,1824.615,0.456154,1830,1.657344e-03,1,M_TILE=8;BM=64;WG=4;REG=112;STG=2;TILES=1;SUBS=1;PREPACK=0;PDL=1;EPI=0;SPLITK=0;PR=32;SPW=0;PLA=0;SISM=1
kimi_k3,7168,12288,1,8,1,pdl,PDL,33.5957,33.5904,2622.565,0.655641,1830,1.657344e-03,1,M_TILE=8;BM=64;WG=4;REG=112;STG=2;TILES=1;SUBS=1;PREPACK=0;PDL=1;EPI=0;SPLITK=0;PR=32;SPW=0;PLA=0;SISM=1
kimi_k3,7168,12288,2,8,1,pdl,B2B,37.8276,37.8204,2329.879,0.582470,1830,1.644477e-03,1,M_TILE=8;BM=64;WG=4;REG=112;STG=2;TILES=1;SUBS=1;PREPACK=0;PDL=1;EPI=0;SPLITK=0;PR=32;SPW=0;PLA=0;SISM=1
kimi_k3,7168,12288,2,8,1,pdl,ISO,49.4400,49.1200,1782.638,0.445660,1830,1.644477e-03,1,M_TILE=8;BM=64;WG=4;REG=112;STG=2;TILES=1;SUBS=1;PREPACK=0;PDL=1;EPI=0;SPLITK=0;PR=32;SPW=0;PLA=0;SISM=1
kimi_k3,7168,12288,2,8,1,pdl,PDL,34.7748,34.7477,2534.414,0.633604,1830,1.644477e-03,1,M_TILE=8;BM=64;WG=4;REG=112;STG=2;TILES=1;SUBS=1;PREPACK=0;PDL=1;EPI=0;SPLITK=0;PR=32;SPW=0;PLA=0;SISM=1
kimi_k3,7168,12288,4,8,1,pdl,B2B,38.4284,38.4228,2294.833,0.573708,1830,1.656548e-03,1,M_TILE=8;BM=64;WG=4;REG=112;STG=2;TILES=1;SUBS=1;PREPACK=0;PDL=1;EPI=0;SPLITK=0;PR=32;SPW=0;PLA=0;SISM=1
kimi_k3,7168,12288,4,8,1,pdl,ISO,50.3040,49.9200,1753.079,0.438270,1830,1.656548e-03,1,M_TILE=8;BM=64;WG=4;REG=112;STG=2;TILES=1;SUBS=1;PREPACK=0;PDL=1;EPI=0;SPLITK=0;PR=32;SPW=0;PLA=0;SISM=1
kimi_k3,7168,12288,4,8,1,pdl,PDL,35.1858,35.1840,2506.322,0.626580,1830,1.656548e-03,1,M_TILE=8;BM=64;WG=4;REG=112;STG=2;TILES=1;SUBS=1;PREPACK=0;PDL=1;EPI=0;SPLITK=0;PR=32;SPW=0;PLA=0;SISM=1
kimi_k3,7168,12288,8,8,1,pdl,B2B,38.9660,38.9497,2265.906,0.566476,1830,1.664362e-03,1,M_TILE=8;BM=64;WG=4;REG=112;STG=2;TILES=1;SUBS=1;PREPACK=0;PDL=1;EPI=0;SPLITK=0;PR=32;SPW=0;PLA=0;SISM=1
kimi_k3,7168,12288,8,8,1,pdl,ISO,50.7840,50.5280,1738.606,0.434652,1830,1.664362e-03,1,M_TILE=8;BM=64;WG=4;REG=112;STG=2;TILES=1;SUBS=1;PREPACK=0;PDL=1;EPI=0;SPLITK=0;PR=32;SPW=0;PLA=0;SISM=1
kimi_k3,7168,12288,8,8,1,pdl,PDL,35.4578,35.4453,2490.099,0.622525,1830,1.664362e-03,1,M_TILE=8;BM=64;WG=4;REG=112;STG=2;TILES=1;SUBS=1;PREPACK=0;PDL=1;EPI=0;SPLITK=0;PR=32;SPW=0;PLA=0;SISM=1
kimi_k3,7168,12288,16,16,1,pdl,B2B,43.0393,43.0343,2056.409,0.514102,1830,1.668278e-03,1,M_TILE=16;BM=56;WG=2;REG=112;STG=2;TILES=2;SUBS=2;PREPACK=0;PDL=1;EPI=0;SPLITK=0;PR=32;SPW=0;PLA=0;SISM=1
kimi_k3,7168,12288,16,16,1,pdl,ISO,54.3040,53.8560,1629.831,0.407458,1830,1.668278e-03,1,M_TILE=16;BM=56;WG=2;REG=112;STG=2;TILES=2;SUBS=2;PREPACK=0;PDL=1;EPI=0;SPLITK=0;PR=32;SPW=0;PLA=0;SISM=1
kimi_k3,7168,12288,16,16,1,pdl,PDL,40.9657,40.9536,2160.500,0.540125,1830,1.668278e-03,1,M_TILE=16;BM=56;WG=2;REG=112;STG=2;TILES=2;SUBS=2;PREPACK=0;PDL=1;EPI=0;SPLITK=0;PR=32;SPW=0;PLA=0;SISM=1
kimi_k3,7168,12288,32,32,1,pdl,B2B,67.0404,67.0304,1326.550,0.331637,1830,1.666304e-03,1,M_TILE=32;BM=56;WG=2;REG=168;STG=2;TILES=2;SUBS=2;PREPACK=0;PDL=1;EPI=0;SPLITK=0;PR=32;SPW=0;PLA=0;SISM=0
kimi_k3,7168,12288,32,32,1,pdl,ISO,71.8400,71.4240,1237.922,0.309481,1830,1.666304e-03,1,M_TILE=32;BM=56;WG=2;REG=168;STG=2;TILES=2;SUBS=2;PREPACK=0;PDL=1;EPI=0;SPLITK=0;PR=32;SPW=0;PLA=0;SISM=0
kimi_k3,7168,12288,32,32,1,pdl,PDL,64.5753,64.5582,1377.189,0.344297,1830,1.666304e-03,1,M_TILE=32;BM=56;WG=2;REG=168;STG=2;TILES=2;SUBS=2;PREPACK=0;PDL=1;EPI=0;SPLITK=0;PR=32;SPW=0;PLA=0;SISM=0
kimi_k3,7168,12288,64,64,1,pdl,B2B,152.2372,152.2027,589.766,0.147442,1830,1.665388e-03,1,M_TILE=64;BM=56;WG=2;REG=168;STG=2;TILES=2;SUBS=2;PREPACK=0;PDL=1;EPI=0;SPLITK=0;PR=32;SPW=0;PLA=0;SISM=0
kimi_k3,7168,12288,64,64,1,pdl,ISO,155.8720,155.1680,576.013,0.144003,1830,1.665388e-03,1,M_TILE=64;BM=56;WG=2;REG=168;STG=2;TILES=2;SUBS=2;PREPACK=0;PDL=1;EPI=0;SPLITK=0;PR=32;SPW=0;PLA=0;SISM=0
kimi_k3,7168,12288,64,64,1,pdl,PDL,142.6009,142.2130,629.620,0.157405,1830,1.665388e-03,1,M_TILE=64;BM=56;WG=2;REG=168;STG=2;TILES=2;SUBS=2;PREPACK=0;PDL=1;EPI=0;SPLITK=0;PR=32;SPW=0;PLA=0;SISM=0
kimi_k3,7168,12288,128,128,1,pdl,B2B,264.2621,264.2222,346.203,0.086551,1830,1.665457e-03,1,M_TILE=128;BM=56;WG=2;REG=168;STG=2;TILES=2;SUBS=1;PREPACK=0;PDL=1;EPI=0;SPLITK=0;PR=32;SPW=0;PLA=0;SISM=0
kimi_k3,7168,12288,128,128,1,pdl,ISO,270.2400,269.4400,338.544,0.084636,1830,1.665457e-03,1,M_TILE=128;BM=56;WG=2;REG=168;STG=2;TILES=2;SUBS=1;PREPACK=0;PDL=1;EPI=0;SPLITK=0;PR=32;SPW=0;PLA=0;SISM=0
kimi_k3,7168,12288,128,128,1,pdl,PDL,256.0462,255.7312,357.311,0.089328,1830,1.665457e-03,1,M_TILE=128;BM=56;WG=2;REG=168;STG=2;TILES=2;SUBS=1;PREPACK=0;PDL=1;EPI=0;SPLITK=0;PR=32;SPW=0;PLA=0;SISM=0
kimi_k3,7168,12288,1,8,2,blockk,B2B,32.1536,32.0761,2740.191,0.685048,1830,1.657344e-03,1,M_TILE=8;BM=64;WG=4;REG=112;STG=2;TILES=1;SUBS=2;PREPACK=0;PDL=1;EPI=0;SPLITK=0;PR=32;SPW=0;PLA=0;SISM=1
kimi_k3,7168,12288,1,8,2,blockk,ISO,42.4000,42.0800,2077.996,0.519499,1830,1.657344e-03,1,M_TILE=8;BM=64;WG=4;REG=112;STG=2;TILES=1;SUBS=2;PREPACK=0;PDL=1;EPI=0;SPLITK=0;PR=32;SPW=0;PLA=0;SISM=1
kimi_k3,7168,12288,1,8,2,blockk,PDL,29.8478,29.7963,2951.874,0.737968,1830,1.657344e-03,1,M_TILE=8;BM=64;WG=4;REG=112;STG=2;TILES=1;SUBS=2;PREPACK=0;PDL=1;EPI=0;SPLITK=0;PR=32;SPW=0;PLA=0;SISM=1
kimi_k3,7168,12288,2,8,2,blockk,B2B,33.2228,33.2139,2652.809,0.663202,1830,1.644477e-03,1,M_TILE=8;BM=64;WG=4;REG=112;STG=2;TILES=1;SUBS=2;PREPACK=0;PDL=1;EPI=0;SPLITK=0;PR=32;SPW=0;PLA=0;SISM=1
kimi_k3,7168,12288,2,8,2,blockk,ISO,43.4880,43.2320,2026.620,0.506655,1830,1.644477e-03,1,M_TILE=8;BM=64;WG=4;REG=112;STG=2;TILES=1;SUBS=2;PREPACK=0;PDL=1;EPI=0;SPLITK=0;PR=32;SPW=0;PLA=0;SISM=1
kimi_k3,7168,12288,2,8,2,blockk,PDL,29.5104,29.4702,2986.528,0.746632,1830,1.644477e-03,1,M_TILE=8;BM=64;WG=4;REG=112;STG=2;TILES=1;SUBS=2;PREPACK=0;PDL=1;EPI=0;SPLITK=0;PR=32;SPW=0;PLA=0;SISM=1
kimi_k3,7168,12288,4,8,2,blockk,B2B,34.8871,34.8796,2527.778,0.631945,1830,1.656548e-03,1,M_TILE=8;BM=64;WG=4;REG=112;STG=2;TILES=1;SUBS=2;PREPACK=0;PDL=1;EPI=0;SPLITK=0;PR=32;SPW=0;PLA=0;SISM=1
kimi_k3,7168,12288,4,8,2,blockk,ISO,44.7360,44.4160,1971.273,0.492818,1830,1.656548e-03,1,M_TILE=8;BM=64;WG=4;REG=112;STG=2;TILES=1;SUBS=2;PREPACK=0;PDL=1;EPI=0;SPLITK=0;PR=32;SPW=0;PLA=0;SISM=1
kimi_k3,7168,12288,4,8,2,blockk,PDL,30.4633,30.4103,2894.858,0.723714,1830,1.656548e-03,1,M_TILE=8;BM=64;WG=4;REG=112;STG=2;TILES=1;SUBS=2;PREPACK=0;PDL=1;EPI=0;SPLITK=0;PR=32;SPW=0;PLA=0;SISM=1
kimi_k3,7168,12288,8,8,2,blockk,B2B,35.3493,35.3248,2497.738,0.624434,1830,1.664365e-03,1,M_TILE=8;BM=64;WG=4;REG=112;STG=2;TILES=1;SUBS=2;PREPACK=0;PDL=1;EPI=0;SPLITK=0;PR=32;SPW=0;PLA=0;SISM=1
kimi_k3,7168,12288,8,8,2,blockk,ISO,45.5680,45.2800,1937.618,0.484404,1830,1.664365e-03,1,M_TILE=8;BM=64;WG=4;REG=112;STG=2;TILES=1;SUBS=2;PREPACK=0;PDL=1;EPI=0;SPLITK=0;PR=32;SPW=0;PLA=0;SISM=1
kimi_k3,7168,12288,8,8,2,blockk,PDL,30.8996,30.8715,2857.432,0.714358,1830,1.664365e-03,1,M_TILE=8;BM=64;WG=4;REG=112;STG=2;TILES=1;SUBS=2;PREPACK=0;PDL=1;EPI=0;SPLITK=0;PR=32;SPW=0;PLA=0;SISM=1
kimi_k3,7168,12288,16,16,2,blockk,B2B,42.9020,42.8679,2062.987,0.515747,1830,1.668278e-03,1,M_TILE=16;BM=56;WG=2;REG=112;STG=2;TILES=2;SUBS=2;PREPACK=0;PDL=1;EPI=0;SPLITK=0;PR=32;SPW=0;PLA=0;SISM=1
kimi_k3,7168,12288,16,16,2,blockk,ISO,54.3680,53.9520,1627.913,0.406978,1830,1.668278e-03,1,M_TILE=16;BM=56;WG=2;REG=112;STG=2;TILES=2;SUBS=2;PREPACK=0;PDL=1;EPI=0;SPLITK=0;PR=32;SPW=0;PLA=0;SISM=1
kimi_k3,7168,12288,16,16,2,blockk,PDL,40.7762,40.7253,2170.541,0.542635,1830,1.668278e-03,1,M_TILE=16;BM=56;WG=2;REG=112;STG=2;TILES=2;SUBS=2;PREPACK=0;PDL=1;EPI=0;SPLITK=0;PR=32;SPW=0;PLA=0;SISM=1
kimi_k3,7168,12288,32,32,2,blockk,B2B,67.1218,67.1207,1324.940,0.331235,1830,1.666304e-03,1,M_TILE=32;BM=56;WG=2;REG=168;STG=2;TILES=2;SUBS=2;PREPACK=0;PDL=1;EPI=0;SPLITK=0;PR=32;SPW=0;PLA=0;SISM=0
kimi_k3,7168,12288,32,32,2,blockk,ISO,71.9360,71.5840,1236.271,0.309068,1830,1.666304e-03,1,M_TILE=32;BM=56;WG=2;REG=168;STG=2;TILES=2;SUBS=2;PREPACK=0;PDL=1;EPI=0;SPLITK=0;PR=32;SPW=0;PLA=0;SISM=0
kimi_k3,7168,12288,32,32,2,blockk,PDL,64.5934,64.5806,1376.802,0.344201,1830,1.666304e-03,1,M_TILE=32;BM=56;WG=2;REG=168;STG=2;TILES=2;SUBS=2;PREPACK=0;PDL=1;EPI=0;SPLITK=0;PR=32;SPW=0;PLA=0;SISM=0
kimi_k3,7168,12288,64,64,2,blockk,B2B,152.6226,152.5991,588.277,0.147069,1830,1.665388e-03,1,M_TILE=64;BM=56;WG=2;REG=168;STG=2;TILES=2;SUBS=2;PREPACK=0;PDL=1;EPI=0;SPLITK=0;PR=32;SPW=0;PLA=0;SISM=0
kimi_k3,7168,12288,64,64,2,blockk,ISO,156.3200,155.2960,574.362,0.143591,1830,1.665388e-03,1,M_TILE=64;BM=56;WG=2;REG=168;STG=2;TILES=2;SUBS=2;PREPACK=0;PDL=1;EPI=0;SPLITK=0;PR=32;SPW=0;PLA=0;SISM=0
kimi_k3,7168,12288,64,64,2,blockk,PDL,142.4423,142.3826,630.321,0.157580,1830,1.665388e-03,1,M_TILE=64;BM=56;WG=2;REG=168;STG=2;TILES=2;SUBS=2;PREPACK=0;PDL=1;EPI=0;SPLITK=0;PR=32;SPW=0;PLA=0;SISM=0
kimi_k3,7168,12288,128,128,2,blockk,B2B,263.9250,263.6825,346.645,0.086661,1830,1.665457e-03,1,M_TILE=128;BM=56;WG=2;REG=168;STG=2;TILES=2;SUBS=1;PREPACK=0;PDL=1;EPI=0;SPLITK=0;PR=32;SPW=0;PLA=0;SISM=0
kimi_k3,7168,12288,128,128,2,blockk,ISO,270.1120,268.9920,338.705,0.084676,1830,1.665457e-03,1,M_TILE=128;BM=56;WG=2;REG=168;STG=2;TILES=2;SUBS=1;PREPACK=0;PDL=1;EPI=0;SPLITK=0;PR=32;SPW=0;PLA=0;SISM=0
kimi_k3,7168,12288,128,128,2,blockk,PDL,255.2370,254.8509,358.444,0.089611,1830,1.665457e-03,1,M_TILE=128;BM=56;WG=2;REG=168;STG=2;TILES=2;SUBS=1;PREPACK=0;PDL=1;EPI=0;SPLITK=0;PR=32;SPW=0;PLA=0;SISM=0
kimi_k3,7168,12288,1,8,3,prepack,B2B,32.9476,32.9447,2674.159,0.668540,1830,1.657344e-03,1,M_TILE=8;BM=64;WG=4;REG=112;STG=2;TILES=1;SUBS=2;PREPACK=1;PDL=1;EPI=0;SPLITK=0;PR=32;SPW=0;PLA=0;SISM=1
kimi_k3,7168,12288,1,8,3,prepack,ISO,44.6400,44.2560,1973.723,0.493431,1830,1.657344e-03,1,M_TILE=8;BM=64;WG=4;REG=112;STG=2;TILES=1;SUBS=2;PREPACK=1;PDL=1;EPI=0;SPLITK=0;PR=32;SPW=0;PLA=0;SISM=1
kimi_k3,7168,12288,1,8,3,prepack,PDL,30.3918,30.3684,2899.037,0.724759,1830,1.657344e-03,1,M_TILE=8;BM=64;WG=4;REG=112;STG=2;TILES=1;SUBS=2;PREPACK=1;PDL=1;EPI=0;SPLITK=0;PR=32;SPW=0;PLA=0;SISM=1
kimi_k3,7168,12288,2,8,3,prepack,B2B,34.4277,34.4146,2559.960,0.639990,1830,1.644477e-03,1,M_TILE=8;BM=64;WG=4;REG=112;STG=2;TILES=1;SUBS=2;PREPACK=1;PDL=1;EPI=0;SPLITK=0;PR=32;SPW=0;PLA=0;SISM=1
kimi_k3,7168,12288,2,8,3,prepack,ISO,45.5360,45.0880,1935.472,0.483868,1830,1.644477e-03,1,M_TILE=8;BM=64;WG=4;REG=112;STG=2;TILES=1;SUBS=2;PREPACK=1;PDL=1;EPI=0;SPLITK=0;PR=32;SPW=0;PLA=0;SISM=1
kimi_k3,7168,12288,2,8,3,prepack,PDL,30.4914,30.4910,2890.444,0.722611,1830,1.644477e-03,1,M_TILE=8;BM=64;WG=4;REG=112;STG=2;TILES=1;SUBS=2;PREPACK=1;PDL=1;EPI=0;SPLITK=0;PR=32;SPW=0;PLA=0;SISM=1
kimi_k3,7168,12288,4,8,3,prepack,B2B,36.5604,36.5298,2412.090,0.603023,1830,1.656548e-03,1,M_TILE=8;BM=64;WG=4;REG=112;STG=2;TILES=1;SUBS=2;PREPACK=1;PDL=1;EPI=0;SPLITK=0;PR=32;SPW=0;PLA=0;SISM=1
kimi_k3,7168,12288,4,8,3,prepack,ISO,47.2320,46.8160,1867.100,0.466775,1830,1.656548e-03,1,M_TILE=8;BM=64;WG=4;REG=112;STG=2;TILES=1;SUBS=2;PREPACK=1;PDL=1;EPI=0;SPLITK=0;PR=32;SPW=0;PLA=0;SISM=1
kimi_k3,7168,12288,4,8,3,prepack,PDL,31.6007,31.5662,2790.661,0.697665,1830,1.656548e-03,1,M_TILE=8;BM=64;WG=4;REG=112;STG=2;TILES=1;SUBS=2;PREPACK=1;PDL=1;EPI=0;SPLITK=0;PR=32;SPW=0;PLA=0;SISM=1
kimi_k3,7168,12288,8,8,3,prepack,B2B,37.3152,37.2398,2366.150,0.591538,1830,1.664365e-03,1,M_TILE=8;BM=64;WG=4;REG=112;STG=2;TILES=1;SUBS=2;PREPACK=1;PDL=1;EPI=0;SPLITK=0;PR=32;SPW=0;PLA=0;SISM=1
kimi_k3,7168,12288,8,8,3,prepack,ISO,48.0640,47.7120,1836.996,0.459249,1830,1.664365e-03,1,M_TILE=8;BM=64;WG=4;REG=112;STG=2;TILES=1;SUBS=2;PREPACK=1;PDL=1;EPI=0;SPLITK=0;PR=32;SPW=0;PLA=0;SISM=1
kimi_k3,7168,12288,8,8,3,prepack,PDL,32.5568,32.5447,2711.980,0.677995,1830,1.664365e-03,1,M_TILE=8;BM=64;WG=4;REG=112;STG=2;TILES=1;SUBS=2;PREPACK=1;PDL=1;EPI=0;SPLITK=0;PR=32;SPW=0;PLA=0;SISM=1
kimi_k3,7168,12288,16,16,3,prepack,B2B,43.1868,43.1435,2049.383,0.512346,1830,1.668278e-03,1,M_TILE=16;BM=56;WG=2;REG=112;STG=2;TILES=2;SUBS=2;PREPACK=1;PDL=1;EPI=0;SPLITK=0;PR=32;SPW=0;PLA=0;SISM=1
kimi_k3,7168,12288,16,16,3,prepack,ISO,53.8240,53.4080,1644.366,0.411092,1830,1.668278e-03,1,M_TILE=16;BM=56;WG=2;REG=112;STG=2;TILES=2;SUBS=2;PREPACK=1;PDL=1;EPI=0;SPLITK=0;PR=32;SPW=0;PLA=0;SISM=1
kimi_k3,7168,12288,16,16,3,prepack,PDL,41.1570,41.1172,2150.458,0.537615,1830,1.668278e-03,1,M_TILE=16;BM=56;WG=2;REG=112;STG=2;TILES=2;SUBS=2;PREPACK=1;PDL=1;EPI=0;SPLITK=0;PR=32;SPW=0;PLA=0;SISM=1
kimi_k3,7168,12288,32,32,3,prepack,B2B,67.0240,67.0027,1326.873,0.331718,1830,1.666304e-03,1,M_TILE=32;BM=56;WG=2;REG=168;STG=2;TILES=2;SUBS=2;PREPACK=1;PDL=1;EPI=0;SPLITK=0;PR=32;SPW=0;PLA=0;SISM=0
kimi_k3,7168,12288,32,32,3,prepack,ISO,71.6800,71.3600,1240.686,0.310171,1830,1.666304e-03,1,M_TILE=32;BM=56;WG=2;REG=168;STG=2;TILES=2;SUBS=2;PREPACK=1;PDL=1;EPI=0;SPLITK=0;PR=32;SPW=0;PLA=0;SISM=0
kimi_k3,7168,12288,32,32,3,prepack,PDL,64.4786,64.4114,1379.254,0.344814,1830,1.666304e-03,1,M_TILE=32;BM=56;WG=2;REG=168;STG=2;TILES=2;SUBS=2;PREPACK=1;PDL=1;EPI=0;SPLITK=0;PR=32;SPW=0;PLA=0;SISM=0
kimi_k3,7168,12288,64,64,3,prepack,B2B,152.1092,152.0949,590.262,0.147566,1830,1.665388e-03,1,M_TILE=64;BM=56;WG=2;REG=168;STG=2;TILES=2;SUBS=2;PREPACK=1;PDL=1;EPI=0;SPLITK=0;PR=32;SPW=0;PLA=0;SISM=0
kimi_k3,7168,12288,64,64,3,prepack,ISO,156.8320,155.8720,572.487,0.143122,1830,1.665388e-03,1,M_TILE=64;BM=56;WG=2;REG=168;STG=2;TILES=2;SUBS=2;PREPACK=1;PDL=1;EPI=0;SPLITK=0;PR=32;SPW=0;PLA=0;SISM=0
kimi_k3,7168,12288,64,64,3,prepack,PDL,141.8357,141.6082,633.016,0.158254,1830,1.665388e-03,1,M_TILE=64;BM=56;WG=2;REG=168;STG=2;TILES=2;SUBS=2;PREPACK=1;PDL=1;EPI=0;SPLITK=0;PR=32;SPW=0;PLA=0;SISM=0
kimi_k3,7168,12288,128,128,3,prepack,B2B,254.1639,253.9104,359.958,0.089989,1830,1.665457e-03,1,M_TILE=128;BM=56;WG=2;REG=168;STG=2;TILES=2;SUBS=1;PREPACK=1;PDL=1;EPI=0;SPLITK=0;PR=32;SPW=0;PLA=0;SISM=0
kimi_k3,7168,12288,128,128,3,prepack,ISO,258.0800,257.4080,354.496,0.088624,1830,1.665457e-03,1,M_TILE=128;BM=56;WG=2;REG=168;STG=2;TILES=2;SUBS=1;PREPACK=1;PDL=1;EPI=0;SPLITK=0;PR=32;SPW=0;PLA=0;SISM=0
kimi_k3,7168,12288,128,128,3,prepack,PDL,249.3572,248.7964,366.896,0.091724,1830,1.665457e-03,1,M_TILE=128;BM=56;WG=2;REG=168;STG=2;TILES=2;SUBS=1;PREPACK=1;PDL=1;EPI=0;SPLITK=0;PR=32;SPW=0;PLA=0;SISM=0
kimi_k3,7168,12288,1,8,4,tile_stage,B2B,28.9977,28.9678,3038.415,0.759604,1830,1.657344e-03,1,M_TILE=8;BM=56;WG=1;REG=112;STG=4;TILES=1;SUBS=2;PREPACK=1;PDL=1;EPI=0;SPLITK=0;PR=32;SPW=0;PLA=0;SISM=1
kimi_k3,7168,12288,1,8,4,tile_stage,ISO,40.1920,39.7440,2192.153,0.548038,1830,1.657344e-03,1,M_TILE=8;BM=56;WG=1;REG=112;STG=4;TILES=1;SUBS=2;PREPACK=1;PDL=1;EPI=0;SPLITK=0;PR=32;SPW=0;PLA=0;SISM=1
kimi_k3,7168,12288,1,8,4,tile_stage,PDL,26.0882,26.0562,3377.277,0.844319,1830,1.657344e-03,1,M_TILE=8;BM=56;WG=1;REG=112;STG=4;TILES=1;SUBS=2;PREPACK=1;PDL=1;EPI=0;SPLITK=0;PR=32;SPW=0;PLA=0;SISM=1
kimi_k3,7168,12288,2,8,4,tile_stage,B2B,29.1381,29.0990,3024.684,0.756171,1830,1.644477e-03,1,M_TILE=8;BM=56;WG=1;REG=112;STG=4;TILES=1;SUBS=2;PREPACK=1;PDL=1;EPI=0;SPLITK=0;PR=32;SPW=0;PLA=0;SISM=1
kimi_k3,7168,12288,2,8,4,tile_stage,ISO,40.4160,39.7760,2180.662,0.545165,1830,1.644477e-03,1,M_TILE=8;BM=56;WG=1;REG=112;STG=4;TILES=1;SUBS=2;PREPACK=1;PDL=1;EPI=0;SPLITK=0;PR=32;SPW=0;PLA=0;SISM=1
kimi_k3,7168,12288,2,8,4,tile_stage,PDL,26.1707,26.0839,3367.649,0.841912,1830,1.644477e-03,1,M_TILE=8;BM=56;WG=1;REG=112;STG=4;TILES=1;SUBS=2;PREPACK=1;PDL=1;EPI=0;SPLITK=0;PR=32;SPW=0;PLA=0;SISM=1
kimi_k3,7168,12288,4,8,4,tile_stage,B2B,29.4983,29.4756,2989.557,0.747389,1830,1.656548e-03,1,M_TILE=8;BM=56;WG=1;REG=112;STG=4;TILES=1;SUBS=2;PREPACK=1;PDL=1;EPI=0;SPLITK=0;PR=32;SPW=0;PLA=0;SISM=1
kimi_k3,7168,12288,4,8,4,tile_stage,ISO,40.8320,40.3200,2159.749,0.539937,1830,1.656548e-03,1,M_TILE=8;BM=56;WG=1;REG=112;STG=4;TILES=1;SUBS=2;PREPACK=1;PDL=1;EPI=0;SPLITK=0;PR=32;SPW=0;PLA=0;SISM=1
kimi_k3,7168,12288,4,8,4,tile_stage,PDL,26.4011,26.3794,3340.277,0.835069,1830,1.656548e-03,1,M_TILE=8;BM=56;WG=1;REG=112;STG=4;TILES=1;SUBS=2;PREPACK=1;PDL=1;EPI=0;SPLITK=0;PR=32;SPW=0;PLA=0;SISM=1
kimi_k3,7168,12288,8,8,4,tile_stage,B2B,30.0196,30.0092,2941.195,0.735299,1830,1.664362e-03,1,M_TILE=8;BM=56;WG=1;REG=112;STG=4;TILES=1;SUBS=2;PREPACK=1;PDL=1;EPI=0;SPLITK=0;PR=32;SPW=0;PLA=0;SISM=1
kimi_k3,7168,12288,8,8,4,tile_stage,ISO,41.3440,40.9280,2135.579,0.533895,1830,1.664362e-03,1,M_TILE=8;BM=56;WG=1;REG=112;STG=4;TILES=1;SUBS=2;PREPACK=1;PDL=1;EPI=0;SPLITK=0;PR=32;SPW=0;PLA=0;SISM=1
kimi_k3,7168,12288,8,8,4,tile_stage,PDL,26.4260,26.3573,3341.161,0.835290,1830,1.664362e-03,1,M_TILE=8;BM=56;WG=1;REG=112;STG=4;TILES=1;SUBS=2;PREPACK=1;PDL=1;EPI=0;SPLITK=0;PR=32;SPW=0;PLA=0;SISM=1
kimi_k3,7168,12288,16,16,4,tile_stage,B2B,41.8692,41.8272,2113.880,0.528470,1830,1.668278e-03,1,M_TILE=16;BM=56;WG=1;REG=80;STG=4;TILES=1;SUBS=2;PREPACK=1;PDL=1;EPI=0;SPLITK=0;PR=32;SPW=0;PLA=0;SISM=1
kimi_k3,7168,12288,16,16,4,tile_stage,ISO,47.4240,47.2000,1866.278,0.466570,1830,1.668278e-03,1,M_TILE=16;BM=56;WG=1;REG=80;STG=4;TILES=1;SUBS=2;PREPACK=1;PDL=1;EPI=0;SPLITK=0;PR=32;SPW=0;PLA=0;SISM=1
kimi_k3,7168,12288,16,16,4,tile_stage,PDL,37.8500,37.8094,2338.348,0.584587,1830,1.668278e-03,1,M_TILE=16;BM=56;WG=1;REG=80;STG=4;TILES=1;SUBS=2;PREPACK=1;PDL=1;EPI=0;SPLITK=0;PR=32;SPW=0;PLA=0;SISM=1
kimi_k3,7168,12288,32,32,4,tile_stage,B2B,58.4231,58.3829,1522.212,0.380553,1830,1.666304e-03,1,M_TILE=32;BM=64;WG=1;REG=112;STG=4;TILES=1;SUBS=2;PREPACK=1;PDL=1;EPI=0;SPLITK=0;PR=32;SPW=0;PLA=0;SISM=0
kimi_k3,7168,12288,32,32,4,tile_stage,ISO,64.4480,64.0000,1379.909,0.344977,1830,1.666304e-03,1,M_TILE=32;BM=64;WG=1;REG=112;STG=4;TILES=1;SUBS=2;PREPACK=1;PDL=1;EPI=0;SPLITK=0;PR=32;SPW=0;PLA=0;SISM=0
kimi_k3,7168,12288,32,32,4,tile_stage,PDL,51.8894,51.8489,1713.882,0.428471,1830,1.666304e-03,1,M_TILE=32;BM=64;WG=1;REG=112;STG=4;TILES=1;SUBS=2;PREPACK=1;PDL=1;EPI=0;SPLITK=0;PR=32;SPW=0;PLA=0;SISM=0
kimi_k3,7168,12288,64,64,4,tile_stage,B2B,149.5932,149.5762,600.190,0.150047,1830,1.665388e-03,1,M_TILE=64;BM=64;WG=2;REG=168;STG=3;TILES=2;SUBS=2;PREPACK=1;PDL=1;EPI=0;SPLITK=0;PR=32;SPW=0;PLA=0;SISM=0
kimi_k3,7168,12288,64,64,4,tile_stage,ISO,161.0560,160.4480,557.473,0.139368,1830,1.665388e-03,1,M_TILE=64;BM=64;WG=2;REG=168;STG=3;TILES=2;SUBS=2;PREPACK=1;PDL=1;EPI=0;SPLITK=0;PR=32;SPW=0;PLA=0;SISM=0
kimi_k3,7168,12288,64,64,4,tile_stage,PDL,141.5783,141.4780,634.167,0.158542,1830,1.665388e-03,1,M_TILE=64;BM=64;WG=2;REG=168;STG=3;TILES=2;SUBS=2;PREPACK=1;PDL=1;EPI=0;SPLITK=0;PR=32;SPW=0;PLA=0;SISM=0
kimi_k3,7168,12288,128,128,4,tile_stage,B2B,330.0231,329.8233,277.218,0.069304,1830,1.665457e-03,1,M_TILE=128;BM=64;WG=1;REG=232;STG=2;TILES=1;SUBS=1;PREPACK=1;PDL=1;EPI=0;SPLITK=0;PR=32;SPW=0;PLA=0;SISM=0
kimi_k3,7168,12288,128,128,4,tile_stage,ISO,334.4320,333.8880,273.563,0.068391,1830,1.665457e-03,1,M_TILE=128;BM=64;WG=1;REG=232;STG=2;TILES=1;SUBS=1;PREPACK=1;PDL=1;EPI=0;SPLITK=0;PR=32;SPW=0;PLA=0;SISM=0
kimi_k3,7168,12288,128,128,4,tile_stage,PDL,311.2110,309.4546,293.975,0.073494,1830,1.665457e-03,1,M_TILE=128;BM=64;WG=1;REG=232;STG=2;TILES=1;SUBS=1;PREPACK=1;PDL=1;EPI=0;SPLITK=0;PR=32;SPW=0;PLA=0;SISM=0
kimi_k3,7168,12288,1,8,5,splitk,B2B,29.1420,29.0994,3023.364,0.755841,1830,1.657344e-03,1,M_TILE=8;BM=56;WG=1;REG=112;STG=4;TILES=1;SUBS=2;PREPACK=1;PDL=1;EPI=1;SPLITK=0;SK=1;PR=32;SPW=0;PLA=0;SISM=1
kimi_k3,7168,12288,1,8,5,splitk,ISO,40.0640,39.7120,2199.157,0.549789,1830,1.657344e-03,1,M_TILE=8;BM=56;WG=1;REG=112;STG=4;TILES=1;SUBS=2;PREPACK=1;PDL=1;EPI=1;SPLITK=0;SK=1;PR=32;SPW=0;PLA=0;SISM=1
kimi_k3,7168,12288,1,8,5,splitk,PDL,26.1010,26.1003,3375.621,0.843905,1830,1.657344e-03,1,M_TILE=8;BM=56;WG=1;REG=112;STG=4;TILES=1;SUBS=2;PREPACK=1;PDL=1;EPI=1;SPLITK=0;SK=1;PR=32;SPW=0;PLA=0;SISM=1
kimi_k3,7168,12288,2,8,5,splitk,B2B,29.1591,29.1339,3022.507,0.755627,1830,1.644477e-03,1,M_TILE=8;BM=56;WG=1;REG=112;STG=4;TILES=1;SUBS=2;PREPACK=1;PDL=1;EPI=1;SPLITK=0;SK=1;PR=32;SPW=0;PLA=0;SISM=1
kimi_k3,7168,12288,2,8,5,splitk,ISO,40.1920,39.9040,2192.815,0.548204,1830,1.644477e-03,1,M_TILE=8;BM=56;WG=1;REG=112;STG=4;TILES=1;SUBS=2;PREPACK=1;PDL=1;EPI=1;SPLITK=0;SK=1;PR=32;SPW=0;PLA=0;SISM=1
kimi_k3,7168,12288,2,8,5,splitk,PDL,26.1586,26.0974,3369.206,0.842301,1830,1.644477e-03,1,M_TILE=8;BM=56;WG=1;REG=112;STG=4;TILES=1;SUBS=2;PREPACK=1;PDL=1;EPI=1;SPLITK=0;SK=1;PR=32;SPW=0;PLA=0;SISM=1
kimi_k3,7168,12288,4,8,5,splitk,B2B,29.4652,29.4503,2992.912,0.748228,1830,1.656548e-03,1,M_TILE=8;BM=56;WG=1;REG=112;STG=4;TILES=1;SUBS=2;PREPACK=1;PDL=1;EPI=1;SPLITK=0;SK=1;PR=32;SPW=0;PLA=0;SISM=1
kimi_k3,7168,12288,4,8,5,splitk,ISO,40.5440,40.2240,2175.091,0.543773,1830,1.656548e-03,1,M_TILE=8;BM=56;WG=1;REG=112;STG=4;TILES=1;SUBS=2;PREPACK=1;PDL=1;EPI=1;SPLITK=0;SK=1;PR=32;SPW=0;PLA=0;SISM=1
kimi_k3,7168,12288,4,8,5,splitk,PDL,26.2663,26.2500,3357.414,0.839354,1830,1.656548e-03,1,M_TILE=8;BM=56;WG=1;REG=112;STG=4;TILES=1;SUBS=2;PREPACK=1;PDL=1;EPI=1;SPLITK=0;SK=1;PR=32;SPW=0;PLA=0;SISM=1
kimi_k3,7168,12288,8,8,5,splitk,B2B,30.1312,29.9847,2930.297,0.732574,1830,1.664362e-03,1,M_TILE=8;BM=56;WG=1;REG=112;STG=4;TILES=1;SUBS=2;PREPACK=1;PDL=1;EPI=1;SPLITK=0;SK=1;PR=32;SPW=0;PLA=0;SISM=1
kimi_k3,7168,12288,8,8,5,splitk,ISO,41.0240,40.7680,2152.237,0.538059,1830,1.664362e-03,1,M_TILE=8;BM=56;WG=1;REG=112;STG=4;TILES=1;SUBS=2;PREPACK=1;PDL=1;EPI=1;SPLITK=0;SK=1;PR=32;SPW=0;PLA=0;SISM=1
kimi_k3,7168,12288,8,8,5,splitk,PDL,26.4452,26.4395,3338.735,0.834684,1830,1.664362e-03,1,M_TILE=8;BM=56;WG=1;REG=112;STG=4;TILES=1;SUBS=2;PREPACK=1;PDL=1;EPI=1;SPLITK=0;SK=1;PR=32;SPW=0;PLA=0;SISM=1
kimi_k3,7168,12288,16,16,5,splitk,B2B,42.0885,42.0764,2102.862,0.525715,1830,1.668278e-03,1,M_TILE=16;BM=56;WG=1;REG=80;STG=4;TILES=1;SUBS=2;PREPACK=1;PDL=1;EPI=1;SPLITK=0;SK=1;PR=32;SPW=0;PLA=0;SISM=1
kimi_k3,7168,12288,16,16,5,splitk,ISO,46.9440,46.5600,1885.361,0.471340,1830,1.668278e-03,1,M_TILE=16;BM=56;WG=1;REG=80;STG=4;TILES=1;SUBS=2;PREPACK=1;PDL=1;EPI=1;SPLITK=0;SK=1;PR=32;SPW=0;PLA=0;SISM=1
kimi_k3,7168,12288,16,16,5,splitk,PDL,37.8258,37.8151,2339.843,0.584961,1830,1.668278e-03,1,M_TILE=16;BM=56;WG=1;REG=80;STG=4;TILES=1;SUBS=2;PREPACK=1;PDL=1;EPI=1;SPLITK=0;SK=1;PR=32;SPW=0;PLA=0;SISM=1
kimi_k3,7168,12288,32,32,5,splitk,B2B,58.3524,58.3420,1524.058,0.381014,1830,1.666304e-03,1,M_TILE=32;BM=64;WG=1;REG=112;STG=4;TILES=1;SUBS=2;PREPACK=1;PDL=1;EPI=1;SPLITK=0;SK=1;PR=32;SPW=0;PLA=0;SISM=0
kimi_k3,7168,12288,32,32,5,splitk,ISO,64.2880,63.9040,1383.343,0.345836,1830,1.666304e-03,1,M_TILE=32;BM=64;WG=1;REG=112;STG=4;TILES=1;SUBS=2;PREPACK=1;PDL=1;EPI=1;SPLITK=0;SK=1;PR=32;SPW=0;PLA=0;SISM=0
kimi_k3,7168,12288,32,32,5,splitk,PDL,51.8460,51.8180,1715.316,0.428829,1830,1.666304e-03,1,M_TILE=32;BM=64;WG=1;REG=112;STG=4;TILES=1;SUBS=2;PREPACK=1;PDL=1;EPI=1;SPLITK=0;SK=1;PR=32;SPW=0;PLA=0;SISM=0
kimi_k3,7168,12288,64,64,5,splitk,B2B,147.7102,147.4738,607.841,0.151960,1830,1.665388e-03,1,M_TILE=64;BM=64;WG=2;REG=168;STG=3;TILES=2;SUBS=2;PREPACK=1;PDL=1;EPI=1;SPLITK=0;SK=1;PR=32;SPW=0;PLA=0;SISM=0
kimi_k3,7168,12288,64,64,5,splitk,ISO,159.8400,159.2320,561.714,0.140428,1830,1.665388e-03,1,M_TILE=64;BM=64;WG=2;REG=168;STG=3;TILES=2;SUBS=2;PREPACK=1;PDL=1;EPI=1;SPLITK=0;SK=1;PR=32;SPW=0;PLA=0;SISM=0
kimi_k3,7168,12288,64,64,5,splitk,PDL,140.5639,140.4238,638.744,0.159686,1830,1.665388e-03,1,M_TILE=64;BM=64;WG=2;REG=168;STG=3;TILES=2;SUBS=2;PREPACK=1;PDL=1;EPI=1;SPLITK=0;SK=1;PR=32;SPW=0;PLA=0;SISM=0
kimi_k3,7168,12288,128,128,5,splitk,B2B,329.8464,329.4009,277.366,0.069342,1830,1.665457e-03,1,M_TILE=128;BM=64;WG=1;REG=232;STG=2;TILES=1;SUBS=1;PREPACK=1;PDL=1;EPI=1;SPLITK=0;PR=32;SPW=0;PLA=0;SISM=0
kimi_k3,7168,12288,128,128,5,splitk,ISO,334.4320,333.8880,273.563,0.068391,1830,1.665457e-03,1,M_TILE=128;BM=64;WG=1;REG=232;STG=2;TILES=1;SUBS=1;PREPACK=1;PDL=1;EPI=1;SPLITK=0;PR=32;SPW=0;PLA=0;SISM=0
kimi_k3,7168,12288,128,128,5,splitk,PDL,309.9577,308.9127,295.164,0.073791,1830,1.665457e-03,1,M_TILE=128;BM=64;WG=1;REG=232;STG=2;TILES=1;SUBS=1;PREPACK=1;PDL=1;EPI=1;SPLITK=0;PR=32;SPW=0;PLA=0;SISM=0
minimax_m3,6144,8192,1,8,0,baseline,B2B,25.0638,25.0176,2008.956,0.502239,1830,1.658379e-03,1,M_TILE=8;BM=64;WG=4;REG=112;STG=2;TILES=1;SUBS=1;PREPACK=0;PDL=0;EPI=0;SPLITK=0;PR=32;SPW=0;PLA=0;SISM=1
minimax_m3,6144,8192,1,8,0,baseline,ISO,34.5600,34.2720,1456.948,0.364237,1830,1.658379e-03,1,M_TILE=8;BM=64;WG=4;REG=112;STG=2;TILES=1;SUBS=1;PREPACK=0;PDL=0;EPI=0;SPLITK=0;PR=32;SPW=0;PLA=0;SISM=1
minimax_m3,6144,8192,1,8,0,baseline,PDL,23.2828,23.2462,2162.628,0.540657,1830,1.658379e-03,1,M_TILE=8;BM=64;WG=4;REG=112;STG=2;TILES=1;SUBS=1;PREPACK=0;PDL=0;EPI=0;SPLITK=0;PR=32;SPW=0;PLA=0;SISM=1
minimax_m3,6144,8192,2,8,0,baseline,B2B,26.4132,26.4014,1907.103,0.476776,1830,1.647788e-03,1,M_TILE=8;BM=64;WG=4;REG=112;STG=2;TILES=1;SUBS=1;PREPACK=0;PDL=0;EPI=0;SPLITK=0;PR=32;SPW=0;PLA=0;SISM=1
minimax_m3,6144,8192,2,8,0,baseline,ISO,35.6480,35.3280,1413.056,0.353264,1830,1.647788e-03,1,M_TILE=8;BM=64;WG=4;REG=112;STG=2;TILES=1;SUBS=1;PREPACK=0;PDL=0;EPI=0;SPLITK=0;PR=32;SPW=0;PLA=0;SISM=1
minimax_m3,6144,8192,2,8,0,baseline,PDL,24.7058,24.6532,2038.900,0.509725,1830,1.647788e-03,1,M_TILE=8;BM=64;WG=4;REG=112;STG=2;TILES=1;SUBS=1;PREPACK=0;PDL=0;EPI=0;SPLITK=0;PR=32;SPW=0;PLA=0;SISM=1
minimax_m3,6144,8192,4,8,0,baseline,B2B,26.7029,26.6955,1887.941,0.471985,1830,1.653507e-03,1,M_TILE=8;BM=64;WG=4;REG=112;STG=2;TILES=1;SUBS=1;PREPACK=0;PDL=0;EPI=0;SPLITK=0;PR=32;SPW=0;PLA=0;SISM=1
minimax_m3,6144,8192,4,8,0,baseline,ISO,35.9040,35.3600,1404.121,0.351030,1830,1.653507e-03,1,M_TILE=8;BM=64;WG=4;REG=112;STG=2;TILES=1;SUBS=1;PREPACK=0;PDL=0;EPI=0;SPLITK=0;PR=32;SPW=0;PLA=0;SISM=1
minimax_m3,6144,8192,4,8,0,baseline,PDL,24.9483,24.9205,2020.724,0.505181,1830,1.653507e-03,1,M_TILE=8;BM=64;WG=4;REG=112;STG=2;TILES=1;SUBS=1;PREPACK=0;PDL=0;EPI=0;SPLITK=0;PR=32;SPW=0;PLA=0;SISM=1
minimax_m3,6144,8192,8,8,0,baseline,B2B,27.3500,27.3305,1846.267,0.461567,1830,1.652444e-03,1,M_TILE=8;BM=64;WG=4;REG=112;STG=2;TILES=1;SUBS=1;PREPACK=0;PDL=0;EPI=0;SPLITK=0;PR=32;SPW=0;PLA=0;SISM=1
minimax_m3,6144,8192,8,8,0,baseline,ISO,36.8320,36.0960,1370.968,0.342742,1830,1.652444e-03,1,M_TILE=8;BM=64;WG=4;REG=112;STG=2;TILES=1;SUBS=1;PREPACK=0;PDL=0;EPI=0;SPLITK=0;PR=32;SPW=0;PLA=0;SISM=1
minimax_m3,6144,8192,8,8,0,baseline,PDL,25.5520,25.5278,1976.185,0.494046,1830,1.652444e-03,1,M_TILE=8;BM=64;WG=4;REG=112;STG=2;TILES=1;SUBS=1;PREPACK=0;PDL=0;EPI=0;SPLITK=0;PR=32;SPW=0;PLA=0;SISM=1
minimax_m3,6144,8192,16,16,0,baseline,B2B,29.6604,29.6060,1707.976,0.426994,1830,1.653027e-03,1,M_TILE=16;BM=48;WG=2;REG=112;STG=2;TILES=2;SUBS=2;PREPACK=0;PDL=0;EPI=0;SPLITK=0;PR=32;SPW=0;PLA=0;SISM=1
minimax_m3,6144,8192,16,16,0,baseline,ISO,39.2320,38.7840,1291.276,0.322819,1830,1.653027e-03,1,M_TILE=16;BM=48;WG=2;REG=112;STG=2;TILES=2;SUBS=2;PREPACK=0;PDL=0;EPI=0;SPLITK=0;PR=32;SPW=0;PLA=0;SISM=1
minimax_m3,6144,8192,16,16,0,baseline,PDL,27.8695,27.8681,1817.733,0.454433,1830,1.653027e-03,1,M_TILE=16;BM=48;WG=2;REG=112;STG=2;TILES=2;SUBS=2;PREPACK=0;PDL=0;EPI=0;SPLITK=0;PR=32;SPW=0;PLA=0;SISM=1
minimax_m3,6144,8192,32,32,0,baseline,B2B,46.2485,46.2343,1102.457,0.275614,1830,1.657955e-03,1,M_TILE=32;BM=48;WG=2;REG=168;STG=2;TILES=2;SUBS=2;PREPACK=0;PDL=0;EPI=0;SPLITK=0;PR=32;SPW=0;PLA=0;SISM=0
minimax_m3,6144,8192,32,32,0,baseline,ISO,51.6800,51.2320,986.591,0.246648,1830,1.657955e-03,1,M_TILE=32;BM=48;WG=2;REG=168;STG=2;TILES=2;SUBS=2;PREPACK=0;PDL=0;EPI=0;SPLITK=0;PR=32;SPW=0;PLA=0;SISM=0
minimax_m3,6144,8192,32,32,0,baseline,PDL,44.6105,44.5621,1142.938,0.285734,1830,1.657955e-03,1,M_TILE=32;BM=48;WG=2;REG=168;STG=2;TILES=2;SUBS=2;PREPACK=0;PDL=0;EPI=0;SPLITK=0;PR=32;SPW=0;PLA=0;SISM=0
minimax_m3,6144,8192,64,64,0,baseline,B2B,100.8487,100.8153,512.078,0.128019,1830,1.660140e-03,1,M_TILE=64;BM=48;WG=2;REG=168;STG=2;TILES=2;SUBS=2;PREPACK=0;PDL=0;EPI=0;SPLITK=0;PR=32;SPW=0;PLA=0;SISM=0
minimax_m3,6144,8192,64,64,0,baseline,ISO,109.0880,108.7360,473.401,0.118350,1830,1.660140e-03,1,M_TILE=64;BM=48;WG=2;REG=168;STG=2;TILES=2;SUBS=2;PREPACK=0;PDL=0;EPI=0;SPLITK=0;PR=32;SPW=0;PLA=0;SISM=0
minimax_m3,6144,8192,64,64,0,baseline,PDL,99.1207,99.1008,521.005,0.130251,1830,1.660140e-03,1,M_TILE=64;BM=48;WG=2;REG=168;STG=2;TILES=2;SUBS=2;PREPACK=0;PDL=0;EPI=0;SPLITK=0;PR=32;SPW=0;PLA=0;SISM=0
minimax_m3,6144,8192,128,128,0,baseline,B2B,177.7077,177.5844,297.979,0.074495,1830,1.662079e-03,1,M_TILE=128;BM=48;WG=2;REG=168;STG=2;TILES=2;SUBS=1;PREPACK=0;PDL=0;EPI=0;SPLITK=0;PR=32;SPW=0;PLA=0;SISM=0
minimax_m3,6144,8192,128,128,0,baseline,ISO,185.6000,185.0880,285.308,0.071327,1830,1.662079e-03,1,M_TILE=128;BM=48;WG=2;REG=168;STG=2;TILES=2;SUBS=1;PREPACK=0;PDL=0;EPI=0;SPLITK=0;PR=32;SPW=0;PLA=0;SISM=0
minimax_m3,6144,8192,128,128,0,baseline,PDL,175.9943,175.8283,300.880,0.075220,1830,1.662079e-03,1,M_TILE=128;BM=48;WG=2;REG=168;STG=2;TILES=2;SUBS=1;PREPACK=0;PDL=0;EPI=0;SPLITK=0;PR=32;SPW=0;PLA=0;SISM=0
minimax_m3,6144,8192,1,8,1,pdl,B2B,25.2156,25.1883,1996.861,0.499215,1830,1.658379e-03,1,M_TILE=8;BM=64;WG=4;REG=112;STG=2;TILES=1;SUBS=1;PREPACK=0;PDL=1;EPI=0;SPLITK=0;PR=32;SPW=0;PLA=0;SISM=1
minimax_m3,6144,8192,1,8,1,pdl,ISO,35.0080,34.6880,1438.304,0.359576,1830,1.658379e-03,1,M_TILE=8;BM=64;WG=4;REG=112;STG=2;TILES=1;SUBS=1;PREPACK=0;PDL=1;EPI=0;SPLITK=0;PR=32;SPW=0;PLA=0;SISM=1
minimax_m3,6144,8192,1,8,1,pdl,PDL,22.4732,22.4398,2240.537,0.560134,1830,1.658379e-03,1,M_TILE=8;BM=64;WG=4;REG=112;STG=2;TILES=1;SUBS=1;PREPACK=0;PDL=1;EPI=0;SPLITK=0;PR=32;SPW=0;PLA=0;SISM=1
minimax_m3,6144,8192,2,8,1,pdl,B2B,26.5860,26.5490,1894.707,0.473677,1830,1.647788e-03,1,M_TILE=8;BM=64;WG=4;REG=112;STG=2;TILES=1;SUBS=1;PREPACK=0;PDL=1;EPI=0;SPLITK=0;PR=32;SPW=0;PLA=0;SISM=1
minimax_m3,6144,8192,2,8,1,pdl,ISO,35.8720,35.4240,1404.232,0.351058,1830,1.647788e-03,1,M_TILE=8;BM=64;WG=4;REG=112;STG=2;TILES=1;SUBS=1;PREPACK=0;PDL=1;EPI=0;SPLITK=0;PR=32;SPW=0;PLA=0;SISM=1
minimax_m3,6144,8192,2,8,1,pdl,PDL,23.1836,23.1829,2172.765,0.543191,1830,1.647788e-03,1,M_TILE=8;BM=64;WG=4;REG=112;STG=2;TILES=1;SUBS=1;PREPACK=0;PDL=1;EPI=0;SPLITK=0;PR=32;SPW=0;PLA=0;SISM=1
minimax_m3,6144,8192,4,8,1,pdl,B2B,26.8843,26.8228,1875.207,0.468802,1830,1.653507e-03,1,M_TILE=8;BM=64;WG=4;REG=112;STG=2;TILES=1;SUBS=1;PREPACK=0;PDL=1;EPI=0;SPLITK=0;PR=32;SPW=0;PLA=0;SISM=1
minimax_m3,6144,8192,4,8,1,pdl,ISO,36.1920,35.6480,1392.948,0.348237,1830,1.653507e-03,1,M_TILE=8;BM=64;WG=4;REG=112;STG=2;TILES=1;SUBS=1;PREPACK=0;PDL=1;EPI=0;SPLITK=0;PR=32;SPW=0;PLA=0;SISM=1
minimax_m3,6144,8192,4,8,1,pdl,PDL,23.3337,23.3319,2160.548,0.540137,1830,1.653507e-03,1,M_TILE=8;BM=64;WG=4;REG=112;STG=2;TILES=1;SUBS=1;PREPACK=0;PDL=1;EPI=0;SPLITK=0;PR=32;SPW=0;PLA=0;SISM=1
minimax_m3,6144,8192,8,8,1,pdl,B2B,27.5335,27.5164,1833.965,0.458491,1830,1.652444e-03,1,M_TILE=8;BM=64;WG=4;REG=112;STG=2;TILES=1;SUBS=1;PREPACK=0;PDL=1;EPI=0;SPLITK=0;PR=32;SPW=0;PLA=0;SISM=1
minimax_m3,6144,8192,8,8,1,pdl,ISO,37.1200,36.4160,1360.331,0.340083,1830,1.652444e-03,1,M_TILE=8;BM=64;WG=4;REG=112;STG=2;TILES=1;SUBS=1;PREPACK=0;PDL=1;EPI=0;SPLITK=0;PR=32;SPW=0;PLA=0;SISM=1
minimax_m3,6144,8192,8,8,1,pdl,PDL,23.7771,23.7490,2123.706,0.530926,1830,1.652444e-03,1,M_TILE=8;BM=64;WG=4;REG=112;STG=2;TILES=1;SUBS=1;PREPACK=0;PDL=1;EPI=0;SPLITK=0;PR=32;SPW=0;PLA=0;SISM=1
minimax_m3,6144,8192,16,16,1,pdl,B2B,29.7049,29.6523,1705.421,0.426355,1830,1.653027e-03,1,M_TILE=16;BM=48;WG=2;REG=112;STG=2;TILES=2;SUBS=2;PREPACK=0;PDL=1;EPI=0;SPLITK=0;PR=32;SPW=0;PLA=0;SISM=1
minimax_m3,6144,8192,16,16,1,pdl,ISO,39.2640,38.9120,1290.223,0.322556,1830,1.653027e-03,1,M_TILE=16;BM=48;WG=2;REG=112;STG=2;TILES=2;SUBS=2;PREPACK=0;PDL=1;EPI=0;SPLITK=0;PR=32;SPW=0;PLA=0;SISM=1
minimax_m3,6144,8192,16,16,1,pdl,PDL,27.3899,27.3881,1849.565,0.462391,1830,1.653027e-03,1,M_TILE=16;BM=48;WG=2;REG=112;STG=2;TILES=2;SUBS=2;PREPACK=0;PDL=1;EPI=0;SPLITK=0;PR=32;SPW=0;PLA=0;SISM=1
minimax_m3,6144,8192,32,32,1,pdl,B2B,46.2884,46.1799,1101.508,0.275377,1830,1.657955e-03,1,M_TILE=32;BM=48;WG=2;REG=168;STG=2;TILES=2;SUBS=2;PREPACK=0;PDL=1;EPI=0;SPLITK=0;PR=32;SPW=0;PLA=0;SISM=0
minimax_m3,6144,8192,32,32,1,pdl,ISO,51.9360,51.5840,981.728,0.245432,1830,1.657955e-03,1,M_TILE=32;BM=48;WG=2;REG=168;STG=2;TILES=2;SUBS=2;PREPACK=0;PDL=1;EPI=0;SPLITK=0;PR=32;SPW=0;PLA=0;SISM=0
minimax_m3,6144,8192,32,32,1,pdl,PDL,43.1157,42.9611,1182.562,0.295640,1830,1.657955e-03,1,M_TILE=32;BM=48;WG=2;REG=168;STG=2;TILES=2;SUBS=2;PREPACK=0;PDL=1;EPI=0;SPLITK=0;PR=32;SPW=0;PLA=0;SISM=0
minimax_m3,6144,8192,64,64,1,pdl,B2B,101.1648,101.1598,510.478,0.127619,1830,1.660140e-03,1,M_TILE=64;BM=48;WG=2;REG=168;STG=2;TILES=2;SUBS=2;PREPACK=0;PDL=1;EPI=0;SPLITK=0;PR=32;SPW=0;PLA=0;SISM=0
minimax_m3,6144,8192,64,64,1,pdl,ISO,109.2800,108.8320,472.569,0.118142,1830,1.660140e-03,1,M_TILE=64;BM=48;WG=2;REG=168;STG=2;TILES=2;SUBS=2;PREPACK=0;PDL=1;EPI=0;SPLITK=0;PR=32;SPW=0;PLA=0;SISM=0
minimax_m3,6144,8192,64,64,1,pdl,PDL,94.3260,94.2716,547.488,0.136872,1830,1.660140e-03,1,M_TILE=64;BM=48;WG=2;REG=168;STG=2;TILES=2;SUBS=2;PREPACK=0;PDL=1;EPI=0;SPLITK=0;PR=32;SPW=0;PLA=0;SISM=0
minimax_m3,6144,8192,128,128,1,pdl,B2B,176.8789,176.7097,299.375,0.074844,1830,1.662079e-03,1,M_TILE=128;BM=48;WG=2;REG=168;STG=2;TILES=2;SUBS=1;PREPACK=0;PDL=1;EPI=0;SPLITK=0;PR=32;SPW=0;PLA=0;SISM=0
minimax_m3,6144,8192,128,128,1,pdl,ISO,184.4800,183.8720,287.040,0.071760,1830,1.662079e-03,1,M_TILE=128;BM=48;WG=2;REG=168;STG=2;TILES=2;SUBS=1;PREPACK=0;PDL=1;EPI=0;SPLITK=0;PR=32;SPW=0;PLA=0;SISM=0
minimax_m3,6144,8192,128,128,1,pdl,PDL,168.5316,168.0281,314.203,0.078551,1830,1.662079e-03,1,M_TILE=128;BM=48;WG=2;REG=168;STG=2;TILES=2;SUBS=1;PREPACK=0;PDL=1;EPI=0;SPLITK=0;PR=32;SPW=0;PLA=0;SISM=0
minimax_m3,6144,8192,1,8,2,blockk,B2B,21.9826,21.9701,2290.547,0.572637,1830,1.658379e-03,1,M_TILE=8;BM=64;WG=4;REG=112;STG=2;TILES=1;SUBS=2;PREPACK=0;PDL=1;EPI=0;SPLITK=0;PR=32;SPW=0;PLA=0;SISM=1
minimax_m3,6144,8192,1,8,2,blockk,ISO,31.0720,30.8160,1620.498,0.405125,1830,1.658379e-03,1,M_TILE=8;BM=64;WG=4;REG=112;STG=2;TILES=1;SUBS=2;PREPACK=0;PDL=1;EPI=0;SPLITK=0;PR=32;SPW=0;PLA=0;SISM=1
minimax_m3,6144,8192,1,8,2,blockk,PDL,19.1353,19.1332,2631.375,0.657844,1830,1.658379e-03,1,M_TILE=8;BM=64;WG=4;REG=112;STG=2;TILES=1;SUBS=2;PREPACK=0;PDL=1;EPI=0;SPLITK=0;PR=32;SPW=0;PLA=0;SISM=1
minimax_m3,6144,8192,2,8,2,blockk,B2B,23.3660,23.3607,2155.804,0.538951,1830,1.647785e-03,1,M_TILE=8;BM=64;WG=4;REG=112;STG=2;TILES=1;SUBS=2;PREPACK=0;PDL=1;EPI=0;SPLITK=0;PR=32;SPW=0;PLA=0;SISM=1
minimax_m3,6144,8192,2,8,2,blockk,ISO,31.7120,31.2320,1588.440,0.397110,1830,1.647785e-03,1,M_TILE=8;BM=64;WG=4;REG=112;STG=2;TILES=1;SUBS=2;PREPACK=0;PDL=1;EPI=0;SPLITK=0;PR=32;SPW=0;PLA=0;SISM=1
minimax_m3,6144,8192,2,8,2,blockk,PDL,19.4059,19.3781,2595.741,0.648935,1830,1.647785e-03,1,M_TILE=8;BM=64;WG=4;REG=112;STG=2;TILES=1;SUBS=2;PREPACK=0;PDL=1;EPI=0;SPLITK=0;PR=32;SPW=0;PLA=0;SISM=1
minimax_m3,6144,8192,4,8,2,blockk,B2B,23.7362,23.7131,2123.913,0.530978,1830,1.653506e-03,1,M_TILE=8;BM=64;WG=4;REG=112;STG=2;TILES=1;SUBS=2;PREPACK=0;PDL=1;EPI=0;SPLITK=0;PR=32;SPW=0;PLA=0;SISM=1
minimax_m3,6144,8192,4,8,2,blockk,ISO,32.1280,31.6800,1569.147,0.392287,1830,1.653506e-03,1,M_TILE=8;BM=64;WG=4;REG=112;STG=2;TILES=1;SUBS=2;PREPACK=0;PDL=1;EPI=0;SPLITK=0;PR=32;SPW=0;PLA=0;SISM=1
minimax_m3,6144,8192,4,8,2,blockk,PDL,19.5627,19.5573,2577.029,0.644257,1830,1.653506e-03,1,M_TILE=8;BM=64;WG=4;REG=112;STG=2;TILES=1;SUBS=2;PREPACK=0;PDL=1;EPI=0;SPLITK=0;PR=32;SPW=0;PLA=0;SISM=1
minimax_m3,6144,8192,8,8,2,blockk,B2B,25.0482,25.0201,2015.934,0.503984,1830,1.652447e-03,1,M_TILE=8;BM=64;WG=4;REG=112;STG=2;TILES=1;SUBS=2;PREPACK=0;PDL=1;EPI=0;SPLITK=0;PR=32;SPW=0;PLA=0;SISM=1
minimax_m3,6144,8192,8,8,2,blockk,ISO,33.2800,32.8960,1517.292,0.379323,1830,1.652447e-03,1,M_TILE=8;BM=64;WG=4;REG=112;STG=2;TILES=1;SUBS=2;PREPACK=0;PDL=1;EPI=0;SPLITK=0;PR=32;SPW=0;PLA=0;SISM=1
minimax_m3,6144,8192,8,8,2,blockk,PDL,20.5756,20.5440,2454.139,0.613535,1830,1.652447e-03,1,M_TILE=8;BM=64;WG=4;REG=112;STG=2;TILES=1;SUBS=2;PREPACK=0;PDL=1;EPI=0;SPLITK=0;PR=32;SPW=0;PLA=0;SISM=1
minimax_m3,6144,8192,16,16,2,blockk,B2B,29.6978,29.6786,1705.829,0.426457,1830,1.653027e-03,1,M_TILE=16;BM=48;WG=2;REG=112;STG=2;TILES=2;SUBS=2;PREPACK=0;PDL=1;EPI=0;SPLITK=0;PR=32;SPW=0;PLA=0;SISM=1
minimax_m3,6144,8192,16,16,2,blockk,ISO,39.0720,38.6560,1296.563,0.324141,1830,1.653027e-03,1,M_TILE=16;BM=48;WG=2;REG=112;STG=2;TILES=2;SUBS=2;PREPACK=0;PDL=1;EPI=0;SPLITK=0;PR=32;SPW=0;PLA=0;SISM=1
minimax_m3,6144,8192,16,16,2,blockk,PDL,27.3660,27.3596,1851.175,0.462794,1830,1.653027e-03,1,M_TILE=16;BM=48;WG=2;REG=112;STG=2;TILES=2;SUBS=2;PREPACK=0;PDL=1;EPI=0;SPLITK=0;PR=32;SPW=0;PLA=0;SISM=1
minimax_m3,6144,8192,32,32,2,blockk,B2B,46.1760,46.1518,1104.189,0.276047,1830,1.657955e-03,1,M_TILE=32;BM=48;WG=2;REG=168;STG=2;TILES=2;SUBS=2;PREPACK=0;PDL=1;EPI=0;SPLITK=0;PR=32;SPW=0;PLA=0;SISM=0
minimax_m3,6144,8192,32,32,2,blockk,ISO,51.5520,51.1040,989.040,0.247260,1830,1.657955e-03,1,M_TILE=32;BM=48;WG=2;REG=168;STG=2;TILES=2;SUBS=2;PREPACK=0;PDL=1;EPI=0;SPLITK=0;PR=32;SPW=0;PLA=0;SISM=0
minimax_m3,6144,8192,32,32,2,blockk,PDL,43.0869,43.0635,1183.352,0.295838,1830,1.657955e-03,1,M_TILE=32;BM=48;WG=2;REG=168;STG=2;TILES=2;SUBS=2;PREPACK=0;PDL=1;EPI=0;SPLITK=0;PR=32;SPW=0;PLA=0;SISM=0
minimax_m3,6144,8192,64,64,2,blockk,B2B,101.1044,101.0940,510.783,0.127696,1830,1.660140e-03,1,M_TILE=64;BM=48;WG=2;REG=168;STG=2;TILES=2;SUBS=2;PREPACK=0;PDL=1;EPI=0;SPLITK=0;PR=32;SPW=0;PLA=0;SISM=0
minimax_m3,6144,8192,64,64,2,blockk,ISO,109.4720,108.8320,471.740,0.117935,1830,1.660140e-03,1,M_TILE=64;BM=48;WG=2;REG=168;STG=2;TILES=2;SUBS=2;PREPACK=0;PDL=1;EPI=0;SPLITK=0;PR=32;SPW=0;PLA=0;SISM=0
minimax_m3,6144,8192,64,64,2,blockk,PDL,94.4988,94.3559,546.487,0.136622,1830,1.660140e-03,1,M_TILE=64;BM=48;WG=2;REG=168;STG=2;TILES=2;SUBS=2;PREPACK=0;PDL=1;EPI=0;SPLITK=0;PR=32;SPW=0;PLA=0;SISM=0
minimax_m3,6144,8192,128,128,2,blockk,B2B,176.2507,176.1252,300.442,0.075110,1830,1.662079e-03,1,M_TILE=128;BM=48;WG=2;REG=168;STG=2;TILES=2;SUBS=1;PREPACK=0;PDL=1;EPI=0;SPLITK=0;PR=32;SPW=0;PLA=0;SISM=0
minimax_m3,6144,8192,128,128,2,blockk,ISO,184.5120,184.0640,286.990,0.071747,1830,1.662079e-03,1,M_TILE=128;BM=48;WG=2;REG=168;STG=2;TILES=2;SUBS=1;PREPACK=0;PDL=1;EPI=0;SPLITK=0;PR=32;SPW=0;PLA=0;SISM=0
minimax_m3,6144,8192,128,128,2,blockk,PDL,167.9417,167.5129,315.306,0.078827,1830,1.662079e-03,1,M_TILE=128;BM=48;WG=2;REG=168;STG=2;TILES=2;SUBS=1;PREPACK=0;PDL=1;EPI=0;SPLITK=0;PR=32;SPW=0;PLA=0;SISM=0
minimax_m3,6144,8192,1,8,3,prepack,B2B,22.0356,22.0334,2285.040,0.571260,1830,1.658379e-03,1,M_TILE=8;BM=64;WG=4;REG=112;STG=2;TILES=1;SUBS=2;PREPACK=1;PDL=1;EPI=0;SPLITK=0;PR=32;SPW=0;PLA=0;SISM=1
minimax_m3,6144,8192,1,8,3,prepack,ISO,31.4880,31.1360,1599.089,0.399772,1830,1.658379e-03,1,M_TILE=8;BM=64;WG=4;REG=112;STG=2;TILES=1;SUBS=2;PREPACK=1;PDL=1;EPI=0;SPLITK=0;PR=32;SPW=0;PLA=0;SISM=1
minimax_m3,6144,8192,1,8,3,prepack,PDL,19.0055,18.9326,2649.344,0.662336,1830,1.658379e-03,1,M_TILE=8;BM=64;WG=4;REG=112;STG=2;TILES=1;SUBS=2;PREPACK=1;PDL=1;EPI=0;SPLITK=0;PR=32;SPW=0;PLA=0;SISM=1
minimax_m3,6144,8192,2,8,3,prepack,B2B,23.4300,23.3596,2149.915,0.537479,1830,1.647785e-03,1,M_TILE=8;BM=64;WG=4;REG=112;STG=2;TILES=1;SUBS=2;PREPACK=1;PDL=1;EPI=0;SPLITK=0;PR=32;SPW=0;PLA=0;SISM=1
minimax_m3,6144,8192,2,8,3,prepack,ISO,31.9680,31.7120,1575.720,0.393930,1830,1.647785e-03,1,M_TILE=8;BM=64;WG=4;REG=112;STG=2;TILES=1;SUBS=2;PREPACK=1;PDL=1;EPI=0;SPLITK=0;PR=32;SPW=0;PLA=0;SISM=1
minimax_m3,6144,8192,2,8,3,prepack,PDL,19.2103,19.1915,2622.165,0.655541,1830,1.647785e-03,1,M_TILE=8;BM=64;WG=4;REG=112;STG=2;TILES=1;SUBS=2;PREPACK=1;PDL=1;EPI=0;SPLITK=0;PR=32;SPW=0;PLA=0;SISM=1
minimax_m3,6144,8192,4,8,3,prepack,B2B,23.6924,23.6846,2127.833,0.531958,1830,1.653506e-03,1,M_TILE=8;BM=64;WG=4;REG=112;STG=2;TILES=1;SUBS=2;PREPACK=1;PDL=1;EPI=0;SPLITK=0;PR=32;SPW=0;PLA=0;SISM=1
minimax_m3,6144,8192,4,8,3,prepack,ISO,32.2560,31.8720,1562.921,0.390730,1830,1.653506e-03,1,M_TILE=8;BM=64;WG=4;REG=112;STG=2;TILES=1;SUBS=2;PREPACK=1;PDL=1;EPI=0;SPLITK=0;PR=32;SPW=0;PLA=0;SISM=1
minimax_m3,6144,8192,4,8,3,prepack,PDL,19.3490,19.3266,2605.490,0.651373,1830,1.653506e-03,1,M_TILE=8;BM=64;WG=4;REG=112;STG=2;TILES=1;SUBS=2;PREPACK=1;PDL=1;EPI=0;SPLITK=0;PR=32;SPW=0;PLA=0;SISM=1
minimax_m3,6144,8192,8,8,3,prepack,B2B,24.8857,24.8516,2029.097,0.507274,1830,1.652447e-03,1,M_TILE=8;BM=64;WG=4;REG=112;STG=2;TILES=1;SUBS=2;PREPACK=1;PDL=1;EPI=0;SPLITK=0;PR=32;SPW=0;PLA=0;SISM=1
minimax_m3,6144,8192,8,8,3,prepack,ISO,33.6960,33.3120,1498.560,0.374640,1830,1.652447e-03,1,M_TILE=8;BM=64;WG=4;REG=112;STG=2;TILES=1;SUBS=2;PREPACK=1;PDL=1;EPI=0;SPLITK=0;PR=32;SPW=0;PLA=0;SISM=1
minimax_m3,6144,8192,8,8,3,prepack,PDL,20.2471,20.2311,2493.960,0.623490,1830,1.652447e-03,1,M_TILE=8;BM=64;WG=4;REG=112;STG=2;TILES=1;SUBS=2;PREPACK=1;PDL=1;EPI=0;SPLITK=0;PR=32;SPW=0;PLA=0;SISM=1
minimax_m3,6144,8192,16,16,3,prepack,B2B,30.3196,30.3168,1670.842,0.417710,1830,1.653027e-03,1,M_TILE=16;BM=48;WG=2;REG=112;STG=2;TILES=2;SUBS=2;PREPACK=1;PDL=1;EPI=0;SPLITK=0;PR=32;SPW=0;PLA=0;SISM=1
minimax_m3,6144,8192,16,16,3,prepack,ISO,43.4240,43.2000,1166.621,0.291655,1830,1.653027e-03,1,M_TILE=16;BM=48;WG=2;REG=112;STG=2;TILES=2;SUBS=2;PREPACK=1;PDL=1;EPI=0;SPLITK=0;PR=32;SPW=0;PLA=0;SISM=1
minimax_m3,6144,8192,16,16,3,prepack,PDL,28.0796,28.0377,1804.130,0.451032,1830,1.653027e-03,1,M_TILE=16;BM=48;WG=2;REG=112;STG=2;TILES=2;SUBS=2;PREPACK=1;PDL=1;EPI=0;SPLITK=0;PR=32;SPW=0;PLA=0;SISM=1
minimax_m3,6144,8192,32,32,3,prepack,B2B,46.3915,46.3780,1099.060,0.274765,1830,1.657955e-03,1,M_TILE=32;BM=48;WG=2;REG=168;STG=2;TILES=2;SUBS=2;PREPACK=1;PDL=1;EPI=0;SPLITK=0;PR=32;SPW=0;PLA=0;SISM=0
minimax_m3,6144,8192,32,32,3,prepack,ISO,53.2480,52.7360,957.538,0.239385,1830,1.657955e-03,1,M_TILE=32;BM=48;WG=2;REG=168;STG=2;TILES=2;SUBS=2;PREPACK=1;PDL=1;EPI=0;SPLITK=0;PR=32;SPW=0;PLA=0;SISM=0
minimax_m3,6144,8192,32,32,3,prepack,PDL,43.2192,43.2004,1179.730,0.294933,1830,1.657955e-03,1,M_TILE=32;BM=48;WG=2;REG=168;STG=2;TILES=2;SUBS=2;PREPACK=1;PDL=1;EPI=0;SPLITK=0;PR=32;SPW=0;PLA=0;SISM=0
minimax_m3,6144,8192,64,64,3,prepack,B2B,100.8964,100.8565,511.836,0.127959,1830,1.660140e-03,1,M_TILE=64;BM=48;WG=2;REG=168;STG=2;TILES=2;SUBS=2;PREPACK=1;PDL=1;EPI=0;SPLITK=0;PR=32;SPW=0;PLA=0;SISM=0
minimax_m3,6144,8192,64,64,3,prepack,ISO,109.4080,108.8960,472.016,0.118004,1830,1.660140e-03,1,M_TILE=64;BM=48;WG=2;REG=168;STG=2;TILES=2;SUBS=2;PREPACK=1;PDL=1;EPI=0;SPLITK=0;PR=32;SPW=0;PLA=0;SISM=0
minimax_m3,6144,8192,64,64,3,prepack,PDL,93.8073,93.6711,550.516,0.137629,1830,1.660140e-03,1,M_TILE=64;BM=48;WG=2;REG=168;STG=2;TILES=2;SUBS=2;PREPACK=1;PDL=1;EPI=0;SPLITK=0;PR=32;SPW=0;PLA=0;SISM=0
minimax_m3,6144,8192,128,128,3,prepack,B2B,168.3687,168.0633,314.507,0.078627,1830,1.662079e-03,1,M_TILE=128;BM=48;WG=2;REG=168;STG=2;TILES=2;SUBS=1;PREPACK=1;PDL=1;EPI=0;SPLITK=0;PR=32;SPW=0;PLA=0;SISM=0
minimax_m3,6144,8192,128,128,3,prepack,ISO,176.6720,176.1600,299.725,0.074931,1830,1.662079e-03,1,M_TILE=128;BM=48;WG=2;REG=168;STG=2;TILES=2;SUBS=1;PREPACK=1;PDL=1;EPI=0;SPLITK=0;PR=32;SPW=0;PLA=0;SISM=0
minimax_m3,6144,8192,128,128,3,prepack,PDL,161.6594,161.5876,327.560,0.081890,1830,1.662079e-03,1,M_TILE=128;BM=48;WG=2;REG=168;STG=2;TILES=2;SUBS=1;PREPACK=1;PDL=1;EPI=0;SPLITK=0;PR=32;SPW=0;PLA=0;SISM=0
minimax_m3,6144,8192,1,8,4,tile_stage,B2B,18.7403,18.7036,2686.842,0.671710,1830,1.658379e-03,1,M_TILE=8;BM=56;WG=1;REG=112;STG=4;TILES=1;SUBS=2;PREPACK=1;PDL=1;EPI=0;SPLITK=0;PR=32;SPW=0;PLA=0;SISM=1
minimax_m3,6144,8192,1,8,4,tile_stage,ISO,27.7120,27.4880,1816.979,0.454245,1830,1.658379e-03,1,M_TILE=8;BM=56;WG=1;REG=112;STG=4;TILES=1;SUBS=2;PREPACK=1;PDL=1;EPI=0;SPLITK=0;PR=32;SPW=0;PLA=0;SISM=1
minimax_m3,6144,8192,1,8,4,tile_stage,PDL,15.9755,15.8101,3151.841,0.787960,1830,1.658379e-03,1,M_TILE=8;BM=56;WG=1;REG=112;STG=4;TILES=1;SUBS=2;PREPACK=1;PDL=1;EPI=0;SPLITK=0;PR=32;SPW=0;PLA=0;SISM=1
minimax_m3,6144,8192,2,8,4,tile_stage,B2B,18.8693,18.8434,2669.549,0.667387,1830,1.647788e-03,1,M_TILE=8;BM=56;WG=1;REG=112;STG=4;TILES=1;SUBS=2;PREPACK=1;PDL=1;EPI=0;SPLITK=0;PR=32;SPW=0;PLA=0;SISM=1
minimax_m3,6144,8192,2,8,4,tile_stage,ISO,27.7760,27.5520,1813.530,0.453383,1830,1.647788e-03,1,M_TILE=8;BM=56;WG=1;REG=112;STG=4;TILES=1;SUBS=2;PREPACK=1;PDL=1;EPI=0;SPLITK=0;PR=32;SPW=0;PLA=0;SISM=1
minimax_m3,6144,8192,2,8,4,tile_stage,PDL,15.9943,15.9097,3149.408,0.787352,1830,1.647788e-03,1,M_TILE=8;BM=56;WG=1;REG=112;STG=4;TILES=1;SUBS=2;PREPACK=1;PDL=1;EPI=0;SPLITK=0;PR=32;SPW=0;PLA=0;SISM=1
minimax_m3,6144,8192,4,8,4,tile_stage,B2B,19.0507,19.0290,2646.289,0.661572,1830,1.653507e-03,1,M_TILE=8;BM=56;WG=1;REG=112;STG=4;TILES=1;SUBS=2;PREPACK=1;PDL=1;EPI=0;SPLITK=0;PR=32;SPW=0;PLA=0;SISM=1
minimax_m3,6144,8192,4,8,4,tile_stage,ISO,27.9680,27.7440,1802.545,0.450636,1830,1.653507e-03,1,M_TILE=8;BM=56;WG=1;REG=112;STG=4;TILES=1;SUBS=2;PREPACK=1;PDL=1;EPI=0;SPLITK=0;PR=32;SPW=0;PLA=0;SISM=1
minimax_m3,6144,8192,4,8,4,tile_stage,PDL,15.9012,15.8411,3170.434,0.792609,1830,1.653507e-03,1,M_TILE=8;BM=56;WG=1;REG=112;STG=4;TILES=1;SUBS=2;PREPACK=1;PDL=1;EPI=0;SPLITK=0;PR=32;SPW=0;PLA=0;SISM=1
minimax_m3,6144,8192,8,8,4,tile_stage,B2B,19.5275,19.4990,2585.870,0.646467,1830,1.652497e-03,1,M_TILE=8;BM=56;WG=1;REG=112;STG=4;TILES=1;SUBS=2;PREPACK=1;PDL=1;EPI=0;SPLITK=0;PR=32;SPW=0;PLA=0;SISM=1
minimax_m3,6144,8192,8,8,4,tile_stage,ISO,28.5440,28.3200,1769.040,0.442260,1830,1.652497e-03,1,M_TILE=8;BM=56;WG=1;REG=112;STG=4;TILES=1;SUBS=2;PREPACK=1;PDL=1;EPI=0;SPLITK=0;PR=32;SPW=0;PLA=0;SISM=1
minimax_m3,6144,8192,8,8,4,tile_stage,PDL,16.0220,15.9772,3151.626,0.787906,1830,1.652497e-03,1,M_TILE=8;BM=56;WG=1;REG=112;STG=4;TILES=1;SUBS=2;PREPACK=1;PDL=1;EPI=0;SPLITK=0;PR=32;SPW=0;PLA=0;SISM=1
minimax_m3,6144,8192,16,16,4,tile_stage,B2B,29.8052,29.7913,1699.683,0.424921,1830,1.653027e-03,1,M_TILE=16;BM=64;WG=1;REG=80;STG=4;TILES=1;SUBS=2;PREPACK=1;PDL=1;EPI=0;SPLITK=0;PR=32;SPW=0;PLA=0;SISM=1
minimax_m3,6144,8192,16,16,4,tile_stage,ISO,34.4000,34.0160,1472.655,0.368164,1830,1.653027e-03,1,M_TILE=16;BM=64;WG=1;REG=80;STG=4;TILES=1;SUBS=2;PREPACK=1;PDL=1;EPI=0;SPLITK=0;PR=32;SPW=0;PLA=0;SISM=1
minimax_m3,6144,8192,16,16,4,tile_stage,PDL,24.9049,24.8971,2034.112,0.508528,1830,1.653027e-03,1,M_TILE=16;BM=64;WG=1;REG=80;STG=4;TILES=1;SUBS=2;PREPACK=1;PDL=1;EPI=0;SPLITK=0;PR=32;SPW=0;PLA=0;SISM=1
minimax_m3,6144,8192,32,32,4,tile_stage,B2B,39.8788,39.8677,1278.551,0.319638,1830,1.657955e-03,1,M_TILE=32;BM=64;WG=1;REG=112;STG=4;TILES=1;SUBS=2;PREPACK=1;PDL=1;EPI=0;SPLITK=0;PR=32;SPW=0;PLA=0;SISM=0
minimax_m3,6144,8192,32,32,4,tile_stage,ISO,44.6400,44.2880,1142.182,0.285546,1830,1.657955e-03,1,M_TILE=32;BM=64;WG=1;REG=112;STG=4;TILES=1;SUBS=2;PREPACK=1;PDL=1;EPI=0;SPLITK=0;PR=32;SPW=0;PLA=0;SISM=0
minimax_m3,6144,8192,32,32,4,tile_stage,PDL,33.1584,33.1061,1537.680,0.384420,1830,1.657955e-03,1,M_TILE=32;BM=64;WG=1;REG=112;STG=4;TILES=1;SUBS=2;PREPACK=1;PDL=1;EPI=0;SPLITK=0;PR=32;SPW=0;PLA=0;SISM=0
minimax_m3,6144,8192,64,64,4,tile_stage,B2B,99.7202,99.2871,517.873,0.129468,1830,1.660140e-03,1,M_TILE=64;BM=64;WG=2;REG=168;STG=3;TILES=2;SUBS=2;PREPACK=1;PDL=1;EPI=0;SPLITK=0;PR=32;SPW=0;PLA=0;SISM=0
minimax_m3,6144,8192,64,64,4,tile_stage,ISO,109.0560,108.6080,473.540,0.118385,1830,1.660140e-03,1,M_TILE=64;BM=64;WG=2;REG=168;STG=3;TILES=2;SUBS=2;PREPACK=1;PDL=1;EPI=0;SPLITK=0;PR=32;SPW=0;PLA=0;SISM=0
minimax_m3,6144,8192,64,64,4,tile_stage,PDL,89.5136,89.5097,576.922,0.144231,1830,1.660140e-03,1,M_TILE=64;BM=64;WG=2;REG=168;STG=3;TILES=2;SUBS=2;PREPACK=1;PDL=1;EPI=0;SPLITK=0;PR=32;SPW=0;PLA=0;SISM=0
minimax_m3,6144,8192,128,128,4,tile_stage,B2B,208.3044,207.8460,254.210,0.063553,1830,1.662079e-03,1,M_TILE=128;BM=64;WG=1;REG=232;STG=2;TILES=1;SUBS=1;PREPACK=1;PDL=1;EPI=0;SPLITK=0;PR=32;SPW=0;PLA=0;SISM=0
minimax_m3,6144,8192,128,128,4,tile_stage,ISO,222.7520,222.2720,237.722,0.059431,1830,1.662079e-03,1,M_TILE=128;BM=64;WG=1;REG=232;STG=2;TILES=1;SUBS=1;PREPACK=1;PDL=1;EPI=0;SPLITK=0;PR=32;SPW=0;PLA=0;SISM=0
minimax_m3,6144,8192,128,128,4,tile_stage,PDL,198.4466,198.4253,266.838,0.066710,1830,1.662079e-03,1,M_TILE=128;BM=64;WG=1;REG=232;STG=2;TILES=1;SUBS=1;PREPACK=1;PDL=1;EPI=0;SPLITK=0;PR=32;SPW=0;PLA=0;SISM=0
minimax_m3,6144,8192,1,8,5,splitk,B2B,18.7733,18.7708,2682.109,0.670527,1830,1.658379e-03,1,M_TILE=8;BM=56;WG=1;REG=112;STG=4;TILES=1;SUBS=2;PREPACK=1;PDL=1;EPI=1;SPLITK=0;SK=1;PR=32;SPW=0;PLA=0;SISM=1
minimax_m3,6144,8192,1,8,5,splitk,ISO,26.9120,26.7520,1870.992,0.467748,1830,1.658379e-03,1,M_TILE=8;BM=56;WG=1;REG=112;STG=4;TILES=1;SUBS=2;PREPACK=1;PDL=1;EPI=1;SPLITK=0;SK=1;PR=32;SPW=0;PLA=0;SISM=1
minimax_m3,6144,8192,1,8,5,splitk,PDL,15.9516,15.9417,3156.548,0.789137,1830,1.658379e-03,1,M_TILE=8;BM=56;WG=1;REG=112;STG=4;TILES=1;SUBS=2;PREPACK=1;PDL=1;EPI=1;SPLITK=0;SK=1;PR=32;SPW=0;PLA=0;SISM=1
minimax_m3,6144,8192,2,8,5,splitk,B2B,18.9340,18.9049,2660.425,0.665106,1830,1.647788e-03,1,M_TILE=8;BM=56;WG=1;REG=112;STG=4;TILES=1;SUBS=2;PREPACK=1;PDL=1;EPI=1;SPLITK=0;SK=1;PR=32;SPW=0;PLA=0;SISM=1
minimax_m3,6144,8192,2,8,5,splitk,ISO,27.3280,27.0080,1843.260,0.460815,1830,1.647788e-03,1,M_TILE=8;BM=56;WG=1;REG=112;STG=4;TILES=1;SUBS=2;PREPACK=1;PDL=1;EPI=1;SPLITK=0;SK=1;PR=32;SPW=0;PLA=0;SISM=1
minimax_m3,6144,8192,2,8,5,splitk,PDL,15.9705,15.9655,3154.106,0.788526,1830,1.647788e-03,1,M_TILE=8;BM=56;WG=1;REG=112;STG=4;TILES=1;SUBS=2;PREPACK=1;PDL=1;EPI=1;SPLITK=0;SK=1;PR=32;SPW=0;PLA=0;SISM=1
minimax_m3,6144,8192,4,8,5,splitk,B2B,18.9945,18.9938,2654.116,0.663529,1830,1.653507e-03,1,M_TILE=8;BM=56;WG=1;REG=112;STG=4;TILES=1;SUBS=2;PREPACK=1;PDL=1;EPI=1;SPLITK=0;SK=1;PR=32;SPW=0;PLA=0;SISM=1
minimax_m3,6144,8192,4,8,5,splitk,ISO,27.3600,27.1040,1842.601,0.460650,1830,1.653507e-03,1,M_TILE=8;BM=56;WG=1;REG=112;STG=4;TILES=1;SUBS=2;PREPACK=1;PDL=1;EPI=1;SPLITK=0;SK=1;PR=32;SPW=0;PLA=0;SISM=1
minimax_m3,6144,8192,4,8,5,splitk,PDL,16.0089,15.9371,3149.099,0.787275,1830,1.653507e-03,1,M_TILE=8;BM=56;WG=1;REG=112;STG=4;TILES=1;SUBS=2;PREPACK=1;PDL=1;EPI=1;SPLITK=0;SK=1;PR=32;SPW=0;PLA=0;SISM=1
minimax_m3,6144,8192,8,8,5,splitk,B2B,19.5477,19.4731,2583.189,0.645797,1830,1.652497e-03,1,M_TILE=8;BM=56;WG=1;REG=112;STG=4;TILES=1;SUBS=2;PREPACK=1;PDL=1;EPI=1;SPLITK=0;SK=1;PR=32;SPW=0;PLA=0;SISM=1
minimax_m3,6144,8192,8,8,5,splitk,ISO,27.9360,27.6480,1807.542,0.451885,1830,1.652497e-03,1,M_TILE=8;BM=56;WG=1;REG=112;STG=4;TILES=1;SUBS=2;PREPACK=1;PDL=1;EPI=1;SPLITK=0;SK=1;PR=32;SPW=0;PLA=0;SISM=1
minimax_m3,6144,8192,8,8,5,splitk,PDL,15.9243,15.8791,3170.977,0.792744,1830,1.652497e-03,1,M_TILE=8;BM=56;WG=1;REG=112;STG=4;TILES=1;SUBS=2;PREPACK=1;PDL=1;EPI=1;SPLITK=0;SK=1;PR=32;SPW=0;PLA=0;SISM=1
minimax_m3,6144,8192,16,16,5,splitk,B2B,29.7308,29.7102,1703.932,0.425983,1830,1.653027e-03,1,M_TILE=16;BM=64;WG=1;REG=80;STG=4;TILES=1;SUBS=2;PREPACK=1;PDL=1;EPI=1;SPLITK=0;SK=1;PR=32;SPW=0;PLA=0;SISM=1
minimax_m3,6144,8192,16,16,5,splitk,ISO,34.0160,33.8240,1489.279,0.372320,1830,1.653027e-03,1,M_TILE=16;BM=64;WG=1;REG=80;STG=4;TILES=1;SUBS=2;PREPACK=1;PDL=1;EPI=1;SPLITK=0;SK=1;PR=32;SPW=0;PLA=0;SISM=1
minimax_m3,6144,8192,16,16,5,splitk,PDL,24.8526,24.8267,2038.390,0.509597,1830,1.653027e-03,1,M_TILE=16;BM=64;WG=1;REG=80;STG=4;TILES=1;SUBS=2;PREPACK=1;PDL=1;EPI=1;SPLITK=0;SK=1;PR=32;SPW=0;PLA=0;SISM=1
minimax_m3,6144,8192,32,32,5,splitk,B2B,39.9083,39.8980,1277.605,0.319401,1830,1.657955e-03,1,M_TILE=32;BM=64;WG=1;REG=112;STG=4;TILES=1;SUBS=2;PREPACK=1;PDL=1;EPI=1;SPLITK=0;SK=1;PR=32;SPW=0;PLA=0;SISM=0
minimax_m3,6144,8192,32,32,5,splitk,ISO,44.0320,43.8400,1157.953,0.289488,1830,1.657955e-03,1,M_TILE=32;BM=64;WG=1;REG=112;STG=4;TILES=1;SUBS=2;PREPACK=1;PDL=1;EPI=1;SPLITK=0;SK=1;PR=32;SPW=0;PLA=0;SISM=0
minimax_m3,6144,8192,32,32,5,splitk,PDL,33.2274,33.0727,1534.488,0.383622,1830,1.657955e-03,1,M_TILE=32;BM=64;WG=1;REG=112;STG=4;TILES=1;SUBS=2;PREPACK=1;PDL=1;EPI=1;SPLITK=0;SK=1;PR=32;SPW=0;PLA=0;SISM=0
minimax_m3,6144,8192,64,64,5,splitk,B2B,99.5591,99.3682,518.711,0.129678,1830,1.660140e-03,1,M_TILE=64;BM=64;WG=2;REG=168;STG=3;TILES=2;SUBS=2;PREPACK=1;PDL=1;EPI=1;SPLITK=0;SK=1;PR=32;SPW=0;PLA=0;SISM=0
minimax_m3,6144,8192,64,64,5,splitk,ISO,108.0000,107.6160,478.170,0.119543,1830,1.660140e-03,1,M_TILE=64;BM=64;WG=2;REG=168;STG=3;TILES=2;SUBS=2;PREPACK=1;PDL=1;EPI=1;SPLITK=0;SK=1;PR=32;SPW=0;PLA=0;SISM=0
minimax_m3,6144,8192,64,64,5,splitk,PDL,89.6402,89.5406,576.107,0.144027,1830,1.660140e-03,1,M_TILE=64;BM=64;WG=2;REG=168;STG=3;TILES=2;SUBS=2;PREPACK=1;PDL=1;EPI=1;SPLITK=0;SK=1;PR=32;SPW=0;PLA=0;SISM=0
minimax_m3,6144,8192,128,128,5,splitk,B2B,208.2315,207.9442,254.299,0.063575,1830,1.662079e-03,1,M_TILE=128;BM=64;WG=1;REG=232;STG=2;TILES=1;SUBS=1;PREPACK=1;PDL=1;EPI=1;SPLITK=0;PR=32;SPW=0;PLA=0;SISM=0
minimax_m3,6144,8192,128,128,5,splitk,ISO,223.3600,222.7520,237.075,0.059269,1830,1.662079e-03,1,M_TILE=128;BM=64;WG=1;REG=232;STG=2;TILES=1;SUBS=1;PREPACK=1;PDL=1;EPI=1;SPLITK=0;PR=32;SPW=0;PLA=0;SISM=0
minimax_m3,6144,8192,128,128,5,splitk,PDL,197.5588,197.1303,268.037,0.067009,1830,1.662079e-03,1,M_TILE=128;BM=64;WG=1;REG=232;STG=2;TILES=1;SUBS=1;PREPACK=1;PDL=1;EPI=1;SPLITK=0;PR=32;SPW=0;PLA=0;SISM=0
qwen36,2048,4096,1,8,0,baseline,B2B,8.0597,8.0164,1041.821,0.260455,1830,1.653887e-03,1,M_TILE=8;BM=64;WG=4;REG=112;STG=2;TILES=1;SUBS=1;PREPACK=0;PDL=0;EPI=0;SPLITK=0;PR=32;SPW=0;PLA=0;SISM=1
qwen36,2048,4096,1,8,0,baseline,ISO,13.0240,12.6400,644.717,0.161179,1830,1.653887e-03,1,M_TILE=8;BM=64;WG=4;REG=112;STG=2;TILES=1;SUBS=1;PREPACK=0;PDL=0;EPI=0;SPLITK=0;PR=32;SPW=0;PLA=0;SISM=1
qwen36,2048,4096,1,8,0,baseline,PDL,6.6012,6.5579,1272.003,0.318001,1830,1.653887e-03,1,M_TILE=8;BM=64;WG=4;REG=112;STG=2;TILES=1;SUBS=1;PREPACK=0;PDL=0;EPI=0;SPLITK=0;PR=32;SPW=0;PLA=0;SISM=1
qwen36,2048,4096,2,8,0,baseline,B2B,8.5436,8.5323,983.771,0.245943,1830,1.656351e-03,1,M_TILE=8;BM=64;WG=4;REG=112;STG=2;TILES=1;SUBS=1;PREPACK=0;PDL=0;EPI=0;SPLITK=0;PR=32;SPW=0;PLA=0;SISM=1
qwen36,2048,4096,2,8,0,baseline,ISO,13.6640,13.3120,615.119,0.153780,1830,1.656351e-03,1,M_TILE=8;BM=64;WG=4;REG=112;STG=2;TILES=1;SUBS=1;PREPACK=0;PDL=0;EPI=0;SPLITK=0;PR=32;SPW=0;PLA=0;SISM=1
qwen36,2048,4096,2,8,0,baseline,PDL,7.0990,7.0855,1183.965,0.295991,1830,1.656351e-03,1,M_TILE=8;BM=64;WG=4;REG=112;STG=2;TILES=1;SUBS=1;PREPACK=0;PDL=0;EPI=0;SPLITK=0;PR=32;SPW=0;PLA=0;SISM=1
qwen36,2048,4096,4,8,0,baseline,B2B,8.6425,8.6169,974.416,0.243604,1830,1.666980e-03,1,M_TILE=8;BM=64;WG=4;REG=112;STG=2;TILES=1;SUBS=1;PREPACK=0;PDL=0;EPI=0;SPLITK=0;PR=32;SPW=0;PLA=0;SISM=1
qwen36,2048,4096,4,8,0,baseline,ISO,13.2800,13.1200,634.140,0.158535,1830,1.666980e-03,1,M_TILE=8;BM=64;WG=4;REG=112;STG=2;TILES=1;SUBS=1;PREPACK=0;PDL=0;EPI=0;SPLITK=0;PR=32;SPW=0;PLA=0;SISM=1
qwen36,2048,4096,4,8,0,baseline,PDL,7.1591,7.1396,1176.316,0.294079,1830,1.666980e-03,1,M_TILE=8;BM=64;WG=4;REG=112;STG=2;TILES=1;SUBS=1;PREPACK=0;PDL=0;EPI=0;SPLITK=0;PR=32;SPW=0;PLA=0;SISM=1
qwen36,2048,4096,8,8,0,baseline,B2B,8.6809,8.6773,973.880,0.243470,1830,1.677281e-03,1,M_TILE=8;BM=64;WG=4;REG=112;STG=2;TILES=1;SUBS=1;PREPACK=0;PDL=0;EPI=0;SPLITK=0;PR=32;SPW=0;PLA=0;SISM=1
qwen36,2048,4096,8,8,0,baseline,ISO,13.6000,13.3760,621.628,0.155407,1830,1.677281e-03,1,M_TILE=8;BM=64;WG=4;REG=112;STG=2;TILES=1;SUBS=1;PREPACK=0;PDL=0;EPI=0;SPLITK=0;PR=32;SPW=0;PLA=0;SISM=1
qwen36,2048,4096,8,8,0,baseline,PDL,7.2100,7.2096,1172.565,0.293141,1830,1.677281e-03,1,M_TILE=8;BM=64;WG=4;REG=112;STG=2;TILES=1;SUBS=1;PREPACK=0;PDL=0;EPI=0;SPLITK=0;PR=32;SPW=0;PLA=0;SISM=1
qwen36,2048,4096,16,16,0,baseline,B2B,18.5401,18.5344,459.527,0.114882,1830,1.679316e-03,1,M_TILE=16;BM=32;WG=2;REG=112;STG=2;TILES=2;SUBS=2;PREPACK=0;PDL=0;EPI=0;SPLITK=0;PR=32;SPW=0;PLA=0;SISM=1
qwen36,2048,4096,16,16,0,baseline,ISO,21.9840,21.8560,387.540,0.096885,1830,1.679316e-03,1,M_TILE=16;BM=32;WG=2;REG=112;STG=2;TILES=2;SUBS=2;PREPACK=0;PDL=0;EPI=0;SPLITK=0;PR=32;SPW=0;PLA=0;SISM=1
qwen36,2048,4096,16,16,0,baseline,PDL,17.0226,17.0030,500.493,0.125123,1830,1.679316e-03,1,M_TILE=16;BM=32;WG=2;REG=112;STG=2;TILES=2;SUBS=2;PREPACK=0;PDL=0;EPI=0;SPLITK=0;PR=32;SPW=0;PLA=0;SISM=1
qwen36,2048,4096,32,32,0,baseline,B2B,25.4386,25.3984,340.064,0.085016,1830,1.674518e-03,1,M_TILE=32;BM=32;WG=2;REG=168;STG=2;TILES=2;SUBS=2;PREPACK=0;PDL=0;EPI=0;SPLITK=0;PR=32;SPW=0;PLA=0;SISM=0
qwen36,2048,4096,32,32,0,baseline,ISO,29.0560,28.8960,297.727,0.074432,1830,1.674518e-03,1,M_TILE=32;BM=32;WG=2;REG=168;STG=2;TILES=2;SUBS=2;PREPACK=0;PDL=0;EPI=0;SPLITK=0;PR=32;SPW=0;PLA=0;SISM=0
qwen36,2048,4096,32,32,0,baseline,PDL,24.0793,24.0548,359.261,0.089815,1830,1.674518e-03,1,M_TILE=32;BM=32;WG=2;REG=168;STG=2;TILES=2;SUBS=2;PREPACK=0;PDL=0;EPI=0;SPLITK=0;PR=32;SPW=0;PLA=0;SISM=0
qwen36,2048,4096,64,64,0,baseline,B2B,51.8773,51.8549,171.807,0.042952,1830,1.671829e-03,1,M_TILE=64;BM=32;WG=2;REG=168;STG=2;TILES=2;SUBS=2;PREPACK=0;PDL=0;EPI=0;SPLITK=0;PR=32;SPW=0;PLA=0;SISM=0
qwen36,2048,4096,64,64,0,baseline,ISO,57.8240,57.4720,154.138,0.038535,1830,1.671829e-03,1,M_TILE=64;BM=32;WG=2;REG=168;STG=2;TILES=2;SUBS=2;PREPACK=0;PDL=0;EPI=0;SPLITK=0;PR=32;SPW=0;PLA=0;SISM=0
qwen36,2048,4096,64,64,0,baseline,PDL,50.5067,50.4516,176.470,0.044117,1830,1.671829e-03,1,M_TILE=64;BM=32;WG=2;REG=168;STG=2;TILES=2;SUBS=2;PREPACK=0;PDL=0;EPI=0;SPLITK=0;PR=32;SPW=0;PLA=0;SISM=0
qwen36,2048,4096,128,128,0,baseline,B2B,90.3417,90.2443,104.461,0.026115,1830,1.666996e-03,1,M_TILE=128;BM=32;WG=2;REG=168;STG=2;TILES=2;SUBS=1;PREPACK=0;PDL=0;EPI=0;SPLITK=0;PR=32;SPW=0;PLA=0;SISM=0
qwen36,2048,4096,128,128,0,baseline,ISO,97.9840,97.6640,96.314,0.024078,1830,1.666996e-03,1,M_TILE=128;BM=32;WG=2;REG=168;STG=2;TILES=2;SUBS=1;PREPACK=0;PDL=0;EPI=0;SPLITK=0;PR=32;SPW=0;PLA=0;SISM=0
qwen36,2048,4096,128,128,0,baseline,PDL,88.8626,88.8491,106.200,0.026550,1830,1.666996e-03,1,M_TILE=128;BM=32;WG=2;REG=168;STG=2;TILES=2;SUBS=1;PREPACK=0;PDL=0;EPI=0;SPLITK=0;PR=32;SPW=0;PLA=0;SISM=0
qwen36,2048,4096,1,8,1,pdl,B2B,8.1230,8.0960,1033.704,0.258426,1830,1.653887e-03,1,M_TILE=8;BM=64;WG=4;REG=112;STG=2;TILES=1;SUBS=1;PREPACK=0;PDL=1;EPI=0;SPLITK=0;PR=32;SPW=0;PLA=0;SISM=1
qwen36,2048,4096,1,8,1,pdl,ISO,12.5760,12.4160,667.684,0.166921,1830,1.653887e-03,1,M_TILE=8;BM=64;WG=4;REG=112;STG=2;TILES=1;SUBS=1;PREPACK=0;PDL=1;EPI=0;SPLITK=0;PR=32;SPW=0;PLA=0;SISM=1
qwen36,2048,4096,1,8,1,pdl,PDL,5.6729,5.6427,1480.163,0.370041,1830,1.653887e-03,1,M_TILE=8;BM=64;WG=4;REG=112;STG=2;TILES=1;SUBS=1;PREPACK=0;PDL=1;EPI=0;SPLITK=0;PR=32;SPW=0;PLA=0;SISM=1
qwen36,2048,4096,2,8,1,pdl,B2B,8.6418,8.6233,972.600,0.243150,1830,1.656351e-03,1,M_TILE=8;BM=64;WG=4;REG=112;STG=2;TILES=1;SUBS=1;PREPACK=0;PDL=1;EPI=0;SPLITK=0;PR=32;SPW=0;PLA=0;SISM=1
qwen36,2048,4096,2,8,1,pdl,ISO,13.2160,13.0240,635.971,0.158993,1830,1.656351e-03,1,M_TILE=8;BM=64;WG=4;REG=112;STG=2;TILES=1;SUBS=1;PREPACK=0;PDL=1;EPI=0;SPLITK=0;PR=32;SPW=0;PLA=0;SISM=1
qwen36,2048,4096,2,8,1,pdl,PDL,5.9467,5.9467,1413.396,0.353349,1830,1.656351e-03,1,M_TILE=8;BM=64;WG=4;REG=112;STG=2;TILES=1;SUBS=1;PREPACK=0;PDL=1;EPI=0;SPLITK=0;PR=32;SPW=0;PLA=0;SISM=1
qwen36,2048,4096,4,8,1,pdl,B2B,8.6905,8.6684,969.034,0.242258,1830,1.666980e-03,1,M_TILE=8;BM=64;WG=4;REG=112;STG=2;TILES=1;SUBS=1;PREPACK=0;PDL=1;EPI=0;SPLITK=0;PR=32;SPW=0;PLA=0;SISM=1
qwen36,2048,4096,4,8,1,pdl,ISO,13.3440,13.1200,631.098,0.157775,1830,1.666980e-03,1,M_TILE=8;BM=64;WG=4;REG=112;STG=2;TILES=1;SUBS=1;PREPACK=0;PDL=1;EPI=0;SPLITK=0;PR=32;SPW=0;PLA=0;SISM=1
qwen36,2048,4096,4,8,1,pdl,PDL,5.9755,5.9719,1409.325,0.352331,1830,1.666980e-03,1,M_TILE=8;BM=64;WG=4;REG=112;STG=2;TILES=1;SUBS=1;PREPACK=0;PDL=1;EPI=0;SPLITK=0;PR=32;SPW=0;PLA=0;SISM=1
qwen36,2048,4096,8,8,1,pdl,B2B,8.7641,8.7260,964.635,0.241159,1830,1.677281e-03,1,M_TILE=8;BM=64;WG=4;REG=112;STG=2;TILES=1;SUBS=1;PREPACK=0;PDL=1;EPI=0;SPLITK=0;PR=32;SPW=0;PLA=0;SISM=1
qwen36,2048,4096,8,8,1,pdl,ISO,13.8240,13.5680,611.556,0.152889,1830,1.677281e-03,1,M_TILE=8;BM=64;WG=4;REG=112;STG=2;TILES=1;SUBS=1;PREPACK=0;PDL=1;EPI=0;SPLITK=0;PR=32;SPW=0;PLA=0;SISM=1
qwen36,2048,4096,8,8,1,pdl,PDL,6.0402,6.0366,1399.652,0.349913,1830,1.677281e-03,1,M_TILE=8;BM=64;WG=4;REG=112;STG=2;TILES=1;SUBS=1;PREPACK=0;PDL=1;EPI=0;SPLITK=0;PR=32;SPW=0;PLA=0;SISM=1
qwen36,2048,4096,16,16,1,pdl,B2B,18.4732,18.4622,461.190,0.115298,1830,1.679316e-03,1,M_TILE=16;BM=32;WG=2;REG=112;STG=2;TILES=2;SUBS=2;PREPACK=0;PDL=1;EPI=0;SPLITK=0;PR=32;SPW=0;PLA=0;SISM=1
qwen36,2048,4096,16,16,1,pdl,ISO,21.9840,21.7920,387.540,0.096885,1830,1.679316e-03,1,M_TILE=16;BM=32;WG=2;REG=112;STG=2;TILES=2;SUBS=2;PREPACK=0;PDL=1;EPI=0;SPLITK=0;PR=32;SPW=0;PLA=0;SISM=1
qwen36,2048,4096,16,16,1,pdl,PDL,15.3671,15.3163,554.410,0.138603,1830,1.679316e-03,1,M_TILE=16;BM=32;WG=2;REG=112;STG=2;TILES=2;SUBS=2;PREPACK=0;PDL=1;EPI=0;SPLITK=0;PR=32;SPW=0;PLA=0;SISM=1
qwen36,2048,4096,32,32,1,pdl,B2B,25.3824,25.3788,340.817,0.085204,1830,1.674518e-03,1,M_TILE=32;BM=32;WG=2;REG=168;STG=2;TILES=2;SUBS=2;PREPACK=0;PDL=1;EPI=0;SPLITK=0;PR=32;SPW=0;PLA=0;SISM=0
qwen36,2048,4096,32,32,1,pdl,ISO,29.2160,28.9920,296.096,0.074024,1830,1.674518e-03,1,M_TILE=32;BM=32;WG=2;REG=168;STG=2;TILES=2;SUBS=2;PREPACK=0;PDL=1;EPI=0;SPLITK=0;PR=32;SPW=0;PLA=0;SISM=0
qwen36,2048,4096,32,32,1,pdl,PDL,20.9685,20.9522,412.559,0.103140,1830,1.674518e-03,1,M_TILE=32;BM=32;WG=2;REG=168;STG=2;TILES=2;SUBS=2;PREPACK=0;PDL=1;EPI=0;SPLITK=0;PR=32;SPW=0;PLA=0;SISM=0
qwen36,2048,4096,64,64,1,pdl,B2B,51.8187,51.7941,172.002,0.043000,1830,1.671829e-03,1,M_TILE=64;BM=32;WG=2;REG=168;STG=2;TILES=2;SUBS=2;PREPACK=0;PDL=1;EPI=0;SPLITK=0;PR=32;SPW=0;PLA=0;SISM=0
qwen36,2048,4096,64,64,1,pdl,ISO,58.1120,57.6320,153.374,0.038344,1830,1.671829e-03,1,M_TILE=64;BM=32;WG=2;REG=168;STG=2;TILES=2;SUBS=2;PREPACK=0;PDL=1;EPI=0;SPLITK=0;PR=32;SPW=0;PLA=0;SISM=0
qwen36,2048,4096,64,64,1,pdl,PDL,42.4309,42.4171,210.057,0.052514,1830,1.671829e-03,1,M_TILE=64;BM=32;WG=2;REG=168;STG=2;TILES=2;SUBS=2;PREPACK=0;PDL=1;EPI=0;SPLITK=0;PR=32;SPW=0;PLA=0;SISM=0
qwen36,2048,4096,128,128,1,pdl,B2B,90.8750,90.8743,103.848,0.025962,1830,1.666996e-03,1,M_TILE=128;BM=32;WG=2;REG=168;STG=2;TILES=2;SUBS=1;PREPACK=0;PDL=1;EPI=0;SPLITK=0;PR=32;SPW=0;PLA=0;SISM=0
qwen36,2048,4096,128,128,1,pdl,ISO,97.9840,97.7600,96.314,0.024078,1830,1.666996e-03,1,M_TILE=128;BM=32;WG=2;REG=168;STG=2;TILES=2;SUBS=1;PREPACK=0;PDL=1;EPI=0;SPLITK=0;PR=32;SPW=0;PLA=0;SISM=0
qwen36,2048,4096,128,128,1,pdl,PDL,82.2635,82.1479,114.719,0.028680,1830,1.666996e-03,1,M_TILE=128;BM=32;WG=2;REG=168;STG=2;TILES=2;SUBS=1;PREPACK=0;PDL=1;EPI=0;SPLITK=0;PR=32;SPW=0;PLA=0;SISM=0
qwen36,2048,4096,1,8,2,blockk,B2B,7.3600,7.3237,1140.870,0.285217,1830,1.653887e-03,1,M_TILE=8;BM=64;WG=4;REG=112;STG=2;TILES=1;SUBS=2;PREPACK=0;PDL=1;EPI=0;SPLITK=0;PR=32;SPW=0;PLA=0;SISM=1
qwen36,2048,4096,1,8,2,blockk,ISO,11.9680,11.7760,701.604,0.175401,1830,1.653887e-03,1,M_TILE=8;BM=64;WG=4;REG=112;STG=2;TILES=1;SUBS=2;PREPACK=0;PDL=1;EPI=0;SPLITK=0;PR=32;SPW=0;PLA=0;SISM=1
qwen36,2048,4096,1,8,2,blockk,PDL,4.0263,4.0164,2085.482,0.521371,1830,1.653887e-03,1,M_TILE=8;BM=64;WG=4;REG=112;STG=2;TILES=1;SUBS=2;PREPACK=0;PDL=1;EPI=0;SPLITK=0;PR=32;SPW=0;PLA=0;SISM=1
qwen36,2048,4096,2,8,2,blockk,B2B,7.9136,7.8468,1062.095,0.265524,1830,1.656351e-03,1,M_TILE=8;BM=64;WG=4;REG=112;STG=2;TILES=1;SUBS=2;PREPACK=0;PDL=1;EPI=0;SPLITK=0;PR=32;SPW=0;PLA=0;SISM=1
qwen36,2048,4096,2,8,2,blockk,ISO,12.8000,12.5440,656.640,0.164160,1830,1.656351e-03,1,M_TILE=8;BM=64;WG=4;REG=112;STG=2;TILES=1;SUBS=2;PREPACK=0;PDL=1;EPI=0;SPLITK=0;PR=32;SPW=0;PLA=0;SISM=1
qwen36,2048,4096,2,8,2,blockk,PDL,4.2588,4.2574,1973.538,0.493385,1830,1.656351e-03,1,M_TILE=8;BM=64;WG=4;REG=112;STG=2;TILES=1;SUBS=2;PREPACK=0;PDL=1;EPI=0;SPLITK=0;PR=32;SPW=0;PLA=0;SISM=1
qwen36,2048,4096,4,8,2,blockk,B2B,7.9872,7.9143,1054.359,0.263590,1830,1.666980e-03,1,M_TILE=8;BM=64;WG=4;REG=112;STG=2;TILES=1;SUBS=2;PREPACK=0;PDL=1;EPI=0;SPLITK=0;PR=32;SPW=0;PLA=0;SISM=1
qwen36,2048,4096,4,8,2,blockk,ISO,12.6080,12.3840,667.939,0.166985,1830,1.666980e-03,1,M_TILE=8;BM=64;WG=4;REG=112;STG=2;TILES=1;SUBS=2;PREPACK=0;PDL=1;EPI=0;SPLITK=0;PR=32;SPW=0;PLA=0;SISM=1
qwen36,2048,4096,4,8,2,blockk,PDL,4.3218,4.3214,1948.591,0.487148,1830,1.666980e-03,1,M_TILE=8;BM=64;WG=4;REG=112;STG=2;TILES=1;SUBS=2;PREPACK=0;PDL=1;EPI=0;SPLITK=0;PR=32;SPW=0;PLA=0;SISM=1
qwen36,2048,4096,8,8,2,blockk,B2B,8.0185,7.9929,1054.331,0.263583,1830,1.677281e-03,1,M_TILE=8;BM=64;WG=4;REG=112;STG=2;TILES=1;SUBS=2;PREPACK=0;PDL=1;EPI=0;SPLITK=0;PR=32;SPW=0;PLA=0;SISM=1
qwen36,2048,4096,8,8,2,blockk,ISO,12.8640,12.6080,657.194,0.164299,1830,1.677281e-03,1,M_TILE=8;BM=64;WG=4;REG=112;STG=2;TILES=1;SUBS=2;PREPACK=0;PDL=1;EPI=0;SPLITK=0;PR=32;SPW=0;PLA=0;SISM=1
qwen36,2048,4096,8,8,2,blockk,PDL,4.3787,4.3356,1930.758,0.482689,1830,1.677281e-03,1,M_TILE=8;BM=64;WG=4;REG=112;STG=2;TILES=1;SUBS=2;PREPACK=0;PDL=1;EPI=0;SPLITK=0;PR=32;SPW=0;PLA=0;SISM=1
qwen36,2048,4096,16,16,2,blockk,B2B,18.4832,18.4484,460.942,0.115235,1830,1.679316e-03,1,M_TILE=16;BM=32;WG=2;REG=112;STG=2;TILES=2;SUBS=2;PREPACK=0;PDL=1;EPI=0;SPLITK=0;PR=32;SPW=0;PLA=0;SISM=1
qwen36,2048,4096,16,16,2,blockk,ISO,21.9520,21.7600,388.105,0.097026,1830,1.679316e-03,1,M_TILE=16;BM=32;WG=2;REG=112;STG=2;TILES=2;SUBS=2;PREPACK=0;PDL=1;EPI=0;SPLITK=0;PR=32;SPW=0;PLA=0;SISM=1
qwen36,2048,4096,16,16,2,blockk,PDL,15.3305,15.3035,555.734,0.138934,1830,1.679316e-03,1,M_TILE=16;BM=32;WG=2;REG=112;STG=2;TILES=2;SUBS=2;PREPACK=0;PDL=1;EPI=0;SPLITK=0;PR=32;SPW=0;PLA=0;SISM=1
qwen36,2048,4096,32,32,2,blockk,B2B,25.3099,25.2914,341.794,0.085448,1830,1.674518e-03,1,M_TILE=32;BM=32;WG=2;REG=168;STG=2;TILES=2;SUBS=2;PREPACK=0;PDL=1;EPI=0;SPLITK=0;PR=32;SPW=0;PLA=0;SISM=0
qwen36,2048,4096,32,32,2,blockk,ISO,29.2160,28.9600,296.096,0.074024,1830,1.674518e-03,1,M_TILE=32;BM=32;WG=2;REG=168;STG=2;TILES=2;SUBS=2;PREPACK=0;PDL=1;EPI=0;SPLITK=0;PR=32;SPW=0;PLA=0;SISM=0
qwen36,2048,4096,32,32,2,blockk,PDL,20.9739,20.9625,412.454,0.103113,1830,1.674518e-03,1,M_TILE=32;BM=32;WG=2;REG=168;STG=2;TILES=2;SUBS=2;PREPACK=0;PDL=1;EPI=0;SPLITK=0;PR=32;SPW=0;PLA=0;SISM=0
qwen36,2048,4096,64,64,2,blockk,B2B,51.8169,51.7884,172.008,0.043002,1830,1.671829e-03,1,M_TILE=64;BM=32;WG=2;REG=168;STG=2;TILES=2;SUBS=2;PREPACK=0;PDL=1;EPI=0;SPLITK=0;PR=32;SPW=0;PLA=0;SISM=0
qwen36,2048,4096,64,64,2,blockk,ISO,57.4400,57.0240,155.169,0.038792,1830,1.671829e-03,1,M_TILE=64;BM=32;WG=2;REG=168;STG=2;TILES=2;SUBS=2;PREPACK=0;PDL=1;EPI=0;SPLITK=0;PR=32;SPW=0;PLA=0;SISM=0
qwen36,2048,4096,64,64,2,blockk,PDL,42.5095,42.4939,209.668,0.052417,1830,1.671829e-03,1,M_TILE=64;BM=32;WG=2;REG=168;STG=2;TILES=2;SUBS=2;PREPACK=0;PDL=1;EPI=0;SPLITK=0;PR=32;SPW=0;PLA=0;SISM=0
qwen36,2048,4096,128,128,2,blockk,B2B,90.9276,90.8498,103.788,0.025947,1830,1.666996e-03,1,M_TILE=128;BM=32;WG=2;REG=168;STG=2;TILES=2;SUBS=1;PREPACK=0;PDL=1;EPI=0;SPLITK=0;PR=32;SPW=0;PLA=0;SISM=0
qwen36,2048,4096,128,128,2,blockk,ISO,97.6320,97.3120,96.661,0.024165,1830,1.666996e-03,1,M_TILE=128;BM=32;WG=2;REG=168;STG=2;TILES=2;SUBS=1;PREPACK=0;PDL=1;EPI=0;SPLITK=0;PR=32;SPW=0;PLA=0;SISM=0
qwen36,2048,4096,128,128,2,blockk,PDL,82.2432,82.2087,114.747,0.028687,1830,1.666996e-03,1,M_TILE=128;BM=32;WG=2;REG=168;STG=2;TILES=2;SUBS=1;PREPACK=0;PDL=1;EPI=0;SPLITK=0;PR=32;SPW=0;PLA=0;SISM=0
qwen36,2048,4096,1,8,3,prepack,B2B,7.3721,7.3717,1138.999,0.284750,1830,1.653887e-03,1,M_TILE=8;BM=64;WG=4;REG=112;STG=2;TILES=1;SUBS=2;PREPACK=1;PDL=1;EPI=0;SPLITK=0;PR=32;SPW=0;PLA=0;SISM=1
qwen36,2048,4096,1,8,3,prepack,ISO,11.8720,11.6800,707.278,0.176819,1830,1.653887e-03,1,M_TILE=8;BM=64;WG=4;REG=112;STG=2;TILES=1;SUBS=2;PREPACK=1;PDL=1;EPI=0;SPLITK=0;PR=32;SPW=0;PLA=0;SISM=1
qwen36,2048,4096,1,8,3,prepack,PDL,4.0484,4.0220,2074.126,0.518532,1830,1.653887e-03,1,M_TILE=8;BM=64;WG=4;REG=112;STG=2;TILES=1;SUBS=2;PREPACK=1;PDL=1;EPI=0;SPLITK=0;PR=32;SPW=0;PLA=0;SISM=1
qwen36,2048,4096,2,8,3,prepack,B2B,7.8997,7.8969,1063.959,0.265990,1830,1.656351e-03,1,M_TILE=8;BM=64;WG=4;REG=112;STG=2;TILES=1;SUBS=2;PREPACK=1;PDL=1;EPI=0;SPLITK=0;PR=32;SPW=0;PLA=0;SISM=1
qwen36,2048,4096,2,8,3,prepack,ISO,12.8320,12.5440,655.002,0.163751,1830,1.656351e-03,1,M_TILE=8;BM=64;WG=4;REG=112;STG=2;TILES=1;SUBS=2;PREPACK=1;PDL=1;EPI=0;SPLITK=0;PR=32;SPW=0;PLA=0;SISM=1
qwen36,2048,4096,2,8,3,prepack,PDL,4.2834,4.2478,1962.235,0.490559,1830,1.656351e-03,1,M_TILE=8;BM=64;WG=4;REG=112;STG=2;TILES=1;SUBS=2;PREPACK=1;PDL=1;EPI=0;SPLITK=0;PR=32;SPW=0;PLA=0;SISM=1
qwen36,2048,4096,4,8,3,prepack,B2B,7.9797,7.9705,1055.346,0.263836,1830,1.666980e-03,1,M_TILE=8;BM=64;WG=4;REG=112;STG=2;TILES=1;SUBS=2;PREPACK=1;PDL=1;EPI=0;SPLITK=0;PR=32;SPW=0;PLA=0;SISM=1
qwen36,2048,4096,4,8,3,prepack,ISO,12.5760,12.3200,669.639,0.167410,1830,1.666980e-03,1,M_TILE=8;BM=64;WG=4;REG=112;STG=2;TILES=1;SUBS=2;PREPACK=1;PDL=1;EPI=0;SPLITK=0;PR=32;SPW=0;PLA=0;SISM=1
qwen36,2048,4096,4,8,3,prepack,PDL,4.3353,4.3257,1942.518,0.485629,1830,1.666980e-03,1,M_TILE=8;BM=64;WG=4;REG=112;STG=2;TILES=1;SUBS=2;PREPACK=1;PDL=1;EPI=0;SPLITK=0;PR=32;SPW=0;PLA=0;SISM=1
qwen36,2048,4096,8,8,3,prepack,B2B,8.0249,8.0196,1053.491,0.263373,1830,1.677281e-03,1,M_TILE=8;BM=64;WG=4;REG=112;STG=2;TILES=1;SUBS=2;PREPACK=1;PDL=1;EPI=0;SPLITK=0;PR=32;SPW=0;PLA=0;SISM=1
qwen36,2048,4096,8,8,3,prepack,ISO,12.9920,12.5760,650.719,0.162680,1830,1.677281e-03,1,M_TILE=8;BM=64;WG=4;REG=112;STG=2;TILES=1;SUBS=2;PREPACK=1;PDL=1;EPI=0;SPLITK=0;PR=32;SPW=0;PLA=0;SISM=1
qwen36,2048,4096,8,8,3,prepack,PDL,4.3300,4.3179,1952.478,0.488120,1830,1.677281e-03,1,M_TILE=8;BM=64;WG=4;REG=112;STG=2;TILES=1;SUBS=2;PREPACK=1;PDL=1;EPI=0;SPLITK=0;PR=32;SPW=0;PLA=0;SISM=1
qwen36,2048,4096,16,16,3,prepack,B2B,18.5614,18.5255,458.999,0.114750,1830,1.679316e-03,1,M_TILE=16;BM=32;WG=2;REG=112;STG=2;TILES=2;SUBS=2;PREPACK=1;PDL=1;EPI=0;SPLITK=0;PR=32;SPW=0;PLA=0;SISM=1
qwen36,2048,4096,16,16,3,prepack,ISO,22.3360,22.0800,381.433,0.095358,1830,1.679316e-03,1,M_TILE=16;BM=32;WG=2;REG=112;STG=2;TILES=2;SUBS=2;PREPACK=1;PDL=1;EPI=0;SPLITK=0;PR=32;SPW=0;PLA=0;SISM=1
qwen36,2048,4096,16,16,3,prepack,PDL,15.3952,15.3803,553.398,0.138350,1830,1.679316e-03,1,M_TILE=16;BM=32;WG=2;REG=112;STG=2;TILES=2;SUBS=2;PREPACK=1;PDL=1;EPI=0;SPLITK=0;PR=32;SPW=0;PLA=0;SISM=1
qwen36,2048,4096,32,32,3,prepack,B2B,25.1417,25.1374,344.080,0.086020,1830,1.674518e-03,1,M_TILE=32;BM=32;WG=2;REG=168;STG=2;TILES=2;SUBS=2;PREPACK=1;PDL=1;EPI=0;SPLITK=0;PR=32;SPW=0;PLA=0;SISM=0
qwen36,2048,4096,32,32,3,prepack,ISO,28.9920,28.7040,298.384,0.074596,1830,1.674518e-03,1,M_TILE=32;BM=32;WG=2;REG=168;STG=2;TILES=2;SUBS=2;PREPACK=1;PDL=1;EPI=0;SPLITK=0;PR=32;SPW=0;PLA=0;SISM=0
qwen36,2048,4096,32,32,3,prepack,PDL,20.7644,20.6770,416.614,0.104153,1830,1.674518e-03,1,M_TILE=32;BM=32;WG=2;REG=168;STG=2;TILES=2;SUBS=2;PREPACK=1;PDL=1;EPI=0;SPLITK=0;PR=32;SPW=0;PLA=0;SISM=0
qwen36,2048,4096,64,64,3,prepack,B2B,51.7575,51.7572,172.205,0.043051,1830,1.671829e-03,1,M_TILE=64;BM=32;WG=2;REG=168;STG=2;TILES=2;SUBS=2;PREPACK=1;PDL=1;EPI=0;SPLITK=0;PR=32;SPW=0;PLA=0;SISM=0
qwen36,2048,4096,64,64,3,prepack,ISO,57.3440,57.0560,155.429,0.038857,1830,1.671829e-03,1,M_TILE=64;BM=32;WG=2;REG=168;STG=2;TILES=2;SUBS=2;PREPACK=1;PDL=1;EPI=0;SPLITK=0;PR=32;SPW=0;PLA=0;SISM=0
qwen36,2048,4096,64,64,3,prepack,PDL,42.2987,42.2905,210.713,0.052678,1830,1.671829e-03,1,M_TILE=64;BM=32;WG=2;REG=168;STG=2;TILES=2;SUBS=2;PREPACK=1;PDL=1;EPI=0;SPLITK=0;PR=32;SPW=0;PLA=0;SISM=0
qwen36,2048,4096,128,128,3,prepack,B2B,88.6414,88.5988,106.465,0.026616,1830,1.666996e-03,1,M_TILE=128;BM=32;WG=2;REG=168;STG=2;TILES=2;SUBS=1;PREPACK=1;PDL=1;EPI=0;SPLITK=0;PR=32;SPW=0;PLA=0;SISM=0
qwen36,2048,4096,128,128,3,prepack,ISO,94.8800,94.4000,99.464,0.024866,1830,1.666996e-03,1,M_TILE=128;BM=32;WG=2;REG=168;STG=2;TILES=2;SUBS=1;PREPACK=1;PDL=1;EPI=0;SPLITK=0;PR=32;SPW=0;PLA=0;SISM=0
qwen36,2048,4096,128,128,3,prepack,PDL,79.3973,79.0453,118.860,0.029715,1830,1.666996e-03,1,M_TILE=128;BM=32;WG=2;REG=168;STG=2;TILES=2;SUBS=1;PREPACK=1;PDL=1;EPI=0;SPLITK=0;PR=32;SPW=0;PLA=0;SISM=0
qwen36,2048,4096,1,8,4,tile_stage,B2B,7.2206,7.1794,1162.892,0.290723,1830,1.653887e-03,1,M_TILE=8;BM=56;WG=4;REG=96;STG=3;TILES=1;SUBS=2;PREPACK=1;PDL=1;EPI=0;SPLITK=0;PR=32;SPW=0;PLA=0;SISM=1
qwen36,2048,4096,1,8,4,tile_stage,ISO,11.8400,11.4560,709.189,0.177297,1830,1.653887e-03,1,M_TILE=8;BM=56;WG=4;REG=96;STG=3;TILES=1;SUBS=2;PREPACK=1;PDL=1;EPI=0;SPLITK=0;PR=32;SPW=0;PLA=0;SISM=1
qwen36,2048,4096,1,8,4,tile_stage,PDL,3.6747,3.6622,2285.051,0.571263,1830,1.653887e-03,1,M_TILE=8;BM=56;WG=4;REG=96;STG=3;TILES=1;SUBS=2;PREPACK=1;PDL=1;EPI=0;SPLITK=0;PR=32;SPW=0;PLA=0;SISM=1
qwen36,2048,4096,2,8,4,tile_stage,B2B,7.8560,7.8364,1069.882,0.267470,1830,1.656351e-03,1,M_TILE=8;BM=56;WG=4;REG=96;STG=3;TILES=1;SUBS=2;PREPACK=1;PDL=1;EPI=0;SPLITK=0;PR=32;SPW=0;PLA=0;SISM=1
qwen36,2048,4096,2,8,4,tile_stage,ISO,12.3520,12.0000,680.456,0.170114,1830,1.656351e-03,1,M_TILE=8;BM=56;WG=4;REG=96;STG=3;TILES=1;SUBS=2;PREPACK=1;PDL=1;EPI=0;SPLITK=0;PR=32;SPW=0;PLA=0;SISM=1
qwen36,2048,4096,2,8,4,tile_stage,PDL,3.8212,3.7796,2199.594,0.549899,1830,1.656351e-03,1,M_TILE=8;BM=56;WG=4;REG=96;STG=3;TILES=1;SUBS=2;PREPACK=1;PDL=1;EPI=0;SPLITK=0;PR=32;SPW=0;PLA=0;SISM=1
qwen36,2048,4096,4,8,4,tile_stage,B2B,8.0103,7.9840,1051.317,0.262829,1830,1.666980e-03,1,M_TILE=8;BM=56;WG=4;REG=96;STG=3;TILES=1;SUBS=2;PREPACK=1;PDL=1;EPI=0;SPLITK=0;PR=32;SPW=0;PLA=0;SISM=1
qwen36,2048,4096,4,8,4,tile_stage,ISO,12.2560,12.0000,687.123,0.171781,1830,1.666980e-03,1,M_TILE=8;BM=56;WG=4;REG=96;STG=3;TILES=1;SUBS=2;PREPACK=1;PDL=1;EPI=0;SPLITK=0;PR=32;SPW=0;PLA=0;SISM=1
qwen36,2048,4096,4,8,4,tile_stage,PDL,3.8738,3.8318,2173.944,0.543486,1830,1.666980e-03,1,M_TILE=8;BM=56;WG=4;REG=96;STG=3;TILES=1;SUBS=2;PREPACK=1;PDL=1;EPI=0;SPLITK=0;PR=32;SPW=0;PLA=0;SISM=1
qwen36,2048,4096,8,8,4,tile_stage,B2B,8.0185,8.0075,1054.331,0.263583,1830,1.677281e-03,1,M_TILE=8;BM=56;WG=4;REG=96;STG=3;TILES=1;SUBS=2;PREPACK=1;PDL=1;EPI=0;SPLITK=0;PR=32;SPW=0;PLA=0;SISM=1
qwen36,2048,4096,8,8,4,tile_stage,ISO,12.7040,12.3840,665.471,0.166368,1830,1.677281e-03,1,M_TILE=8;BM=56;WG=4;REG=96;STG=3;TILES=1;SUBS=2;PREPACK=1;PDL=1;EPI=0;SPLITK=0;PR=32;SPW=0;PLA=0;SISM=1
qwen36,2048,4096,8,8,4,tile_stage,PDL,3.8716,3.8492,2183.605,0.545901,1830,1.677281e-03,1,M_TILE=8;BM=56;WG=4;REG=96;STG=3;TILES=1;SUBS=2;PREPACK=1;PDL=1;EPI=0;SPLITK=0;PR=32;SPW=0;PLA=0;SISM=1
qwen36,2048,4096,16,16,4,tile_stage,B2B,11.1598,11.1584,763.424,0.190856,1830,1.679316e-03,1,M_TILE=16;BM=64;WG=1;REG=232;STG=4;TILES=1;SUBS=2;PREPACK=1;PDL=1;EPI=0;SPLITK=0;PR=32;SPW=0;PLA=0;SISM=1
qwen36,2048,4096,16,16,4,tile_stage,ISO,15.2320,14.9760,559.328,0.139832,1830,1.679316e-03,1,M_TILE=16;BM=64;WG=1;REG=232;STG=4;TILES=1;SUBS=2;PREPACK=1;PDL=1;EPI=0;SPLITK=0;PR=32;SPW=0;PLA=0;SISM=1
qwen36,2048,4096,16,16,4,tile_stage,PDL,6.7388,6.7214,1264.264,0.316066,1830,1.679316e-03,1,M_TILE=16;BM=64;WG=1;REG=232;STG=4;TILES=1;SUBS=2;PREPACK=1;PDL=1;EPI=0;SPLITK=0;PR=32;SPW=0;PLA=0;SISM=1
qwen36,2048,4096,32,32,4,tile_stage,B2B,14.9657,14.9337,578.039,0.144510,1830,1.674518e-03,1,M_TILE=32;BM=56;WG=1;REG=80;STG=4;TILES=1;SUBS=2;PREPACK=1;PDL=1;EPI=0;SPLITK=0;PR=32;SPW=0;PLA=0;SISM=0
qwen36,2048,4096,32,32,4,tile_stage,ISO,19.5520,19.2960,442.448,0.110612,1830,1.674518e-03,1,M_TILE=32;BM=56;WG=1;REG=80;STG=4;TILES=1;SUBS=2;PREPACK=1;PDL=1;EPI=0;SPLITK=0;PR=32;SPW=0;PLA=0;SISM=0
qwen36,2048,4096,32,32,4,tile_stage,PDL,8.6766,8.6756,997.018,0.249255,1830,1.674518e-03,1,M_TILE=32;BM=56;WG=1;REG=80;STG=4;TILES=1;SUBS=2;PREPACK=1;PDL=1;EPI=0;SPLITK=0;PR=32;SPW=0;PLA=0;SISM=0
qwen36,2048,4096,64,64,4,tile_stage,B2B,37.3358,37.3273,238.722,0.059681,1830,1.671829e-03,1,M_TILE=64;BM=64;WG=1;REG=232;STG=4;TILES=1;SUBS=2;PREPACK=1;PDL=1;EPI=0;SPLITK=0;PR=32;SPW=0;PLA=0;SISM=0
qwen36,2048,4096,64,64,4,tile_stage,ISO,43.9360,43.6800,202.861,0.050715,1830,1.671829e-03,1,M_TILE=64;BM=64;WG=1;REG=232;STG=4;TILES=1;SUBS=2;PREPACK=1;PDL=1;EPI=0;SPLITK=0;PR=32;SPW=0;PLA=0;SISM=0
qwen36,2048,4096,64,64,4,tile_stage,PDL,22.2322,22.2290,400.901,0.100225,1830,1.671829e-03,1,M_TILE=64;BM=64;WG=1;REG=232;STG=4;TILES=1;SUBS=2;PREPACK=1;PDL=1;EPI=0;SPLITK=0;PR=32;SPW=0;PLA=0;SISM=0
qwen36,2048,4096,128,128,4,tile_stage,B2B,57.8524,57.8514,163.125,0.040781,1830,1.666996e-03,1,M_TILE=128;BM=64;WG=1;REG=232;STG=2;TILES=1;SUBS=1;PREPACK=1;PDL=1;EPI=0;SPLITK=0;PR=32;SPW=0;PLA=0;SISM=0
qwen36,2048,4096,128,128,4,tile_stage,ISO,64.8320,64.6400,145.564,0.036391,1830,1.666996e-03,1,M_TILE=128;BM=64;WG=1;REG=232;STG=2;TILES=1;SUBS=1;PREPACK=1;PDL=1;EPI=0;SPLITK=0;PR=32;SPW=0;PLA=0;SISM=0
qwen36,2048,4096,128,128,4,tile_stage,PDL,50.6318,50.4953,186.388,0.046597,1830,1.666996e-03,1,M_TILE=128;BM=64;WG=1;REG=232;STG=2;TILES=1;SUBS=1;PREPACK=1;PDL=1;EPI=0;SPLITK=0;PR=32;SPW=0;PLA=0;SISM=0
qwen36,2048,4096,1,8,5,splitk,B2B,7.1637,7.1588,1172.126,0.293032,1830,1.653887e-03,1,M_TILE=8;BM=56;WG=4;REG=96;STG=3;TILES=1;SUBS=2;PREPACK=1;PDL=1;EPI=1;SPLITK=0;SK=1;PR=32;SPW=0;PLA=0;SISM=1
qwen36,2048,4096,1,8,5,splitk,ISO,11.3280,11.1680,741.243,0.185311,1830,1.653887e-03,1,M_TILE=8;BM=56;WG=4;REG=96;STG=3;TILES=1;SUBS=2;PREPACK=1;PDL=1;EPI=1;SPLITK=0;SK=1;PR=32;SPW=0;PLA=0;SISM=1
qwen36,2048,4096,1,8,5,splitk,PDL,3.6604,3.6526,2293.929,0.573482,1830,1.653887e-03,1,M_TILE=8;BM=56;WG=4;REG=96;STG=3;TILES=1;SUBS=2;PREPACK=1;PDL=1;EPI=1;SPLITK=0;SK=1;PR=32;SPW=0;PLA=0;SISM=1
qwen36,2048,4096,2,8,5,splitk,B2B,7.8777,7.8176,1066.936,0.266734,1830,1.656351e-03,1,M_TILE=8;BM=56;WG=4;REG=96;STG=3;TILES=1;SUBS=2;PREPACK=1;PDL=1;EPI=1;SPLITK=0;SK=1;PR=32;SPW=0;PLA=0;SISM=1
qwen36,2048,4096,2,8,5,splitk,ISO,11.8080,11.6800,711.805,0.177951,1830,1.656351e-03,1,M_TILE=8;BM=56;WG=4;REG=96;STG=3;TILES=1;SUBS=2;PREPACK=1;PDL=1;EPI=1;SPLITK=0;SK=1;PR=32;SPW=0;PLA=0;SISM=1
qwen36,2048,4096,2,8,5,splitk,PDL,3.8290,3.7941,2195.101,0.548775,1830,1.656351e-03,1,M_TILE=8;BM=56;WG=4;REG=96;STG=3;TILES=1;SUBS=2;PREPACK=1;PDL=1;EPI=1;SPLITK=0;SK=1;PR=32;SPW=0;PLA=0;SISM=1
qwen36,2048,4096,4,8,5,splitk,B2B,7.9428,7.8937,1060.259,0.265065,1830,1.666980e-03,1,M_TILE=8;BM=56;WG=4;REG=96;STG=3;TILES=1;SUBS=2;PREPACK=1;PDL=1;EPI=1;SPLITK=0;SK=1;PR=32;SPW=0;PLA=0;SISM=1
qwen36,2048,4096,4,8,5,splitk,ISO,11.9360,11.8080,705.544,0.176386,1830,1.666980e-03,1,M_TILE=8;BM=56;WG=4;REG=96;STG=3;TILES=1;SUBS=2;PREPACK=1;PDL=1;EPI=1;SPLITK=0;SK=1;PR=32;SPW=0;PLA=0;SISM=1
qwen36,2048,4096,4,8,5,splitk,PDL,3.8539,3.8361,2185.176,0.546294,1830,1.666980e-03,1,M_TILE=8;BM=56;WG=4;REG=96;STG=3;TILES=1;SUBS=2;PREPACK=1;PDL=1;EPI=1;SPLITK=0;SK=1;PR=32;SPW=0;PLA=0;SISM=1
qwen36,2048,4096,8,8,5,splitk,B2B,8.0167,7.9726,1054.565,0.263641,1830,1.677281e-03,1,M_TILE=8;BM=56;WG=4;REG=96;STG=3;TILES=1;SUBS=2;PREPACK=1;PDL=1;EPI=1;SPLITK=0;SK=1;PR=32;SPW=0;PLA=0;SISM=1
qwen36,2048,4096,8,8,5,splitk,ISO,11.9360,11.8080,708.290,0.177072,1830,1.677281e-03,1,M_TILE=8;BM=56;WG=4;REG=96;STG=3;TILES=1;SUBS=2;PREPACK=1;PDL=1;EPI=1;SPLITK=0;SK=1;PR=32;SPW=0;PLA=0;SISM=1
qwen36,2048,4096,8,8,5,splitk,PDL,3.8727,3.8251,2183.004,0.545751,1830,1.677281e-03,1,M_TILE=8;BM=56;WG=4;REG=96;STG=3;TILES=1;SUBS=2;PREPACK=1;PDL=1;EPI=1;SPLITK=0;SK=1;PR=32;SPW=0;PLA=0;SISM=1
qwen36,2048,4096,16,16,5,splitk,B2B,11.1424,11.1211,764.618,0.191155,1830,1.679316e-03,1,M_TILE=16;BM=64;WG=1;REG=232;STG=4;TILES=1;SUBS=2;PREPACK=1;PDL=1;EPI=1;SPLITK=0;SK=1;PR=32;SPW=0;PLA=0;SISM=1
qwen36,2048,4096,16,16,5,splitk,ISO,14.8800,14.7200,572.559,0.143140,1830,1.679316e-03,1,M_TILE=16;BM=64;WG=1;REG=232;STG=4;TILES=1;SUBS=2;PREPACK=1;PDL=1;EPI=1;SPLITK=0;SK=1;PR=32;SPW=0;PLA=0;SISM=1
qwen36,2048,4096,16,16,5,splitk,PDL,6.7207,6.6613,1267.675,0.316919,1830,1.679316e-03,1,M_TILE=16;BM=64;WG=1;REG=232;STG=4;TILES=1;SUBS=2;PREPACK=1;PDL=1;EPI=1;SPLITK=0;SK=1;PR=32;SPW=0;PLA=0;SISM=1
qwen36,2048,4096,32,32,5,splitk,B2B,14.9227,14.9028,579.706,0.144926,1830,1.674518e-03,1,M_TILE=32;BM=56;WG=1;REG=80;STG=4;TILES=1;SUBS=2;PREPACK=1;PDL=1;EPI=1;SPLITK=0;SK=1;PR=32;SPW=0;PLA=0;SISM=0
qwen36,2048,4096,32,32,5,splitk,ISO,19.0720,18.9120,453.584,0.113396,1830,1.674518e-03,1,M_TILE=32;BM=56;WG=1;REG=80;STG=4;TILES=1;SUBS=2;PREPACK=1;PDL=1;EPI=1;SPLITK=0;SK=1;PR=32;SPW=0;PLA=0;SISM=0
qwen36,2048,4096,32,32,5,splitk,PDL,8.6428,8.6379,1000.915,0.250229,1830,1.674518e-03,1,M_TILE=32;BM=56;WG=1;REG=80;STG=4;TILES=1;SUBS=2;PREPACK=1;PDL=1;EPI=1;SPLITK=0;SK=1;PR=32;SPW=0;PLA=0;SISM=0
qwen36,2048,4096,64,64,5,splitk,B2B,37.4610,37.4592,237.925,0.059481,1830,1.671829e-03,1,M_TILE=64;BM=64;WG=1;REG=232;STG=4;TILES=1;SUBS=2;PREPACK=1;PDL=1;EPI=1;SPLITK=0;SK=1;PR=32;SPW=0;PLA=0;SISM=0
qwen36,2048,4096,64,64,5,splitk,ISO,43.5520,43.3920,204.650,0.051162,1830,1.671829e-03,1,M_TILE=64;BM=64;WG=1;REG=232;STG=4;TILES=1;SUBS=2;PREPACK=1;PDL=1;EPI=1;SPLITK=0;SK=1;PR=32;SPW=0;PLA=0;SISM=0
qwen36,2048,4096,64,64,5,splitk,PDL,22.3495,22.3332,398.796,0.099699,1830,1.671829e-03,1,M_TILE=64;BM=64;WG=1;REG=232;STG=4;TILES=1;SUBS=2;PREPACK=1;PDL=1;EPI=1;SPLITK=0;SK=1;PR=32;SPW=0;PLA=0;SISM=0
qwen36,2048,4096,128,128,5,splitk,B2B,50.2990,50.2233,187.622,0.046905,1830,1.666999e-03,1,M_TILE=128;BM=64;WG=1;REG=232;STG=2;TILES=1;SUBS=1;PREPACK=1;PDL=1;EPI=1;SPLITK=1;PR=32;SPW=0;PLA=0;SISM=0
qwen36,2048,4096,128,128,5,splitk,ISO,56.5760,56.3840,166.805,0.041701,1830,1.666999e-03,1,M_TILE=128;BM=64;WG=1;REG=232;STG=2;TILES=1;SUBS=1;PREPACK=1;PDL=1;EPI=1;SPLITK=1;PR=32;SPW=0;PLA=0;SISM=0
qwen36,2048,4096,128,128,5,splitk,PDL,39.5602,39.5314,238.553,0.059638,1830,1.666999e-03,1,M_TILE=128;BM=64;WG=1;REG=232;STG=2;TILES=1;SUBS=1;PREPACK=1;PDL=1;EPI=1;SPLITK=1;PR=32;SPW=0;PLA=0;SISM=0
